{"train_acc": [0.6976700741272118, 0.7856737207077953, 0.8005664155906265, 0.8065444165471066, 0.8127167025346724, 0.8157057030129125, 0.8185377809660449, 0.8206749163079866, 0.819172943567671, 0.8213848039215687, 0.8232678742228599, 0.8234845767575323, 0.8249342419894787, 0.82588324964132, 0.8270265423242468, 0.8283715925394548, 0.8289918101386896, 0.8305012553802008, 0.8305087278813965, 0.8319658656145384, 0.8322348756575801, 0.8308972979435677, 0.8333632233381157, 0.8339161884265901, 0.8337816834050693, 0.8338713534194165, 0.8342524509803921, 0.8353882711621234, 0.8353658536585366, 0.8359487087517934, 0.8366735413677666, 0.835732006217121, 0.8368678263988523, 0.8380185915829746, 0.8355975011956002, 0.8368080463892874, 0.8383847441415591, 0.8373834289813487, 0.8375702415112386, 0.8371592539454806, 0.8372115614538498, 0.8379065040650406, 0.8382502391200383, 0.8392440817790531, 0.8378018890483022, 0.8386537541846006, 0.8388106767097083, 0.8396326518412243, 0.8390647417503587, 0.8395280368244858], "train_auc": [0.7792589075421602, 0.8616722128412135, 0.8758781419580393, 0.8849074223884441, 0.8911036948234229, 0.8953402038693448, 0.8982548612694239, 0.899713478940183, 0.9005512532880078, 0.9019035974336107, 0.9035388068848889, 0.904115079650716, 0.9053693324768225, 0.9068388943376323, 0.9084090816821713, 0.9087225676922841, 0.909632724524789, 0.9102655682745675, 0.9111516647297844, 0.912383615972561, 0.9123587540926864, 0.9127957628525663, 0.9137181842269515, 0.9139691777158192, 0.9141979192057447, 0.9147899832588455, 0.9149468133157713, 0.9152852731056599, 0.9157513384282425, 0.91604199049292, 0.9163264165900333, 0.9167493121144533, 0.9175403127502268, 0.9176577237775387, 0.9174756556024475, 0.9173680014201253, 0.9179370908153405, 0.9179790497046907, 0.9181378359997119, 0.9183306107171592, 0.9182202097384566, 0.9187578806119734, 0.9183318872917821, 0.9190754824612715, 0.9188771482618998, 0.9189341343475808, 0.9193375250044685, 0.9194721303115296, 0.919985250771065, 0.9191467533175903], "train_aupr": [0.7954124541725761, 0.8797989151431922, 0.893065468623177, 0.9005830624985165, 0.9057617358811424, 0.9093560025260181, 0.9112811981887132, 0.9132826583036804, 0.9135764703300818, 0.9149596548856462, 0.9164880857395008, 0.9164705302170103, 0.9178126181570677, 0.9185605531598493, 0.9198840021376335, 0.9201617701341174, 0.9207241632953006, 0.9214888229551016, 0.9221950674198979, 0.9231762640237537, 0.923255455908204, 0.9233345012610004, 0.9240946040068271, 0.9245400575700449, 0.9247642134934959, 0.9251282749956269, 0.9253651954908413, 0.9257893752991063, 0.9260365519210678, 0.9263432742125997, 0.9268290454611237, 0.9267703253882627, 0.9271992121165921, 0.9273768953804342, 0.9275621615593829, 0.9274858764025107, 0.9277227717374456, 0.9275968623668305, 0.9279892513255593, 0.9283944823781006, 0.9279101397559475, 0.9284168029115114, 0.9282959680033374, 0.9287662790824388, 0.9288990219132487, 0.928714273532709, 0.9289718829539293, 0.9291610647151296, 0.9295966343856397, 0.9289288567461029], "train_loss": [90.98450309505427, 71.05572170965074, 65.97124997242915, 62.028770330075325, 59.7407040641595, 58.358328018771985, 57.26526653880599, 56.597828292481985, 56.273941191386996, 55.58265321158998, 55.01181135305255, 54.86038817046477, 54.29788487180925, 53.88218405233059, 53.330342819768205, 53.155981740349795, 52.80791201144742, 52.531635793171695, 52.11033278076872, 51.71237353111544, 51.69984754412854, 51.51078697737043, 51.12651918495134, 50.95531262129716, 50.789295464583155, 50.678603867043954, 50.519305974985855, 50.39319271430459, 50.24927386726978, 50.131586727631024, 49.98427504289675, 49.91022441309679, 49.673381256555736, 49.574991662005395, 49.57988589671556, 49.5002868462703, 49.360169252063756, 49.399781517043394, 49.22408200222037, 49.23758662134466, 49.12998729727692, 49.09908273525493, 49.06843311426516, 48.998659697363074, 48.90528582067836, 48.918865415379834, 48.87289418864204, 48.773726922832076, 48.64751677576944, 48.8917082700857], "eval_acc": [0.7897238163558106, 0.8010222381635581, 0.8097874820659972, 0.8042055236728838, 0.8166248206599713, 0.8227672166427547, 0.8247623744619799, 0.824538199426112, 0.8272731348637016, 0.8284164275466284, 0.8261970946915351, 0.8311065279770444, 0.8265333572453372, 0.8304115853658537, 0.8324739956958394, 0.8308151004304161, 0.832855093256815, 0.8341328909612625, 0.8354779411764706, 0.8342449784791965, 0.8346036585365854, 0.833191355810617, 0.8394906743185079, 0.8359038737446198, 0.8362401362984218, 0.8332361908177905, 0.837338593974175, 0.8384370516499282, 0.8402977044476327, 0.8361728837876614, 0.8394234218077475, 0.8380335365853658, 0.8359038737446198, 0.8383249641319943, 0.8409029770444764, 0.8415755021520803, 0.8400959469153515, 0.8390647417503587, 0.8396475968436155, 0.8395130918220947, 0.8393561692969871, 0.8421135222381636, 0.8442880200860832, 0.8394682568149211, 0.838683644189383, 0.8395579268292683, 0.8409478120516499, 0.8410598995695839, 0.8404546269727403, 0.8410598995695839], "eval_auc": [0.8697684176195016, 0.8785746359825184, 0.8897558815070583, 0.8918381956132065, 0.8977626189639344, 0.9045339252251142, 0.9048391224901402, 0.9057331129138458, 0.9079167239031312, 0.9092539635722321, 0.9076825321509457, 0.9118471724243093, 0.9082207220970587, 0.9099582716021111, 0.9129686617129881, 0.9121629974997247, 0.9139098099043941, 0.914712243761823, 0.9148105665868043, 0.9161364085473921, 0.915854038862238, 0.9173208545967269, 0.9184825172901028, 0.9161542569166844, 0.9190191493483679, 0.918065213410453, 0.917163889857884, 0.9183288793956318, 0.919722998052604, 0.9174481692120129, 0.9195040916929287, 0.9189649268105495, 0.9174620977344619, 0.9195961729156288, 0.9197920526878233, 0.9208624321991128, 0.920724431478279, 0.9191168620843659, 0.9202964575745046, 0.9198550838250603, 0.9191859388315418, 0.9216039234941099, 0.9225516871808803, 0.920339677403761, 0.9195956713762508, 0.9209128082615801, 0.9208774984822353, 0.9212841856074738, 0.9231904101425406, 0.9210886053517817], "eval_aupr": [0.8884085973243437, 0.8955918821200434, 0.9055996435587585, 0.9084829504926686, 0.9129454886069448, 0.918050798743484, 0.9177635631155179, 0.9190373779543781, 0.9208599993365362, 0.9213714056879485, 0.9199441141887628, 0.9232547940382916, 0.9207033861346474, 0.922303191705989, 0.9242002728976765, 0.9235508117257876, 0.9249477215921236, 0.9260056274848916, 0.9250483734372783, 0.9263477879604487, 0.9256802710984244, 0.9276593986958024, 0.928767570763978, 0.9238935540982092, 0.9291546482848821, 0.9284623810378819, 0.9273708650380635, 0.9290636513953487, 0.9302632567537734, 0.9282762332471592, 0.9295112553411915, 0.9295734885627707, 0.9280990708149288, 0.9299728113130331, 0.9300764185871768, 0.930937167681188, 0.9305444190759473, 0.9280688259883578, 0.9305143218383969, 0.9298238930851517, 0.9288792623873814, 0.9313042485240183, 0.9324071492706877, 0.9301779862891989, 0.9302777516030459, 0.9308642332949472, 0.9308779935001352, 0.9309039652342933, 0.9325234969300034, 0.9310953193078506],