{"model_name": "tiger", "dataset": "drugbank", "folds": 5, "layer": 2, "lr": 0.001, "weight_decay": 0.0001, "batch_size": 128, "model_episodes": 50, "extractor": "randomWalk", "graph_fixed_num": 1, "khop": 2, "fixed_num": 32, "d_dim": 64, "num_heads": 4, "max_smiles_degree": 300, "max_graph_degree": 600, "dropout": 0.2, "sub_coeff": 0.1, "mi_coeff": 0.1, "s_type": "random", "device": 0, "acc": [0.7964238765008734, 0.006070470205260835], "auc": [0.8668069271291806, 0.004466238318355043], "aupr": [0.8408772349477985, 0.006192044563306172], "f1": [0.8115425433748624, 0.007805263343063004]}