{"model_name": "tiger", "dataset": "kegg", "folds": 5, "layer": 2, "lr": 0.001, "weight_decay": 0.0001, "batch_size": 128, "model_episodes": 50, "extractor": "probability", "graph_fixed_num": 1, "khop": 2, "fixed_num": 32, "d_dim": 64, "num_heads": 4, "max_smiles_degree": 300, "max_graph_degree": 600, "dropout": 0.2, "sub_coeff": 0.1, "mi_coeff": 0.1, "s_type": "random", "device": 0, "acc": [0.8875587442479933, 0.0049433488361296], "auc": [0.9469310966651043, 0.0018387750742398055], "aupr": [0.930975011880421, 0.003640009642212154], "f1": [0.8921577671794385, 0.005350128343134959]}