{"model_name": "tiger", "dataset": "kegg", "folds": 5, "layer": 2, "lr": 0.001, "weight_decay": 0.0001, "batch_size": 128, "model_episodes": 50, "extractor": "randomWalk", "graph_fixed_num": 1, "khop": 2, "fixed_num": 32, "d_dim": 64, "num_heads": 4, "max_smiles_degree": 300, "max_graph_degree": 600, "dropout": 0.2, "sub_coeff": 0.1, "mi_coeff": 0.1, "s_type": "random", "device": 0, "acc": [0.8783426072744801, 0.002379858286681211], "auc": [0.940016546677314, 0.002670367746045114], "aupr": [0.9224631942908423, 0.004913451779691534], "f1": [0.8828114184808078, 0.0024964135787169193]}