{"model_name": "tiger", "dataset": "ogbl-biokg", "folds": 5, "layer": 2, "lr": 0.001, "weight_decay": 0.0001, "batch_size": 128, "model_episodes": 50, "extractor": "probability", "graph_fixed_num": 1, "khop": 2, "fixed_num": 32, "d_dim": 64, "num_heads": 4, "max_smiles_degree": 300, "max_graph_degree": 600, "dropout": 0.2, "sub_coeff": 0.1, "mi_coeff": 0.1, "s_type": "random", "device": 0, "acc": [0.8428174318507891, 0.00285133021255872], "auc": [0.9234096321001413, 0.0019672032383782085], "aupr": [0.9333008215732338, 0.0021434373609645887], "f1": [0.8363093897564312, 0.00336646973068458]}