{"model_name": "tiger", "dataset": "ogbl-biokg", "folds": 5, "layer": 2, "lr": 0.001, "weight_decay": 0.0001, "batch_size": 128, "model_episodes": 50, "extractor": "randomWalk", "graph_fixed_num": 1, "khop": 2, "fixed_num": 32, "d_dim": 64, "num_heads": 4, "max_smiles_degree": 300, "max_graph_degree": 600, "dropout": 0.2, "sub_coeff": 0.1, "mi_coeff": 0.1, "s_type": "random", "device": 0, "acc": [0.8419745337159255, 0.0017381532513900992], "auc": [0.9223374020191063, 0.001301483863636228], "aupr": [0.9322313590161146, 0.0013396786482901852], "f1": [0.8357452590062453, 0.0025210120429480774]}