{"train_acc": [0.5799721835883171, 0.7250408175606217, 0.7826691661123542, 0.8046804136179476, 0.8175606216363307, 0.8220354356896656, 0.8333434117433633, 0.8373949325754368, 0.8344923504867872, 0.8425953921509343, 0.8473725585051702, 0.8456189151599444, 0.8534800749833706, 0.8533591340630102, 0.856564068452561, 0.8557779524702183, 0.8594666505412106, 0.8630948781520227, 0.8674487512849973, 0.8714398016568906, 0.8715002721170708, 0.8752494406482433, 0.8758541452500453, 0.8786357864183346, 0.8785148454979742, 0.8798451956219386, 0.8827477777105884, 0.8849247142770756, 0.8848642438168954, 0.8867992985426619, 0.8906694079941948, 0.8944185765253674, 0.8935719900828445, 0.8950837515873495, 0.8951442220475297, 0.9004656225433876, 0.8978049222954587, 0.8988329201185221, 0.9005260930035678, 0.9038519683134789, 0.9011912680655499, 0.9021587954284332, 0.9083267823668139, 0.90421479107456, 0.9046985547560017, 0.9072987845437503, 0.9086291346677148, 0.9120154804378061, 0.9061498458003265, 0.9112293644554635], "train_auc": [0.6231494066411585, 0.7967609573661811, 0.8514225763160325, 0.878043284590503, 0.888502933065013, 0.8940210058870754, 0.9012837454301769, 0.9047015981377976, 0.9038996667918324, 0.9103584711296231, 0.9148378719821146, 0.9136771839931365, 0.9217369768742345, 0.920740203117034, 0.9235736309779221, 0.9227837447280948, 0.9269965006472612, 0.9296796463706041, 0.9335563755549521, 0.9348526897175045, 0.9348138850544155, 0.9373028538818529, 0.9408856227509239, 0.9423624232083069, 0.9425662902999519, 0.9439682970729377, 0.9465989402187617, 0.9488665630354473, 0.948357707088771, 0.9500119222317692, 0.9503414254536825, 0.953392250113474, 0.955132258227203, 0.9554121037667993, 0.9564681083883717, 0.9574431834204713, 0.9577741566267952, 0.9572906560828569, 0.9600784120400528, 0.9598023986986207, 0.9610076542746445, 0.9611152849242262, 0.9645192788236006, 0.9623816289568616, 0.9646904186503897, 0.96662914525365, 0.9656131008052998, 0.966920019333001, 0.965487618255492, 0.96555205622882], "train_aupr": [0.6226090297419551, 0.7779609850359492, 0.8256792644250394, 0.8466516607478064, 0.8597806622508017, 0.8644903859553482, 0.8716844864120555, 0.8773788678883482, 0.8728596300898604, 0.8828186303827055, 0.8876267314129478, 0.8856662004042833, 0.8976848405432553, 0.895483010662725, 0.9020854494428873, 0.896391419226092, 0.9050899025483676, 0.90760520405082, 0.9143744978965169, 0.9149272463415399, 0.9159295555865891, 0.9169565738603846, 0.9224593840107618, 0.9260119632074764, 0.9248976167918476, 0.9279472131090539, 0.932525468154269, 0.9348498296300634, 0.9342946861514391, 0.9371110989725153, 0.9358369695113153, 0.9417750006778524, 0.9442700973355932, 0.9438738683828654, 0.9454103626026764, 0.9461330083602533, 0.9475425573497306, 0.947371986112787, 0.9505391078893766, 0.9497837486869687, 0.9531075788537835, 0.9507650454281212, 0.9570277666898797, 0.953853664838321, 0.9578486554601582, 0.9601146010331596, 0.9580061850228765, 0.9596673507834523, 0.9593873301063255, 0.95755535010075], "train_loss": [120.36253516261394, 94.92028484619581, 83.45053345698577, 74.52050207096796, 71.06543072324533, 68.22214254484727, 64.38008787150567, 62.96661008183773, 62.868404116997354, 59.67964170529292, 58.84353970312155, 58.10780791984155, 55.8477887910146, 55.572590287602864, 54.60203736241047, 55.44475181286152, 54.218835473977606, 52.745807670629944, 51.108249861918964, 50.895042788065396, 50.14672146302003, 49.67751890535538, 48.024586123228076, 47.291292113524214, 47.08257684730567, 46.303428597404405, 45.852039791070496, 44.16159677941066, 44.466777220597635, 43.47697260012993, 43.09729530627911, 41.50443782898096, 41.48316900134087, 40.57080253144869, 40.36925173355983, 39.50450902374891, 39.748898126070316, 39.70570316291772, 38.203782469492694, 38.46890474787125, 38.30711514995648, 38.13932736011652, 36.76150200687922, 37.29945398557645, 37.374051978496404, 36.040102209036164, 36.18846600227631, 35.53207125617907, 36.20865439050473, 35.65350722922729], "eval_acc": [0.6865021770682148, 0.7917271407837445, 0.8022496371552975, 0.8218432510885341, 0.8321843251088534, 0.8374455732946299, 0.8425253991291727, 0.8307329462989841, 0.8283744557329463, 0.8183962264150944, 0.8508708272859217, 0.8477866473149492, 0.8537735849056604, 0.8486937590711175, 0.8526850507982583, 0.8430696661828737, 0.8568577648766328, 0.8590348330914369, 0.8695573294629898, 0.8646589259796807, 0.8668359941944848, 0.8630261248185777, 0.8699201741654572, 0.8768142235123367, 0.8762699564586357, 0.8800798258345428, 0.8682873730043541, 0.8733671988388969, 0.874455732946299, 0.8797169811320755, 0.8788098693759071, 0.8835268505079826, 0.8800798258345428, 0.8847968069666183, 0.8811683599419449, 0.8762699564586357, 0.8681059506531205, 0.8753628447024674, 0.8809869375907112, 0.8724600870827286, 0.8789912917271407, 0.8869738751814223, 0.8824383164005806, 0.8886066763425254, 0.8878809869375908, 0.8838896952104499, 0.887155297532656, 0.8842525399129173, 0.886611030478955, 0.8853410740203193], "eval_auc": [0.7569074462825857, 0.8630617856411695, 0.8879782661787485, 0.8972976887079054, 0.9014165559108082, 0.906724542774143, 0.9094429819624293, 0.9092333851400857, 0.9099640117516408, 0.9058305965280917, 0.9196525327050694, 0.9158185697255034, 0.9193936964282307, 0.9234530549855936, 0.9208687077342149, 0.9162058367185458, 0.9205549707821765, 0.9260653133716058, 0.930964836578332, 0.9315217427080514, 0.9285650056250152, 0.9281900484955965, 0.9330342760582369, 0.9380209557325454, 0.930994261760363, 0.9369563829276015, 0.9346136908065067, 0.9351299151409349, 0.9370243175760498, 0.9364963758313272, 0.9392156049573861, 0.9412503530034422, 0.9425080655937995, 0.9412088812703779, 0.9412375823427842, 0.939315927054513, 0.9360346572032122, 0.9367029445588758, 0.9429585276086544, 0.9368627753015423, 0.942777171061683, 0.9447341102371327, 0.9432971476005312, 0.9475618241506358, 0.9434763976467754, 0.9415064244980769, 0.9441138774293054, 0.9447309504860422, 0.9456068598196179, 0.9455058136128659], "eval_aupr": [0.7474291263486669, 0.8444850812834053, 0.8663860689556142, 0.8715508852792007, 0.8743315880095675, 0.8818987203837938, 0.8810194925953319, 0.8846221885183027, 0.8826256589238575, 0.8769035944456057, 0.8954182676285728, 0.8893281797196912, 0.8914511553903733, 0.8986028359345459, 0.8938281888888272, 0.8940208425396498, 0.8907579087045008, 0.9032496597730103, 0.9071142867090094, 0.9091236214076213, 0.9088099206774941, 0.9062256648846674, 0.9101120757546306, 0.9148796749501175, 0.9055393012950438, 0.9144606687497503, 0.9138615963911476, 0.9143340982224122, 0.9157309015880758, 0.9136909643311144, 0.9223427906314552, 0.923170613985578, 0.923659005318297, 0.923915025100899, 0.9228230028752997, 0.922018874620448, 0.9186991124501508, 0.9181161307370709, 0.9260621052708313, 0.9173782744471578, 0.9230770402441226, 0.9276282216570667, 0.9275361077377554, 0.9332242037676366, 0.926815134356696, 0.9223893338177226, 0.926970081660298, 0.930170183033298, 0.9302258602097025, 0.9301464070544242],