{"train_acc": [0.7078775107604017, 0.7848293280726925, 0.7940728120516499, 0.8005215805834529, 0.8055206838833094, 0.8107738522238164, 0.8139197752271641, 0.8163333931133429, 0.8163109756097561, 0.8183733859397417, 0.8184929459588713, 0.8215417264466762, 0.8218705164992827, 0.8232753467240554, 0.8223188665710186, 0.8241496293639407, 0.8251509445241512, 0.8255918220946915, 0.8253302845528455, 0.8267201697752271, 0.8278858799617408, 0.8287975251076041, 0.827900824964132, 0.8284089550454328, 0.8291113701578192, 0.8292907101865137, 0.8309869679579148, 0.8300379603060737, 0.8307104854136776, 0.8313755380200861, 0.8312559780009565, 0.8322572931611669, 0.8313755380200861, 0.8326159732185557, 0.832705643232903, 0.8335350908656145, 0.8328476207556194, 0.8337891559062649, 0.8337443208990913, 0.8337742109038737, 0.8340133309421329, 0.8348054160688666, 0.834200143472023, 0.8343197034911526, 0.8358964012434242, 0.835358381157341, 0.8349399210903874, 0.8347008010521282, 0.8348801410808225, 0.8361280487804879], "train_auc": [0.7889253915747867, 0.8588648376288744, 0.8699286933446467, 0.8776409159567183, 0.8840892958541333, 0.8896424550989874, 0.8936633110347609, 0.8954644020388757, 0.8969148178489028, 0.8987994927188392, 0.8999943371949333, 0.9014683778437101, 0.9018834646088477, 0.9029760889717804, 0.9033996064228975, 0.9047727409447794, 0.9054117949157288, 0.9057514219488995, 0.9065842789549521, 0.9071442391273785, 0.9079475370262613, 0.9086602115281046, 0.9089033114951897, 0.909302541642273, 0.9101642409037325, 0.9097181853383565, 0.9110783059687195, 0.9110921323071269, 0.911192231794314, 0.9122564149323246, 0.911637240950433, 0.9123793552888927, 0.9121141309691598, 0.9127064791273993, 0.9132432827208427, 0.9137957189091847, 0.9132432246490376, 0.9138412618339975, 0.9142783015282813, 0.9144516260997049, 0.9144612249223789, 0.9150052686181209, 0.9147291577334362, 0.914711958986625, 0.9154223849928462, 0.9152434902185496, 0.915059152552645, 0.9157774721923251, 0.9155450233760279, 0.9159645058417807], "train_aupr": [0.8062846146881474, 0.8773094926333197, 0.887569365987198, 0.894054235641413, 0.8990020358944428, 0.9039017253139222, 0.9071786073613092, 0.9090843073683341, 0.9099390952335665, 0.9116141905008126, 0.9126630011355584, 0.9139613039371057, 0.9143376682987328, 0.915643977501191, 0.9158332384487797, 0.9168257570443203, 0.9170918295886702, 0.9176670530083688, 0.9179631542348891, 0.9186351732155122, 0.9196326485773264, 0.9200221338586609, 0.919901825205609, 0.9202163779432405, 0.9211870354486288, 0.9210100219319479, 0.9221945402631582, 0.9222150856527284, 0.9218724348789755, 0.9231109325536575, 0.9226187842068494, 0.9229729423173441, 0.9231169720111356, 0.9234408528952316, 0.923704806722906, 0.9244258171323065, 0.924144869841439, 0.924565694158336, 0.9248693389916455, 0.9248899301174378, 0.9246415992392288, 0.9255312529677744, 0.9249056244233256, 0.92461814967975, 0.9255468717689304, 0.925660614235974, 0.9252078075338714, 0.9259630029472099, 0.9257945761546438, 0.925923911257084], "train_loss": [85.4938468313126, 68.45808284460473, 64.84617065881908, 62.48042822157676, 60.646361254369324, 59.06775038009848, 57.594037276608994, 57.045976894079615, 56.543420135177115, 55.80188765626109, 55.32830516603663, 54.902536093162986, 54.62575719370213, 54.207669168767694, 54.074036930076936, 53.706871138476046, 53.57809625301033, 53.21995282218744, 53.086803459984395, 52.828359720583855, 52.59893130344369, 52.36246423739548, 52.26044162509546, 52.15881244447901, 51.80998115831306, 51.79696968363074, 51.47703829960431, 51.40028976163262, 51.40968966438483, 50.95468142565988, 51.21434548890385, 51.014358015406884, 51.01242422282582, 50.77146267389476, 50.643957947681784, 50.331887051890504, 50.44192616843812, 50.37053072110645, 50.260506932639714, 50.22724204491931, 50.15914487747572, 49.95080377312509, 49.95578989426447, 50.09794549595558, 49.828239386213895, 49.772920635872545, 49.86050449684974, 49.7239036596528, 49.67691492624082, 49.593636884744036], "eval_acc": [0.797099175035868, 0.7938486370157819, 0.8020086083213773, 0.8119395624103299, 0.8004169655667145, 0.8213997489239598, 0.820480631276901, 0.8177456958393113, 0.8189786585365854, 0.8249865494978479, 0.8274973098995696, 0.8267575322812052, 0.8268247847919655, 0.829133787661406, 0.8283043400286944, 0.8308151004304161, 0.8282595050215208, 0.8309720229555236, 0.8318911406025825, 0.8320256456241033, 0.8328326757532282, 0.8337517934002869, 0.8330344332855093, 0.8368678263988523, 0.835993543758967, 0.8320256456241033, 0.8350744261119082, 0.8354555236728838, 0.837899031563845, 0.8360832137733142, 0.8367109038737446, 0.836105631276901, 0.8373610114777619, 0.8369799139167863, 0.8365988163558106, 0.835657281205165, 0.8346933285509326, 0.8368678263988523, 0.834200143472023, 0.8365763988522238, 0.8359262912482066, 0.8387060616929699, 0.8384594691535151, 0.8393113342898135, 0.8393337517934003, 0.8394458393113343, 0.8391319942611191, 0.8362401362984218, 0.837338593974175, 0.8409478120516499], "eval_auc": [0.8705094546143006, 0.8781154510520723, 0.8825772720011233, 0.8916338992262778, 0.89735782341607, 0.9022509591845123, 0.903040122852744, 0.8989584486505371, 0.9048897005754832, 0.9081330783420027, 0.9098531372894233, 0.9092192307139354, 0.9085685944331388, 0.9112825687410073, 0.909897635591804, 0.9117632555390209, 0.9110465336557165, 0.9132616752899545, 0.9117550278810063, 0.9151469256291438, 0.9142392036804202, 0.914987902468164, 0.9156085107119645, 0.9173516454962238, 0.918024853059214, 0.9159264846675211, 0.9170061371293168, 0.9168232802944418, 0.9177257416076843, 0.9166650913572773, 0.9175576254071173, 0.918813420709708, 0.9186629186927115, 0.9178923240425378, 0.9180878801760954, 0.9187489291782497, 0.917891191307309, 0.9180877073007988, 0.9167788724500652, 0.9194460246899373, 0.9202151710069569, 0.921414000884028, 0.920348881003131, 0.9213307433370805, 0.9207572375810891, 0.9215262009719226, 0.9201617193723511, 0.9190487874108575, 0.9196416994239893, 0.9218932252776425], "eval_aupr": [0.8889411032288301, 0.8951603590242813, 0.8995243927094132, 0.9075780802042669, 0.9118145262254822, 0.9158712412201033, 0.9156170258636362, 0.908546147876375, 0.9173956493182134, 0.9203424509536603, 0.921154113744834, 0.9206620147431025, 0.9192326647039559, 0.9229411521598585, 0.9225128617201004, 0.9228497062232649, 0.9226999243506144, 0.9244472492761372, 0.9240233430568767, 0.9261787699271822, 0.9242790265421807, 0.9259981324511252, 0.9266177731834004, 0.927292065479682, 0.9282385531210033, 0.9262677274445806, 0.9273861667085651, 0.927736662122478, 0.9277439312368672, 0.9273923182254145, 0.9283052850127929, 0.9286860196799516, 0.9293436494145917, 0.9288163960018033, 0.9282284141367605, 0.9288323334806644, 0.9280982161238016, 0.9285705199302118, 0.9270460321705764, 0.9296965694246273, 0.9300959874590926, 0.9313486417082817, 0.9306026453513684, 0.9308162605827885, 0.9303709476283663, 0.93139033272465, 0.9299645967805236, 0.9282337268776178, 0.9296474022583725, 0.9314450865171633],