{"train_acc": [0.7055983978957436, 0.7851207556193209, 0.7961800573888091, 0.8015901482544238, 0.8062156264945003, 0.8109830822572932, 0.8137852702056433, 0.8170582257293161, 0.8178204208512674, 0.8185004184600669, 0.8207496413199427, 0.820667443806791, 0.8223188665710186, 0.8239105093256814, 0.8234322692491631, 0.8238357843137255, 0.8262867647058824, 0.8272955523672884, 0.8267276422764228, 0.8271236848397896, 0.8271012673362028, 0.8288797226207556, 0.8293803802008608, 0.8294924677187948, 0.8306058703969392, 0.8299109277857485, 0.8306507054041129, 0.8310841104734576, 0.8297465327594452, 0.8315324605451937, 0.8328326757532282, 0.8321227881396461, 0.8324665231946438, 0.8324441056910569, 0.8327504782400765, 0.8326085007173601, 0.8346036585365854, 0.8345588235294118, 0.8339535509325682, 0.8332959708273553, 0.8347680535628885, 0.8347157460545194, 0.8356423362027738, 0.8344840985174558, 0.8348054160688666, 0.8348726685796269, 0.8363522238163558, 0.8367931013868962, 0.8358665112386418, 0.8358291487326638], "train_auc": [0.7858798124069135, 0.8598517783421786, 0.8721015924311017, 0.8781976701187978, 0.8850350397588524, 0.890322120246703, 0.8936923024900361, 0.8965136035445872, 0.8980568024644202, 0.8995119321415483, 0.9006632236572427, 0.9017235462486572, 0.9031177325816175, 0.9037903831019853, 0.9048890525164739, 0.9053535586110902, 0.907017205713641, 0.9075194744513075, 0.9073834118769685, 0.9078977445854349, 0.9085068239007783, 0.9090115316542584, 0.9104068480422105, 0.9099888937583437, 0.9106282459056769, 0.9109675757675528, 0.9110378291388408, 0.9118536144859943, 0.9115557879848284, 0.9122622261331885, 0.9121511301913263, 0.9126958615912524, 0.9129660259230965, 0.9133494599808145, 0.9130231793002468, 0.9131823087773008, 0.9143440696343624, 0.9138862637976108, 0.9142689414700673, 0.9137506265992439, 0.9150693371188146, 0.9148258157961127, 0.9155666720982566, 0.9154592593606319, 0.9147897869314738, 0.9153865315720645, 0.9161930450854772, 0.9160091880754362, 0.9161333187923321, 0.916080729189002], "train_aupr": [0.8034106132373894, 0.8791390418248803, 0.8904996560127715, 0.8955834641373198, 0.9004331329408867, 0.9051412183608061, 0.9076092724322917, 0.9101506053115029, 0.9111694608365907, 0.9123777147371026, 0.9133094283584214, 0.9142907170300829, 0.9159374385562411, 0.9161473267683908, 0.9167507618068694, 0.916822434367951, 0.9184889133009688, 0.9190054814145561, 0.9190386043292552, 0.9193675528391387, 0.9201263446482882, 0.920303264048491, 0.921458188057544, 0.9211066359161184, 0.9213628349257329, 0.9219119631284209, 0.9219064305780591, 0.9226779975173415, 0.9223042030066514, 0.9231711080669018, 0.9234353438115224, 0.9235553434258528, 0.9239337919898415, 0.9237875053824095, 0.923981200921786, 0.9240073425279911, 0.9251829385728866, 0.9245029130965078, 0.9246916390086515, 0.9247955273858094, 0.9254366410362023, 0.9251791537938161, 0.9259102500558563, 0.9257990948135304, 0.9252130378632806, 0.925581185066996, 0.9264952710758962, 0.9262170162124199, 0.9261009565611488, 0.9262558333982763], "train_loss": [85.43094374253691, 68.05204001257114, 64.16886672098367, 62.11988702923572, 60.321254987333745, 58.717835772789684, 57.78500939509609, 56.814179332944676, 56.226311776651706, 55.64628851801214, 55.34438281305434, 54.84525883858792, 54.384004514486335, 54.11559509911911, 53.8612134853239, 53.72763306050638, 53.188258657947785, 52.951426531571045, 52.862787418110194, 52.699518063328235, 52.540511999257895, 52.26481894279757, 51.87812117180906, 51.99766263542394, 51.9260151135534, 51.70512284740207, 51.62471212529316, 51.366633309460966, 51.41462869625931, 51.21471702254753, 51.10819366374845, 51.03567511994342, 50.868860115284676, 50.868126778028206, 50.78929058133302, 50.824480747857464, 50.32727160554087, 50.53830086615072, 50.38672328679101, 50.50745525505985, 50.2117692279998, 50.188463236588134, 49.998093694391486, 49.97302920412607, 50.20266953389913, 50.110521099535504, 49.78946093528266, 49.71944155428651, 49.8355496153093, 49.692978297319286], "eval_acc": [0.7737849713055954, 0.8003945480631277, 0.8084424318507891, 0.8149883428981348, 0.8193373385939742, 0.8197184361549498, 0.8228344691535151, 0.8250313845050216, 0.8279456599713056, 0.8226102941176471, 0.8292234576757532, 0.8314203730272597, 0.8316893830703013, 0.829470050215208, 0.8298287302725968, 0.827228299856528, 0.8348502510760402, 0.8313979555236729, 0.8369126614060258, 0.835881456241033, 0.8360383787661406, 0.8345139885222381, 0.8359262912482066, 0.8359711262553802, 0.8385491391678622, 0.8405891319942611, 0.8359038737446198, 0.8325412482065997, 0.8391319942611191, 0.8346484935437589, 0.8381904591104734, 0.8388854017216643, 0.8409253945480631, 0.8347605810616929, 0.8416651721664276, 0.8398941893830703, 0.841171987087518, 0.8408357245337159, 0.8394458393113343, 0.841284074605452, 0.8403201219512195, 0.8396475968436155, 0.8417548421807748, 0.842404949784792, 0.842517037302726, 0.8421583572453372, 0.8394682568149211, 0.8441086800573888, 0.8391095767575323, 0.8413064921090387], "eval_auc": [0.867487737151136, 0.8796303442106364, 0.8860245169815967, 0.8933896408410379, 0.8983848675128754, 0.9011728666207424, 0.9032373323575983, 0.9056203308794584, 0.907851023249685, 0.9052954037186554, 0.9094602048062485, 0.9109493164285629, 0.911830985467025, 0.9099561347830372, 0.9132028132616161, 0.9097344855356606, 0.9145500083366096, 0.9104829853157953, 0.9155379956825239, 0.9145350395471137, 0.9178299482232859, 0.9166768026535378, 0.9171839916365665, 0.9177128382759479, 0.9185767554336556, 0.919503478588679, 0.9155592301964353, 0.9147201085827327, 0.9188391921950678, 0.9174156978038179, 0.9189520496111254, 0.918229500222181, 0.9207352864387676, 0.9164721233277251, 0.9199957500417475, 0.9197022158287129, 0.9200449913588081, 0.9206492297191385, 0.9208969127800869, 0.9205720288381082, 0.9216821937897661, 0.9201084868471329, 0.9231458233923338, 0.9219851346301349, 0.9221247877171763, 0.9228727045457294, 0.9212497020112327, 0.9231692258830759, 0.9192450270048903, 0.9211321709316314], "eval_aupr": [0.885854757974422, 0.898386977837241, 0.9018298999772041, 0.9086856179498706, 0.9120588047844258, 0.9157045236219602, 0.9171998654502352, 0.9187266271059801, 0.9209793373339756, 0.9181078979404371, 0.9225414461436042, 0.9227845757875794, 0.9235480714277902, 0.9212428629086186, 0.9247532668130429, 0.9213124156777077, 0.9262385838573339, 0.9222631081575188, 0.9269347432647296, 0.9242727718833873, 0.9284002677542568, 0.9275864564632542, 0.9283854264056348, 0.9286093926246453, 0.9290243965244038, 0.929648524320261, 0.9249365386266355, 0.9254081491641994, 0.9298727629566105, 0.9278034258066246, 0.9294963774054842, 0.9296854609210417, 0.9315966518474113, 0.9261865413028227, 0.9297361246608062, 0.9304661641784933, 0.930712977129164, 0.93117614438161, 0.9310811508680894, 0.9308780371359793, 0.9322980003647579, 0.9306114293869272, 0.9330615623236458, 0.9323288018522788, 0.9325339636330645, 0.9331907424588954, 0.9314163978104724, 0.9332471494169567, 0.9284719396652505, 0.9319516772824978],