{"train_acc": [0.6028059990324142, 0.7459482341557814, 0.7977140783744557, 0.816400580551524, 0.8282535074987906, 0.8364175133043058, 0.842343976777939, 0.8449443638122883, 0.8520198355104015, 0.8530478955007257, 0.8580067731011127, 0.8604862119013063, 0.8663522012578616, 0.8676826318335752, 0.8689525882922109, 0.8736695694242864, 0.8735486211901307, 0.8792331881954524, 0.8812893081761006, 0.8826802128688921, 0.8854015481373972, 0.8875786163522013, 0.8842525399129173, 0.8883043057571359, 0.8916908563134979, 0.8930817610062893, 0.897133526850508, 0.8970125786163522, 0.8980406386066764, 0.900459603289792, 0.8951378809869376, 0.8991896468311563, 0.9012457668118046, 0.9028785679729076, 0.9020319303338171, 0.9055999032414127, 0.9014876632801161, 0.9039671020803096, 0.9040275761973875, 0.9079583938074504, 0.905478955007257, 0.9049951620706338, 0.9115263667150459, 0.9111030478955007, 0.9092283502660861, 0.9132196419932269, 0.9117077890662796, 0.912070633768747, 0.913159167876149, 0.9141267537493952], "train_auc": [0.6556483001014558, 0.818366857780408, 0.8701067286387477, 0.8872149302920144, 0.8984124664468446, 0.906762181846162, 0.9118011217555226, 0.9148968366868753, 0.9194377281448172, 0.92318100187954, 0.9249860974609133, 0.9278958332464767, 0.9310009323459989, 0.934328150244409, 0.9366237825541218, 0.9389184420700963, 0.9400934013645297, 0.9426085998038468, 0.9427041969028148, 0.9460903090507194, 0.9477246025314725, 0.9478556590593463, 0.9486977985531411, 0.9504514165229968, 0.9531029743131985, 0.9526236503126874, 0.9559011313883748, 0.9556799268693164, 0.9569921232232709, 0.9564237410531318, 0.9562004519760622, 0.9589132445721219, 0.9597496497028262, 0.9613712017798761, 0.9616579711340646, 0.9612973864835651, 0.9604578435444859, 0.9625857676765217, 0.9631657868003298, 0.9646101075609991, 0.9643154754002773, 0.9648168884014681, 0.9664771181724234, 0.9672122357265011, 0.9678225943121702, 0.9687873204454985, 0.968603016260357, 0.9696409213512353, 0.970338399833294, 0.9700997508550891], "train_aupr": [0.6533436787188468, 0.8019889471428072, 0.8464465250909577, 0.861107951794423, 0.8723249582228255, 0.8794019418947076, 0.8866170798255495, 0.8903647742317523, 0.8966098544511168, 0.8999042588246333, 0.9019789911427905, 0.9051898727873054, 0.9106568435854221, 0.9146866959114693, 0.9183653503783624, 0.9213699552415596, 0.9225062923074603, 0.9241523828299384, 0.9253548477863829, 0.9299669707966396, 0.9324982965406157, 0.93297047754402, 0.9357074420806248, 0.9356615085003259, 0.9408214664256178, 0.9379699171054292, 0.9443200055982228, 0.9449329267678175, 0.9463407092585695, 0.9446645649482237, 0.9454786897122426, 0.9500274785078945, 0.9503230253823218, 0.9521042237785687, 0.9527442614702529, 0.9514502735987481, 0.9493788854353222, 0.9542442491840261, 0.9543826080256164, 0.9553476667250514, 0.9572049285286299, 0.957652059099205, 0.9600859330703021, 0.9598424977551353, 0.9600698679836999, 0.9629366332865192, 0.9629923986707181, 0.9634300657350291, 0.9643943142718524, 0.9633874683247738], "train_loss": [114.88934542949383, 91.18885473838219, 78.22197936498202, 72.47797629283025, 67.4246762569134, 63.50633905850924, 61.947366364185626, 61.21011277345511, 58.94558814488924, 56.53357918079083, 55.68337464882777, 54.86201588924114, 53.59770149267637, 52.242732310295104, 51.05994523671957, 50.19813599219689, 49.21611801477579, 48.657240192706766, 48.21840402896588, 47.08917932510376, 46.60164646918957, 45.80422466718233, 45.80642088376559, 44.48615122391627, 43.182564113690304, 43.266759092991165, 41.67247090247961, 41.1273613012754, 41.27857516545516, 40.49479315464313, 40.81799218104436, 39.31697820149935, 39.25960186536496, 38.09033421736497, 38.261867240759045, 38.360808259707234, 39.13008209650333, 37.71925024802868, 38.748134966997, 36.83795845691974, 36.586987323027394, 36.846340289482704, 35.930966404768135, 35.292552619714, 34.914877321169925, 34.779220078541684, 34.88543029748477, 34.241587106081155, 33.768988793629866, 33.390132548258855], "eval_acc": [0.6591692363504444, 0.7924904770542355, 0.8106294213676764, 0.8229639035008163, 0.8274986395791765, 0.8309450389987303, 0.8371122800653003, 0.8360239434064938, 0.8385633956103755, 0.8498095410847089, 0.8443678577906766, 0.8421911844730636, 0.8650462543079993, 0.8634137493197895, 0.8561581715944132, 0.8641393070923272, 0.8538001088336659, 0.8659532015236713, 0.8693996009432251, 0.8674043170687465, 0.8741157264647198, 0.87248322147651, 0.870669327045166, 0.874659894794123, 0.8797387992018865, 0.8820968619626338, 0.8797387992018865, 0.8806457464175586, 0.880827135860693, 0.8810085253038273, 0.8781062942136768, 0.8822782514057682, 0.8869943769272628, 0.8846363141665156, 0.8732087792490477, 0.8837293669508435, 0.882641030292037, 0.8871757663703972, 0.8790132414293488, 0.8862688191547252, 0.886631598040994, 0.8839107563939779, 0.8864502085978596, 0.8869943769272628, 0.880464356974424, 0.8873571558135317, 0.8893524396880101, 0.8869943769272628, 0.8900779974605478, 0.8871757663703972], "eval_auc": [0.7763757371724427, 0.8697691191044301, 0.8808212110882843, 0.8969485239442032, 0.9026358562255454, 0.9030592409607952, 0.9090840175881678, 0.913538901515999, 0.913871410541056, 0.9156993218210939, 0.9194946494540218, 0.9216986979965227, 0.9283167660091941, 0.929783872423927, 0.9279766894919778, 0.9302577290416659, 0.9305171953163146, 0.9327592787324516, 0.9326959092111514, 0.9357326451083072, 0.9344760465841656, 0.9353651282064782, 0.9384641807564597, 0.9366342953480323, 0.9401741049630905, 0.9406926426867097, 0.9382044512646924, 0.9394563776849792, 0.9421823857736413, 0.9428741203612919, 0.9420269560651147, 0.942841284025748, 0.9418005893431287, 0.9430261940515564, 0.9395857488987653, 0.945070667215913, 0.9420795994888324, 0.9467930284313971, 0.9423080719477672, 0.9450938303223488, 0.9453844220212706, 0.9443135231742932, 0.9457164046120904, 0.9469658304697504, 0.9449272138862822, 0.9475632017203871, 0.9466388490041839, 0.9465104648545923, 0.9489171905784065, 0.9466133827479604], "eval_aupr": [0.7522536991765921, 0.8499407647433657, 0.8572307488536626, 0.8732449731937669, 0.8781791864764236, 0.8791862601590603, 0.8869432046363839, 0.8925585885523863, 0.8910100082399939, 0.8894770484591304, 0.8981945512679252, 0.8955417518610185, 0.905944128970187, 0.905082308791217, 0.9077697914447015, 0.9101888664750093, 0.9096409392700323, 0.9124042706280138, 0.9096711998906525, 0.9164914228493217, 0.9102813812528192, 0.9103157137201483, 0.9176934395046287, 0.9154788854377796, 0.9213328011943971, 0.9197439059974967, 0.9154440267623033, 0.9205489765716495, 0.9224693142337488, 0.9273498226954643, 0.9253720031433278, 0.9253120635806502, 0.9235465631918502, 0.9232830054794289, 0.9159839872998227, 0.9280589292281319, 0.9229495415407097, 0.9319740867691491, 0.924602905300252, 0.9240211647208226, 0.9272902880305818, 0.9274744135653927, 0.9279663553400466, 0.9307232100742094, 0.9271050863340617, 0.9308320783009308, 0.9293892482424282, 0.9274021683439866, 0.9320847488677846, 0.9293090843042235],