{"train_acc": [0.5174595547012654, 0.5515777670991511, 0.596508089059747, 0.620534999199103, 0.6504885471728336, 0.6781194938330931, 0.6882908857920872, 0.7043088258849912, 0.7185647925676758, 0.7260131347108761, 0.7318596828447862, 0.7439532276149288, 0.7543648886753164, 0.7603716162101554, 0.762774307224091, 0.7723850712798335, 0.78047413102675, 0.786480858561589, 0.7885631907736665, 0.7957712638154734, 0.796492071119654, 0.8015377222489188, 0.8054621175716803, 0.8175556623418229, 0.8142719846227775, 0.8171552138395003, 0.8166746756367131, 0.8218004164664424, 0.8201185327566874, 0.8167547653371776, 0.8273266057984943, 0.8262854396924556, 0.8316514496235784, 0.8310107320198622, 0.837898446259811], "train_auc": [0.5270926506336908, 0.5746637237184591, 0.6252053041345231, 0.665758195256434, 0.7030568809275164, 0.7331928981652733, 0.7458784201152683, 0.7673774884226654, 0.7804376767017043, 0.7932657600048666, 0.801559665866374, 0.8146497961364949, 0.8235480861574697, 0.8324749962556469, 0.8342578345536223, 0.8459396131771969, 0.8550507184986961, 0.8642400862555224, 0.8636789273965112, 0.8680032927206309, 0.871689712673676, 0.8807645359511164, 0.8808932107914889, 0.8874108622561887, 0.8879000858987341, 0.8911412518883796, 0.8907399034335495, 0.8966252565379229, 0.8958016015179164, 0.8963906232413251, 0.901363291067597, 0.8988013706321816, 0.9041657484926653, 0.9028035483248721, 0.9103033818022255], "train_aupr": [0.540957352081493, 0.5726331181408719, 0.6112059705115832, 0.649228690529049, 0.6717568779962702, 0.699936628717738, 0.7120548308992812, 0.7316214650524064, 0.7401935215400335, 0.7559952197575207, 0.7711854331698036, 0.7834580646470832, 0.7926088856698323, 0.8000820515855088, 0.8040046268819142, 0.8172603523433197, 0.8290515282108439, 0.8423228732737054, 0.8375069956685363, 0.8439822798388152, 0.8505634508030231, 0.8605167851337485, 0.8577823510714322, 0.8643572557558657, 0.8661580981824093, 0.8715043370337211, 0.8700350585206689, 0.8772020404125668, 0.8765559174681509, 0.8769544714512774, 0.882690465367317, 0.8762034245981813, 0.8865433581402407, 0.8836039071513007, 0.8957616989653177], "train_loss": [123.16803400492182, 111.36119819782218, 107.54251198622646, 103.05784061976841, 98.9588199221358, 94.16470990740522, 93.09256100168034, 88.23219342134436, 85.93224473145543, 83.79793843079587, 82.55064501081195, 79.71679062502724, 77.66485430634752, 76.15077283917641, 75.75734864327373, 73.70392194694402, 71.6727602481842, 69.9927884839019, 69.73355230020017, 68.96534661127596, 67.91667065450123, 66.62198326660662, 65.7418463230133, 64.03764875750153, 63.672245849152, 62.696296531326915, 62.98534557709888, 61.534721314907074, 61.874132889874126, 61.33479826426019, 59.40855845504878, 60.45171956140168, 58.78882444634729, 58.72164126804897, 56.776866283951975], "eval_acc": [0.5217495794280221, 0.5825522710886806, 0.6260514299447248, 0.6190819514539774, 0.6608988223984619, 0.6827685652487383, 0.6890170632059601, 0.7031963470319634, 0.7101658255227109, 0.7219418409036289, 0.7279500120163422, 0.722903148281663, 0.7404470079307859, 0.7478971401105503, 0.756789233357366, 0.7637587118481134, 0.7548666186012978, 0.7606344628695025, 0.7688055755827926, 0.7591925018024513, 0.7661619802931987, 0.7738524393174717, 0.768565248738284, 0.7829848594087959, 0.771689497716895, 0.768084595049267, 0.7769766882960827, 0.787070415765441, 0.77577505407354, 0.7873107426099495, 0.7813025714972363, 0.7849074741648642, 0.7899543378995434, 0.7856284546983898, 0.7820235520307618], "eval_auc": [0.5772299923682718, 0.6200883172617119, 0.6759947710412202, 0.6679138525343022, 0.7149994429901583, 0.7468293197037724, 0.7521964908842219, 0.7689067861364179, 0.7783461383963756, 0.7870381498582976, 0.7951024274072878, 0.7916251605736878, 0.8108614145646286, 0.8157882937332465, 0.8313309484375295, 0.8369151454442836, 0.8312546773803617, 0.8356295158821765, 0.8386481163128998, 0.8392307809647781, 0.838424619002957, 0.8469498741989806, 0.8423985722058098, 0.8620278532655801, 0.8472345039168655, 0.8451913640824337, 0.8537327979875535, 0.85924869772948, 0.8479947876821781, 0.8582078289235565, 0.8567297882854129, 0.858600855992386, 0.8573689628569197, 0.8556163464129722, 0.858184369795367], "eval_aupr": [0.5753489362387603, 0.60548838216354, 0.6584030393217701, 0.6554670452370852, 0.6880606755557702, 0.7195420271199247, 0.7260456005210496, 0.742525657265835, 0.7475631594945953, 0.7564768354666336, 0.7669752749790658, 0.7575156045419422, 0.7906062020518647, 0.7829876194969846, 0.8059236973288066, 0.8156091507389406, 0.8069900181468582, 0.8164308820425747, 0.810726259300806, 0.8161073722872155, 0.8138633974498253, 0.8156169394154087, 0.8182129996337824, 0.8396448995303477, 0.8258145196462796, 0.8186533174152, 0.8237827104407139, 0.8351657151172833, 0.8193188743903925, 0.8299174285803448, 0.8302132859689949, 0.8316775152426771, 0.8299135978031136, 0.8272566074633592, 0.8318933503741879], "eval_loss": [0.8852719423347469, 0.8410405063107735, 0.8091593088796579, 0.7864642527291936, 0.7526748303437686, 0.7047779829534766, 0.7106836141516629, 0.6831412750263393, 0.6616873692732768, 0.6475879647100926, 0.6445389899517647, 0.6385508293545151, 0.6197427778225683, 0.6195712168180607, 0.5886530231409594, 0.6002198943608199, 0.5875018292452046, 0.6041286968606162, 0.5893107584908844, 0.6055694206836446, 0.5787458311935595, 0.5714737125040104, 0.5850631350710025, 0.5570246002560079, 0.5850393969947918, 0.5711212374647774, 0.56247168679101, 0.5495590557203474, 0.5859308324591296, 0.5573044644901025, 0.5684024068891529, 0.5542924597812827, 0.5367459517435167, 0.5446607683805628, 0.5429730325672266]}