{"train_acc": [0.5411727010573534, 0.5865107337391862, 0.6219961550785005, 0.6493111182313361, 0.6722204421659724, 0.6856776674142903, 0.7049022749118872, 0.7135533482858059, 0.7222845241909644, 0.7285325216276834, 0.7369432874078821, 0.743992310157001, 0.7475969240628004, 0.7631368151233578, 0.769064402435117, 0.7725889138096764, 0.775312399871836, 0.7837231656520346, 0.7929349567446331, 0.7924543415571932, 0.7998237744312721, 0.8025472604934316, 0.8041493111182313, 0.8073534123678309, 0.8116789490547901, 0.8094360781800705, 0.8148830503043896, 0.81312079461711, 0.8203300224287088, 0.8154437680230695, 0.8166453059916693, 0.8245754565844281, 0.824895866709388, 0.8353892983018263, 0.8275392502403076, 0.8335469400833067, 0.8268183274591477, 0.8310637616148671, 0.8307433514899071, 0.8385933995514259, 0.8353091957705864, 0.8414770906760654, 0.8397148349887856, 0.8387536046139058, 0.8430791413008651, 0.844040371675745, 0.843960269144505, 0.8429990387696251, 0.8530118551746235, 0.850288369112464], "train_auc": [0.5545884731185446, 0.6188854336933687, 0.6630747482808327, 0.6999846454774254, 0.722232527041163, 0.7417008933867199, 0.7624159416918423, 0.7788058161288218, 0.7858565718126913, 0.798604368900878, 0.8078732496999705, 0.8143857240941217, 0.8228544622348071, 0.8341436438695655, 0.8411733320186986, 0.8493655346942884, 0.8494341550313791, 0.8598882355085915, 0.8681478003747736, 0.8627687875935459, 0.8742185626420871, 0.876082044503466, 0.8770049463130916, 0.879432976481904, 0.886133043086639, 0.8874559712916645, 0.8892590364446525, 0.889998634012373, 0.8929502713744968, 0.8908946654074932, 0.8930331421464185, 0.8976793487833723, 0.9002151045365683, 0.9041583025600969, 0.9024543613776755, 0.9076888542085515, 0.9022301288598781, 0.9044022289220663, 0.9079258350883194, 0.9104616935473517, 0.908910758385033, 0.9143073980554703, 0.9125871394832563, 0.9135655024446555, 0.9160108000322497, 0.9183619292058939, 0.9168845956137418, 0.915582452502402, 0.923115925618379, 0.9244480973487001], "train_aupr": [0.5572855965879895, 0.6060298216299637, 0.6386577642273232, 0.6717779013576708, 0.6863264328997427, 0.7064512576208433, 0.7288061395051864, 0.742780920199382, 0.7469579303557907, 0.7658931103975857, 0.7751716496999701, 0.78542621168468, 0.796425406714838, 0.8047349509162426, 0.8176987310756878, 0.820681933686175, 0.82720303597391, 0.8339984441633617, 0.8439373167663302, 0.8324898492388364, 0.8512111371058602, 0.8474973986199253, 0.8546692235189761, 0.8546260823341983, 0.8664055259127976, 0.8682221904576687, 0.8698062891842364, 0.8707982525453891, 0.8720596681352079, 0.8687600803390083, 0.872856693399273, 0.8794706594238448, 0.8825505536360114, 0.8832029644387911, 0.8847571606320532, 0.8927485520451126, 0.8856126011215348, 0.8855309443499315, 0.8912835182644097, 0.8933498650547825, 0.8895980434608335, 0.9003344747881459, 0.8987665014537847, 0.8996781577893953, 0.9011561887003341, 0.9048275969801933, 0.9028395700075617, 0.9005803190452146, 0.9100861238290499, 0.9145039966226379], "train_loss": [127.4971369067017, 107.68080595561436, 101.66301306413145, 96.09810896309055, 93.17692399268248, 89.71902751436039, 85.53445768599607, 83.48888337125584, 82.27895481975712, 80.24424587220562, 78.09681562988125, 77.41831614289966, 76.57362748652088, 74.31753234230742, 74.36304752194151, 71.1957289491381, 70.22838498378286, 68.41303778911123, 66.30216171546859, 69.40649419658038, 65.4010920743553, 64.59228914854478, 65.21525011013965, 64.2140725972701, 62.515108704566956, 62.468474861310455, 61.622296858807, 61.517417936908956, 60.80588637931006, 60.47095587302228, 60.41205019610269, 59.06419477657396, 58.52934611330227, 56.7213304432071, 57.645296113831655, 56.61912144811786, 57.953712099668934, 57.57924042429243, 55.69024359814975, 54.802328361540425, 55.5421952520098, 54.32684778923891, 54.4825707248279, 54.724710121446726, 53.21026308804142, 53.42460794108255, 52.99809923099012, 55.00054603936721, 51.799407864103514, 52.213021623845], "eval_acc": [0.5816914944738106, 0.6153291686689092, 0.638395002402691, 0.6612205670350793, 0.6741950985103315, 0.6941374339259971, 0.6902931283037002, 0.6912542047092743, 0.7128784238346949, 0.7164824603555983, 0.7126381547333013, 0.709514656415185, 0.7200864968765017, 0.7378664103796252, 0.7481979817395483, 0.758769822200865, 0.7578087457952907, 0.7623738587217683, 0.76045170591062, 0.7522825564632388, 0.7666987025468525, 0.7695819317635753, 0.7618933205189813, 0.7654973570398846, 0.7789524267179241, 0.7743873137914464, 0.7657376261412783, 0.7837578087457953, 0.7844786160499759, 0.7839980778471889, 0.780634310427679, 0.7878423834694859, 0.7868813070639116, 0.7859202306583374, 0.7859202306583374, 0.7801537722248919, 0.7921672272945699, 0.790485343584815, 0.7871215761653051, 0.7876021143680922, 0.7914464199903892, 0.7931283037001442, 0.794329649207112, 0.7950504565112927, 0.7864007688611244, 0.7861604997597309, 0.794329649207112, 0.7921672272945699, 0.7960115329168669, 0.792647765497357], "eval_auc": [0.6096999523183801, 0.6544991905213374, 0.6848025463463496, 0.7171319089835498, 0.7236323414447531, 0.7535518648503297, 0.7505092738902474, 0.7488414567658925, 0.7786333440524572, 0.7727862237081146, 0.7804651822528272, 0.7787227470896656, 0.7961744740698851, 0.8170294073618204, 0.81907389542201, 0.8251692420285757, 0.8272285150871667, 0.8340185256029968, 0.8318033170143914, 0.8267169310409193, 0.8370820234748814, 0.8362232229818015, 0.8314824363459616, 0.8423030915431658, 0.8425259060893866, 0.8507403587949487, 0.8401353566603647, 0.8482158203179144, 0.8545701354121041, 0.85150779261822, 0.84978233710166, 0.8517492039202423, 0.8591206807013263, 0.8566989441663017, 0.8569970697981293, 0.8502852580629063, 0.8614569414643433, 0.8595612274505673, 0.8538542180676376, 0.859321664273345, 0.8573217622239594, 0.856841942822715, 0.8657512904531417, 0.8584932423316681, 0.8529278455115517, 0.8568748625457181, 0.8646283236214375, 0.8642709424882044, 0.8693456621738753, 0.8617963033807747], "eval_aupr": [0.6008365384989687, 0.6345505424404836, 0.6532192003749417, 0.6889618318038231, 0.691763747945351, 0.7087904363903039, 0.7129403667470324, 0.7051801589359458, 0.7437035140875876, 0.7405447549671069, 0.7438466118979971, 0.751845875326473, 0.7689814470045246, 0.7892681460800695, 0.787985016899071, 0.7936147762341065, 0.793008043870125, 0.7932423209332975, 0.8008657926357678, 0.7913526286730399, 0.8071228152186519, 0.8034503017162649, 0.7979625682184615, 0.8088497782551588, 0.8070116374375434, 0.8198037640758447, 0.8083229310047855, 0.8149688505272796, 0.8224830166485774, 0.8172681909242884, 0.8110940548131967, 0.820766238891641, 0.8340948451152774, 0.8260522883274626, 0.8235498603743983, 0.8205131058939495, 0.829290505073236, 0.8298433644570865, 0.819138288371651, 0.8283951538512406, 0.8250335383708798, 0.8260292451340657, 0.8364657973292433, 0.8300285481926774, 0.8211251304130347, 0.8236990907086514, 0.8377234137875786, 0.8374308849489824, 0.8483853970943482, 0.8284059699489302],