{"train_acc": [0.7003003945480631, 0.7838877929220469, 0.7935721544715447, 0.7993035628885701, 0.8043998087039694, 0.8084424318507891, 0.8119470349115255, 0.8141738402678145, 0.8164529531324725, 0.8173944882831181, 0.8178876733620277, 0.819658656145385, 0.8204507412721186, 0.8221096365375419, 0.8221320540411287, 0.8230511716881874, 0.8241869918699187, 0.8242841343854616, 0.8266230272596844, 0.8260476446676231, 0.8269368723098995, 0.8279680774748924, 0.8284762075561932, 0.8285808225729316, 0.8285434600669536, 0.8288946676231468, 0.8302920253467241, 0.8300379603060737, 0.8312335604973696, 0.83074037541846, 0.8306880679100909, 0.8315324605451937, 0.8313755380200861, 0.8333482783357246, 0.832855093256815, 0.8329447632711621, 0.8320555356288857, 0.8325337757054041, 0.8339012434241989, 0.8340731109516978, 0.8334304758488761, 0.8336098158775705, 0.8341851984696318, 0.8348278335724534, 0.8338115734098518, 0.8340731109516978, 0.8352537661406025, 0.8342524509803921, 0.8353135461501674, 0.8359487087517934], "train_auc": [0.7793313727791626, 0.8584745576870731, 0.8689711221117336, 0.876384550768702, 0.8822287881242652, 0.887694687334683, 0.8913696155581106, 0.894595252164824, 0.8960370274486377, 0.8975681180620811, 0.898985669250787, 0.9001089936085063, 0.9013376591038808, 0.9024415768694305, 0.9029068104250819, 0.9035234464457383, 0.9048091732967872, 0.9057215290405269, 0.9062570314905066, 0.9069069063605973, 0.9071342104616702, 0.9078440555264875, 0.9085769531994213, 0.9080488652905085, 0.9090391691430628, 0.9097749654924827, 0.9100504972225882, 0.9105048905590555, 0.9109422784608165, 0.9112260385189962, 0.9113286059462226, 0.9116918730061537, 0.9123620075655662, 0.9132336538571771, 0.9130911075658006, 0.9131310857598913, 0.9133772387404524, 0.9135661282307865, 0.9140727236529614, 0.9145663656006299, 0.9141335636963221, 0.91434210423879, 0.9148113446373157, 0.9150774210491117, 0.9150031108038559, 0.9147511130077899, 0.915420234102527, 0.9150097092127084, 0.9158823916393339, 0.9159579513218116], "train_aupr": [0.7952346421972404, 0.8770960997808274, 0.8866723884199383, 0.8922676140792468, 0.8972474711619044, 0.9017700701598242, 0.905221131116394, 0.9077703603745689, 0.9091078685689096, 0.9106484529412426, 0.9117367418140996, 0.9124986814704068, 0.9138685750213665, 0.9148463413869006, 0.9153461458262796, 0.9159169444545989, 0.916763596461584, 0.9172341563713132, 0.91824648945384, 0.9185053473995787, 0.9188127677190028, 0.9194227630656558, 0.9200229213127907, 0.9193656323495519, 0.9203364107097223, 0.920815828945958, 0.9213203599644467, 0.921844751733861, 0.9219971416285242, 0.9221121290277265, 0.9224850936063973, 0.9224825545143625, 0.9226512434262876, 0.923724251568759, 0.9235898571630192, 0.9237581228233563, 0.9237142174278654, 0.9238483324876877, 0.9245169909626743, 0.9249336482022119, 0.9246400961724257, 0.9244282676559248, 0.9252175066441705, 0.9252832249716163, 0.9252583516265627, 0.9249553586240382, 0.9254431132064442, 0.9254497574613691, 0.9260474084818503, 0.9260845833708129], "train_loss": [89.01400884114078, 68.85393238797015, 65.38363264532435, 63.221545024310196, 61.43025513497639, 59.801275413761175, 58.62984116264329, 57.47868193449527, 57.0227834180026, 56.41027030981294, 55.966737351499596, 55.496252699974164, 54.993653147899856, 54.68409266389806, 54.41700546053126, 54.164389444354846, 53.89982708735858, 53.48247462613633, 53.29295930807723, 53.157254368579636, 52.88738944197704, 52.716921833687486, 52.39823742168127, 52.61798101355879, 52.24511680639497, 51.979781630390235, 51.87390475336954, 51.72853747198276, 51.46560263223447, 51.57329744590628, 51.452884697777364, 51.33586374797055, 51.13888513517653, 50.81365179605283, 50.86904556208769, 50.63462009758156, 50.6764028687778, 50.60923096053231, 50.3341033399447, 50.347907717323665, 50.2661806128449, 50.34759554671512, 50.08486872284636, 50.010717607137124, 49.97040147763138, 50.03908469891229, 49.85640330889029, 49.88116571233104, 49.651200495076225, 49.60459335721018], "eval_acc": [0.7945659971305595, 0.7984442252510761, 0.8052367288378766, 0.8099892395982783, 0.8108635222381636, 0.8141364777618364, 0.8156160329985653, 0.8198305236728838, 0.8189786585365854, 0.8213324964131994, 0.8258159971305595, 0.8229465566714491, 0.8261074246771879, 0.8272058823529411, 0.8266006097560976, 0.8245830344332855, 0.8286181850789096, 0.8251658895265424, 0.8296493902439024, 0.829582137733142, 0.8311513629842181, 0.8326085007173601, 0.8326981707317073, 0.8320480631276901, 0.8317790530846485, 0.834312230989957, 0.8340432209469153, 0.8290889526542324, 0.8350744261119082, 0.8326085007173601, 0.8349175035868006, 0.835545193687231, 0.837562769010043, 0.8355003586800573, 0.8344019010043041, 0.8386612266857962, 0.837674856527977, 0.8382128766140603, 0.8360607962697274, 0.8352313486370158, 0.8408133070301291, 0.8395355093256814, 0.8398493543758967, 0.8391992467718795, 0.8396924318507891, 0.8389750717360115, 0.8349175035868006, 0.8397372668579627, 0.8404322094691535, 0.8430774748923959], "eval_auc": [0.870069961386252, 0.8768751099969329, 0.8842659128735522, 0.8899887334756946, 0.8951231016443063, 0.89617977576289, 0.8984141206263032, 0.9006731414281385, 0.9037320150190198, 0.9043733622678871, 0.9058061085027757, 0.9061385507135392, 0.9084483134302139, 0.9089757720417773, 0.9099606144644166, 0.9083064491475173, 0.9103657738544753, 0.9118695286174711, 0.9114112573128663, 0.911336038467214, 0.9133925509353342, 0.91434137499093, 0.9147407430585504, 0.9141083029078172, 0.9136485310054336, 0.9144559893024445, 0.9157086195799815, 0.9159153231549075, 0.9162048681699624, 0.9156610014815494, 0.9164688819159126, 0.917692405823006, 0.9179370464797508, 0.9172094656156021, 0.9168313320618932, 0.919578121518372, 0.9195883925221897, 0.9193353432914221, 0.9194981747343736, 0.9172451372269631, 0.9203853325635049, 0.9194313986357678, 0.9199623378703101, 0.9200636649061156, 0.9208829410388135, 0.9209751740299428, 0.9176473476860891, 0.921614557335033, 0.9211691571993186, 0.9217617455738135], "eval_aupr": [0.8902527267135711, 0.8954320091413014, 0.9022665336218407, 0.906220225396553, 0.9084019320501862, 0.9096680990392345, 0.9112756109220737, 0.9141115600867138, 0.916240226192915, 0.9166976886292177, 0.9179169296232617, 0.9188280352942708, 0.9204088386377094, 0.9205068095216195, 0.9212712024837268, 0.9202640432545586, 0.9226151709539618, 0.9239479862209827, 0.9233990815810882, 0.922063505342262, 0.9245695321131153, 0.9254464564437745, 0.9255786428362853, 0.9249205706440661, 0.9252270311921195, 0.9258164032357655, 0.9270925744957741, 0.9267405530790731, 0.9267417615591633, 0.9261861389145333, 0.927079617165439, 0.9283748939671123, 0.9285162696396172, 0.9278068738182825, 0.9257829717136148, 0.929516307036324, 0.9297836030365786, 0.9292518963064571, 0.9294178976012414, 0.9270385834966774, 0.9307856115242134, 0.9297909953776741, 0.9301186262062179, 0.9299158207597297, 0.9309719992237101, 0.9305781820242147, 0.9275313460782367, 0.9314341656739104, 0.9307187016480538, 0.9319049584196765],