{"train_acc": [0.5219445779272786, 0.5628704148646484, 0.5867371456030754, 0.6114047733461477, 0.6440012814352074, 0.6645843344545891, 0.6729136633028993, 0.6951786000320359, 0.7050296331891719, 0.715201025148166, 0.7185647925676758, 0.7319397725452507, 0.7344225532596508, 0.7444337658177158, 0.7580490148966843, 0.7634951145282717, 0.7687009450584655, 0.7765497357039884, 0.7817555662341823, 0.7858401409578728, 0.7938491110043249, 0.7890437289764536, 0.8007368252442736, 0.7974531475252282, 0.8026589780554221, 0.8031395162582092, 0.8105878584014096, 0.8138715361204549, 0.816194137433926, 0.8241230177799135, 0.8191574563511133, 0.8235623898766619, 0.8213999679641198, 0.8311709114207912, 0.8282876822040686, 0.8250040044850232, 0.8314912702226493, 0.8329328848310107, 0.8328527951305462, 0.8314111805221849, 0.8372577286560948, 0.8364568316514496, 0.835896203748198, 0.8410219445779272, 0.8358161140477335, 0.8421432003844306, 0.84390517379465, 0.8429440973890757, 0.842223290084895], "train_auc": [0.5363001401613736, 0.5795841181929617, 0.6141642687191669, 0.6541090024517011, 0.6934601455157665, 0.7138031552159192, 0.732524343429119, 0.7531871921175944, 0.7658864722392309, 0.7748183876423896, 0.7864179252548823, 0.7986996731022483, 0.8068652891468433, 0.8194958169126175, 0.8287670278229504, 0.8332872032447723, 0.8451833629309424, 0.8475728313585695, 0.8544589374404898, 0.8579137914505028, 0.8668179723304174, 0.8646057815379455, 0.874654277809571, 0.8722382684314259, 0.8760191218051235, 0.8801112409780981, 0.8841987527036668, 0.8905623177796262, 0.8867122628560297, 0.8963017726608444, 0.8917727416994398, 0.897948530833898, 0.8962729729060274, 0.9017002635998949, 0.9005788827722923, 0.9005357601447583, 0.9061092699146648, 0.9091548953230302, 0.9048324422820957, 0.9073883306833024, 0.9087591297083717, 0.9108266800209914, 0.9120642095923975, 0.9148845577742462, 0.9111774877296231, 0.9165805091113877, 0.9197801054014556, 0.9171946086961654, 0.9162776239894257], "train_aupr": [0.5444580659560347, 0.5752902981003191, 0.6006188123148801, 0.6382948450659183, 0.6737930909853305, 0.6843152427636148, 0.7021137019781369, 0.7152007755743974, 0.7332275332051408, 0.7403428483103471, 0.7514197407466174, 0.7648898719346037, 0.7727531335486194, 0.7930191042314527, 0.7982079773797017, 0.8032213688367285, 0.8188516005438318, 0.8210044337268134, 0.8240735760923088, 0.8316117953063011, 0.839035867963674, 0.8376115935818218, 0.8511673854940389, 0.8481190837222776, 0.8504345806233883, 0.8543958905010574, 0.861713742942523, 0.8698342240863961, 0.8658495256226862, 0.8727454639866103, 0.8721495096176796, 0.8803847542674447, 0.8738382893913693, 0.8831678539820536, 0.8793609931470208, 0.8827083885540158, 0.8892286450337403, 0.8916563750724351, 0.883012259246128, 0.8905914644326326, 0.8912196587831922, 0.8948122526750601, 0.8947668274312242, 0.9021386703857955, 0.897368013483976, 0.9040941556182804, 0.9063665771606126, 0.9025945742659843, 0.9018343218405264], "train_loss": [139.37128091588312, 110.98051073113267, 106.3628412618929, 102.14612503562655, 97.79091072447446, 94.30981928718333, 91.91155111181493, 88.20527909118302, 86.28297994574721, 83.89402413854793, 82.64041571227871, 79.76149542964235, 79.25242275729471, 77.25460340782088, 75.57311629154245, 74.89888818470799, 71.59045124297239, 71.98828061259523, 70.81856488208382, 69.21037327513403, 67.9446877484419, 68.50001773055719, 66.1133213335154, 66.56529394339542, 66.02241267476764, 64.5881867956142, 63.75823104138277, 62.18565061749244, 62.1949801657881, 59.831904545730474, 61.679893154879004, 59.778238697319615, 60.6494241034498, 58.24455965355951, 59.021365974022416, 59.031458981791324, 57.4630718334597, 56.91840823815794, 57.01405526728046, 56.86036399675875, 57.16587180507426, 55.40747072866985, 55.58553167630215, 55.09613701214596, 55.357932633891394, 54.250702230906, 52.907198288002796, 54.17340987677477, 54.46458733629207], "eval_acc": [0.5520307618360971, 0.5976928622927181, 0.6205239125210286, 0.6383080990146599, 0.6544099975967316, 0.6678683008892093, 0.6741167988464312, 0.6923816390290796, 0.7010334054313867, 0.7171353040134583, 0.7257870704157654, 0.7308339341504446, 0.7257870704157654, 0.7397260273972602, 0.7495794280221101, 0.7462148521989906, 0.760874789714011, 0.7642393655371305, 0.7683249218937755, 0.7664023071377073, 0.7606344628695025, 0.7519826964671954, 0.7649603460706561, 0.7779379956741168, 0.7649603460706561, 0.768084595049267, 0.7844268204758471, 0.7808219178082192, 0.7856284546983898, 0.7702475366498438, 0.7844268204758471, 0.7863494352319154, 0.7880317231434751, 0.7731314587839462, 0.7788993030521509, 0.7844268204758471, 0.7954818553232396, 0.7882720499879836, 0.7827445325642874, 0.7899543378995434, 0.7904349915885605, 0.786589762076424, 0.7851478010093728, 0.7844268204758471, 0.7858687815428983, 0.776255707762557, 0.7769766882960827, 0.7875510694544581, 0.7875510694544581], "eval_auc": [0.5704297342485244, 0.6207351189389355, 0.6677891609120541, 0.6857856635373962, 0.7055499212559116, 0.7279838970997121, 0.7384995957633971, 0.7513000748380857, 0.762914423411609, 0.77406028279459, 0.783601907608477, 0.7978736091510477, 0.7950318188983039, 0.8123789774778502, 0.8130219656022155, 0.8209661740172706, 0.8339574462970865, 0.8309517888336397, 0.8316852621667359, 0.8439662891172296, 0.8357583677439069, 0.8249752581313037, 0.8438149026249725, 0.8459736046672339, 0.8363328274790289, 0.8415242285413693, 0.8533924672854946, 0.8491048782505914, 0.8576691934728616, 0.8445320816867645, 0.8543792529781538, 0.8539945463882881, 0.8628842847878071, 0.8487286077018976, 0.8530270595843366, 0.8621869824257616, 0.8614324767708404, 0.8632298157892182, 0.8578707339633168, 0.8585419192663926, 0.8625155257826218, 0.8588359095231117, 0.8588606398355872, 0.855700013451441, 0.8554078721900471, 0.8484135851233534, 0.8485141242441654, 0.8600171864115485, 0.8547950458019254], "eval_aupr": [0.5698029240511178, 0.6023190935716578, 0.6470918387274912, 0.6610324825318515, 0.6779400894914832, 0.7038642895506595, 0.7135922121338859, 0.7270486677860029, 0.7340946315238972, 0.7376996639423498, 0.7478998796137619, 0.7661449381302228, 0.7644571609112539, 0.7880513523298078, 0.784504969165769, 0.7938823429802692, 0.8089512161572057, 0.7981405584241598, 0.8017968494670555, 0.819747736538605, 0.8077727240331412, 0.7932145376177181, 0.8252385341012579, 0.8186810900008736, 0.812600690245874, 0.8158843625038964, 0.8214815174229062, 0.81746236995077, 0.8352761636582899, 0.8130621498004232, 0.8310062675898349, 0.8248483144329292, 0.8422287960030242, 0.822353252446209, 0.825160802916735, 0.8426810171045452, 0.836692718449249, 0.8372788046830797, 0.8317386082069403, 0.8268564762180054, 0.8367516560453585, 0.8323809662664503, 0.8364269203738616, 0.8293985627137184, 0.8321838117935693, 0.8168250186049251, 0.8155223125790735, 0.8303642550407246, 0.8195074795545945], "eval_loss": [0.8722405860527752, 0.8311333816889759, 0.7803191388349526, 0.7466782228329583, 0.7427179673720197, 0.7121980723152078, 0.7233029089275389, 0.6765030257348342, 0.6680071151935547, 0.6396676739715836, 0.6305177241843126, 0.6199868918038194, 0.6527831140432012, 0.6132146628594576, 0.6226754828560556, 0.6206369862708871, 0.589900344603052, 0.5867964038766367, 0.6020739776416055, 0.5757281158841937, 0.5777031744050739, 0.5968786349264483, 0.5755935257600208, 0.5466035244643073, 0.5797036437425611, 0.5630871204194241, 0.5471972112499788, 0.5697086631492536, 0.5416637600915015, 0.5774216851028391, 0.556872570938687, 0.5546111046078972, 0.5417850644535183, 0.570266610310932, 0.5436086024524099, 0.5374103373158754, 0.5268455178970844, 0.5361929426712361, 0.5438010640884643, 0.5436419542808139, 0.5150919351489519, 0.5369226552350852, 0.5427349237002195, 0.5442231291619897, 0.5515312982762958, 0.5654104339248485, 0.5998946565671828, 0.5750049760467127, 0.5763196662995884]}