{"train_acc": [0.5090515860301186, 0.555911566805511, 0.5992470362063441, 0.6292053828900993, 0.6441845562319769, 0.6702979814162128, 0.6888016661326498, 0.7029798141621275, 0.7114706824735662, 0.7202018583787247, 0.7326978532521627, 0.7423101570009613, 0.75, 0.7512816404998398, 0.7655398910605575, 0.7740307593719962, 0.7764338353091957, 0.7807593719961551, 0.7914931111823134, 0.793976289650753, 0.7979814162127523, 0.7986222364626723, 0.805991669336751, 0.8119192566485101, 0.8113585389298302, 0.8110381288048703, 0.8188881768663889, 0.8194488945850689, 0.8284203780839474, 0.8233739186158283, 0.8269785325216277, 0.8319448894585069, 0.8303428388337072, 0.838112784363986, 0.8348285805831465, 0.8393143223325857, 0.8404357577699455, 0.8438801666132649, 0.8382729894264659, 0.8517302146747837, 0.8433194488945851, 0.849647548862544, 0.8461230374879847, 0.8548542133931433, 0.8530118551746235, 0.8527715475809036, 0.8566965716116629, 0.8550144184556232, 0.8583787247677026, 0.8589394424863825], "train_auc": [0.5193030632970643, 0.5780602255379729, 0.6411454732634707, 0.6772192243012742, 0.6991265439314278, 0.7261958379502513, 0.7466922068733634, 0.7656412197932878, 0.7739262913280767, 0.7877033032676803, 0.7981688567901016, 0.813117631947571, 0.8195296308891944, 0.8286887490472491, 0.8357436566402033, 0.8478276638156997, 0.8526860032246855, 0.8537267274912326, 0.866907420409596, 0.8692908349634567, 0.8719311279710197, 0.8736103060524026, 0.8806752145607165, 0.886370061855469, 0.889651414821408, 0.8880099166971251, 0.8956451598201477, 0.8948405675641429, 0.9001815827302293, 0.8960377117957009, 0.9040576884636553, 0.9050336571242016, 0.906288110837359, 0.9100673656009849, 0.9101225311122827, 0.9100897553267713, 0.9140721223906629, 0.9138798711615068, 0.91322001615809, 0.9231148370832915, 0.918327364237574, 0.9230005775881669, 0.9200419627624454, 0.9249211898341916, 0.9258706862386763, 0.9227782722603493, 0.9271228290856404, 0.927415923947853, 0.929408416970642, 0.9319696655162406], "train_aupr": [0.5374288604538535, 0.5798208789299482, 0.6343704824687562, 0.6571391450765838, 0.6778176978178311, 0.6972584628808874, 0.716638085573831, 0.732452064822751, 0.7443096204243105, 0.7593374702983406, 0.7631385245498541, 0.7827428957600677, 0.7899814194726646, 0.7985469379506028, 0.8091839412583264, 0.8220223341566342, 0.8252078165660689, 0.8258419344505444, 0.8426666786693171, 0.8453951426160902, 0.847629086521146, 0.8513223121021114, 0.8585161721001633, 0.8674176857748492, 0.8704184366225415, 0.8667297023712894, 0.8768591978340574, 0.8771736152870742, 0.8829831213249457, 0.8780144556535543, 0.8875779773131274, 0.8851639461875719, 0.890737190716163, 0.8928083421653785, 0.8952299169008622, 0.8935305899671848, 0.9001773944486027, 0.8974290080582097, 0.8994816609273704, 0.9095420452093304, 0.9064375865406163, 0.9101934119341547, 0.9091411374075204, 0.913291366215415, 0.9147671767370369, 0.9099044193950733, 0.9160231454101635, 0.9170297078099937, 0.9190822921936859, 0.9231259930047343], "train_loss": [122.33762924038633, 110.2739142398445, 105.88856790503677, 101.57016422310654, 98.7980223821134, 95.12232347410553, 90.84546489374978, 88.98638630886467, 86.90444092361294, 84.33825050568095, 82.49729064775973, 79.58833865486845, 78.56436598300934, 77.14333489476418, 76.13565887966935, 73.1952281630769, 72.13683924383047, 71.62705480809115, 69.60978269577026, 67.9487045224832, 67.92343798462225, 67.7671348902644, 65.91875715158423, 64.09746110925869, 63.215149471954426, 63.61782795190811, 61.85938695255591, 61.64542782306671, 59.98103331181468, 61.40876763937425, 58.32771098248813, 57.55303401484781, 57.2773176553298, 56.8831027429931, 56.563563515945354, 56.485366030615204, 55.42896128065732, 55.253987650482024, 55.43979164288969, 52.10190370739723, 54.13428569691522, 52.58488212556255, 53.95902600337048, 51.96895815401661, 51.01830538073364, 52.084525504890756, 51.134859154419026, 50.57208003803175, 50.635700242859976, 49.924255088884], "eval_acc": [0.5290725612686209, 0.5845747236905334, 0.6441614608361365, 0.648246035559827, 0.6612205670350793, 0.6790004805382028, 0.6946179721287843, 0.69365689572321, 0.6979817395482941, 0.7104757328207593, 0.7301777991350312, 0.7366650648726574, 0.76045170591062, 0.7462758289283998, 0.760932244113407, 0.7551657856799615, 0.7575684766938972, 0.7666987025468525, 0.7808745795290726, 0.7755886592984143, 0.7679000480538203, 0.7782316194137434, 0.7753483901970206, 0.7741470446900529, 0.7864007688611244, 0.7924074963959635, 0.7803940413262854, 0.7864007688611244, 0.7616530514175877, 0.7895242671792407, 0.7902450744834214, 0.7960115329168669, 0.7952907256126862, 0.7974531475252282, 0.7957712638154734, 0.8012974531475252, 0.790485343584815, 0.7921672272945699, 0.7936088419029312, 0.7876021143680922, 0.7873618452666987, 0.7967323402210476, 0.7938491110043249, 0.7936088419029312, 0.7950504565112927, 0.7883229216722729, 0.7957712638154734, 0.7945699183085055, 0.7931283037001442, 0.7998558385391639], "eval_auc": [0.5534938568331642, 0.6193841262712788, 0.6901239906928436, 0.7094530659466373, 0.7202553554036397, 0.7406542639011328, 0.7589982886364351, 0.7617288930286884, 0.7680413942992743, 0.7782506667110216, 0.8077014594641546, 0.810096513697377, 0.8321209634644209, 0.8129249531962394, 0.8381811956997832, 0.8356594294099491, 0.8336542140017631, 0.840075870143359, 0.8530041961673587, 0.8496527373500478, 0.8416123548991016, 0.8575128121251772, 0.8507701598073515, 0.8540993256192604, 0.8556888284552079, 0.8620838022950015, 0.8542882963800779, 0.8580658634716285, 0.8387665892302376, 0.8684523248485925, 0.8654468118923134, 0.8649175551526642, 0.8623207087928233, 0.8689268308910364, 0.867338483133089, 0.8694812683310879, 0.8616295101175592, 0.8655948928919271, 0.8675779308025113, 0.8620194644503953, 0.8614206720151399, 0.8645172051178273, 0.8635968389673416, 0.8663385321083962, 0.8670244174248598, 0.8624075706584315, 0.8700511838163407, 0.8635402401453366, 0.869569631798096, 0.8729522777214102], "eval_aupr": [0.551356160134738, 0.6044217482315529, 0.6695170517591889, 0.6831957934455397, 0.6877614458108381, 0.7096982184455525, 0.7291764785719121, 0.7317560216490587, 0.7346015581187008, 0.7437768387446264, 0.7816808373929595, 0.7849157034634919, 0.8040930176599571, 0.7799014072755859, 0.8126620492417503, 0.8129229340151608, 0.8072490798213565, 0.8111579994025397, 0.8294798493517824, 0.8261477789979291, 0.8174524693481189, 0.8350770504465245, 0.8261961234974617, 0.8299693223657799, 0.8255769547666658, 0.8354941357523575, 0.8254569988363316, 0.8310761109952525, 0.8156180068475942, 0.8419542730164753, 0.8430209942849184, 0.8384356278321086, 0.8327895180496828, 0.8429355328488642, 0.8430736899885327, 0.8474895287583122, 0.836542731804783, 0.8399609186527399, 0.84401018990252, 0.8410017810135558, 0.8361954372224765, 0.8398008221732765, 0.8411747238449759, 0.8433285128376322, 0.8439228504931569, 0.840450185419547, 0.8428356645093482, 0.8339009127564323, 0.8451148122354181, 0.8526995897847695],