{"train_acc": [0.5516720082239825, 0.6959545262139445, 0.7675515510673037, 0.7903489145552398, 0.8049222954586684, 0.81435568724678, 0.8232448448932697, 0.8270544838846223, 0.8346132914071476, 0.8340690572655258, 0.8382415190179597, 0.8388462236197618, 0.8442885650359799, 0.8443490354961601, 0.848219144947693, 0.8459817379210256, 0.8514845497974239, 0.8521497248594062, 0.8552941887887767, 0.8596480619217512, 0.8622482917094999, 0.8658160488601319, 0.8640019350547258, 0.8687186309487815, 0.8686581604886013, 0.8738586200640986, 0.8756727338695047, 0.8754913224889641, 0.8806313116042813, 0.8822640140291468, 0.8848037733567152, 0.8858922416399588, 0.8894599987905908, 0.891939287657979, 0.889822821551672, 0.8907903489145552, 0.8917578762774385, 0.8978049222954587, 0.8965955130918546, 0.8927858741005019, 0.8985910382778013, 0.8990143314990627, 0.9002237407026668, 0.8988933905787023, 0.9019773840478926, 0.9020378545080728, 0.9052427888976236, 0.9043357319949205, 0.9079639596057326, 0.9071778436233899], "train_auc": [0.5864787952481679, 0.7619937783238936, 0.8383686247580596, 0.8670096913073693, 0.8787178246009335, 0.8861156418159635, 0.8913379844907723, 0.8968707571569373, 0.9004635453227348, 0.9039370453506426, 0.9096256656177171, 0.9086359492483568, 0.9103113511815866, 0.9145264400610859, 0.9167468478561163, 0.9172054464253431, 0.9201326461275666, 0.9231199250433739, 0.924231342957865, 0.9249779048910435, 0.930310094162082, 0.9320851186208675, 0.9330689769926525, 0.9355967285431128, 0.9363995155516451, 0.9397139720423886, 0.9399524678712601, 0.9415059122919248, 0.9444355473414551, 0.9451755711350176, 0.9486993797338618, 0.9483004288902575, 0.9498997646152724, 0.9516793745478153, 0.9518888875497322, 0.9521089610366664, 0.9530987066594477, 0.9566057237945805, 0.9566639966094116, 0.956127898414336, 0.9576156981580525, 0.958993563545276, 0.9599885894105658, 0.960410379862694, 0.9606161923068418, 0.9622647907929888, 0.964585201408049, 0.9631066018652683, 0.9658292177670302, 0.9656086030918056], "train_aupr": [0.5819990235022896, 0.747602337821081, 0.8165551875213014, 0.8404581639048654, 0.8491688915961286, 0.8579329233827491, 0.860081233099894, 0.8666165033017474, 0.8711549823789042, 0.8753766272268555, 0.8870430176077387, 0.8842530335148221, 0.8851716887872417, 0.8911132004118544, 0.8926665723539625, 0.8941551020049024, 0.8961664521553008, 0.9007866330637482, 0.9031416796036964, 0.9032017959540448, 0.910490506007997, 0.9126129472548944, 0.915017637970998, 0.9183542471080562, 0.9199471832829196, 0.924281585620032, 0.9238699515301954, 0.9249109064944101, 0.931111552990836, 0.931978126015546, 0.9359639850806258, 0.9350007794806255, 0.9352839022962072, 0.9391811258956576, 0.9396283281407185, 0.9406070976294035, 0.940164463622421, 0.946936931875848, 0.9460680619905475, 0.9453643998170946, 0.9462145370906325, 0.9493628146118033, 0.9502636873395897, 0.9517086826125467, 0.9510824772525142, 0.9543396796942611, 0.9569768563467188, 0.954538896611956, 0.9592029409181432, 0.959318775537539], "train_loss": [119.13558293947807, 95.87694784998894, 82.0403924194666, 73.49887254604927, 69.02781626719695, 65.4257232111234, 63.63054539515422, 61.76951730434711, 60.421892355497064, 59.17327557870975, 57.28541174691457, 57.65117370532109, 56.52177985952451, 55.17766164495395, 54.54482748233355, 54.8082878782199, 53.33860631424647, 51.77751925816903, 51.86683323291632, 51.345559335671936, 49.725784504184354, 49.01248729320673, 49.959489585344606, 48.11800607030208, 47.46828863941706, 47.321587312221524, 46.3397537286465, 46.04466986449865, 45.14625955751309, 44.32097151279449, 43.228912895917894, 43.583944784677946, 42.93257999488941, 41.673273317859724, 41.637710027052805, 42.65215440644668, 41.40169317080424, 40.345982484863356, 39.589142099252115, 39.76289017521418, 39.01549707983549, 39.00340721905231, 38.24909850038015, 38.33480317214361, 38.289618052198335, 37.04110505787226, 36.09690725917999, 37.333425859763075, 35.73043436843615, 35.92965858704769], "eval_acc": [0.6881349782293179, 0.7797532656023222, 0.8198476052249637, 0.8153120464441219, 0.8147677793904209, 0.8323657474600871, 0.841255442670537, 0.8309143686502177, 0.82855587808418, 0.8463352685050798, 0.8369013062409288, 0.8383526850507983, 0.8465166908563135, 0.8443396226415094, 0.8437953555878084, 0.8408925979680697, 0.85177793904209, 0.8437953555878084, 0.8499637155297532, 0.8561320754716981, 0.8548621190130624, 0.8546806966618288, 0.8586719883889695, 0.8459724238026125, 0.8604862119013063, 0.8608490566037735, 0.8630261248185777, 0.8608490566037735, 0.8690130624092888, 0.8661103047895501, 0.8690130624092888, 0.8711901306240929, 0.874455732946299, 0.872278664731495, 0.8690130624092888, 0.8679245283018868, 0.8702830188679245, 0.877177068214804, 0.8779027576197388, 0.8739114658925979, 0.877721335268505, 0.8762699564586357, 0.8789912917271407, 0.8809869375907112, 0.8779027576197388, 0.8809869375907112, 0.8809869375907112, 0.8798984034833092, 0.8828011611030478, 0.887155297532656], "eval_auc": [0.7498346726069988, 0.8520698015347175, 0.8880151299414721, 0.8954318556889015, 0.8975684398794818, 0.9008761068180188, 0.9060495409474119, 0.9024124041295313, 0.9013706078636988, 0.9111345020462679, 0.9052025959988337, 0.9098187290296209, 0.9155257661244401, 0.9137319490990432, 0.9132901105715396, 0.916295692140185, 0.9194146956073537, 0.9151808266303822, 0.9124683119753908, 0.9198394846445971, 0.9210446005449253, 0.9213266741579098, 0.9249352415596794, 0.9161268429412807, 0.9254918843768082, 0.9236011024898181, 0.9280688588756419, 0.9234625342388653, 0.9238905488553473, 0.9302566573651494, 0.9301901709359512, 0.9326696539480103, 0.9321988510355097, 0.9327464095682529, 0.931297005411732, 0.9335776874176737, 0.9331305826383526, 0.9317563542265292, 0.9358528398592069, 0.9350122144128098, 0.9400060693552198, 0.9374073057394905, 0.9391100166084416, 0.9383521371437299, 0.9384834642984333, 0.9397360422932685, 0.9399566324162814, 0.9376741072222037, 0.9415231448475979, 0.9433278893455167], "eval_aupr": [0.7377669061341583, 0.8308423573676342, 0.8628371430634587, 0.8705321033917154, 0.871971094827974, 0.8735246817394616, 0.8761951704820572, 0.8711108148200213, 0.8696058180354507, 0.8812818517438175, 0.8733134952695358, 0.8834900096208114, 0.889254562971916, 0.8858596122875206, 0.8840906899154743, 0.888833071340708, 0.8929583437484645, 0.8876717661842708, 0.8794799899957257, 0.8886950851018811, 0.8982199805148503, 0.8960681408421329, 0.8990859091255725, 0.8852216146131624, 0.898724886242555, 0.8950031294970718, 0.9037184621058171, 0.8993759322390076, 0.8950354758926726, 0.9085710915752149, 0.9062960984845019, 0.9112872298730215, 0.9092272821666322, 0.9094711693135676, 0.9086965546395337, 0.9124465795318089, 0.9104430495070279, 0.90466991369131, 0.9135093821219564, 0.9119880840956187, 0.9226047649081099, 0.9191451886213067, 0.9204631424434633, 0.9179477964055164, 0.9194514631714535, 0.9195262877805193, 0.9208331285221888, 0.917972495982975, 0.9258583800824504, 0.9258748568722155],