{"train_acc": [0.5201025148165946, 0.5643921191734743, 0.6016338298894762, 0.63022585295531, 0.6528111484863046, 0.6797212878423835, 0.6970206631427198, 0.7103956431202947, 0.7188851513695339, 0.731058785840141, 0.7377062309786961, 0.7481178920390837, 0.7516418388595226, 0.7723850712798335, 0.7823161941374339, 0.7861604997597309, 0.7896844465801698, 0.7980938651289444, 0.8017779913503124, 0.8032996956591383, 0.8090661540925836, 0.8131507288162743, 0.8153932404292807, 0.822200864968765, 0.8261252602915266, 0.8282876822040686, 0.8263655293929201, 0.8328527951305462, 0.8339740509370495, 0.8361364728495916, 0.8405414063751402, 0.8391798814672433, 0.8374179080570239, 0.839900688771424, 0.8416626621816434, 0.8426237385872177, 0.8489508249239148, 0.8483101073201986, 0.849911901329489, 0.8546371936568957, 0.8519942335415666, 0.847909658817876, 0.8540765657536441, 0.8547973730578248], "train_auc": [0.526602336091342, 0.5892747351584045, 0.6385386408902872, 0.6759555672659727, 0.7053646730451364, 0.7357067035022888, 0.7560543334839631, 0.7708769024811297, 0.7841831977558779, 0.7997050335272012, 0.8071205211985575, 0.8170369159210153, 0.8254612677308117, 0.8442487184814985, 0.8560742006945053, 0.860597751488661, 0.8632432733513841, 0.8726561472268106, 0.8772465637618744, 0.8790230491727578, 0.8832176102543554, 0.8891249481983019, 0.8906097013334517, 0.8943042837838515, 0.9003683006078366, 0.9020167015476532, 0.9013729808246767, 0.9052070701087934, 0.905439829624552, 0.907353999424775, 0.9108022566995045, 0.9109602703275382, 0.9124405828587813, 0.9161683543314434, 0.9159735067923913, 0.9159645870822319, 0.921170579125337, 0.9229385811859827, 0.9238548471822636, 0.9251684445552741, 0.9241825278150574, 0.9235536946658722, 0.929451612369161, 0.9275697973737037], "train_aupr": [0.5385546323146381, 0.586023524925583, 0.6264967194271228, 0.655746783125019, 0.6818005449850709, 0.700427787379792, 0.7224083803299391, 0.7354940073406018, 0.7502011763090553, 0.7686763441779557, 0.7758387452008371, 0.7905103099549096, 0.7988491852278186, 0.8180252690343718, 0.8315608060856964, 0.8327017711387307, 0.8393515388386712, 0.8490094029444737, 0.8566366864675062, 0.8567442616065513, 0.8599595554208685, 0.8684180998004769, 0.8706461096440274, 0.870047025082036, 0.8809977885917655, 0.88275247219138, 0.8811523773357411, 0.8874986815477691, 0.8874318461389192, 0.8888670089278972, 0.8916778086636119, 0.8957989343957855, 0.8976572345870641, 0.9002138538889279, 0.9018588690679883, 0.9038863946638723, 0.90655816945861, 0.9121934204696934, 0.911855290394131, 0.914554251571988, 0.9111193317771246, 0.9140036948544115, 0.9190743207211014, 0.918543019911801], "train_loss": [121.60959753698232, 107.33778280992897, 101.62074653591428, 97.51532880505737, 93.45207032622123, 90.38721726743542, 86.26779724018914, 84.3727331039857, 81.82339362343963, 79.74803661083689, 77.91142576203055, 78.49042330226119, 75.09409584804457, 71.46226255504452, 69.57227407304607, 67.88463097020072, 67.82324640848199, 65.36055315027431, 64.0431918672153, 64.87513888186338, 63.75408244984491, 61.051805701791025, 61.26914613465873, 59.73297386631674, 58.48702244065246, 57.726231958184925, 58.10829051538389, 57.86905628077838, 57.41411415533144, 56.36440985056819, 55.507525334552845, 55.65376170618193, 54.747809169243794, 54.08879595265097, 54.08016773632595, 53.68314565444479, 51.8814709077076, 52.711784570801015, 51.96701554011325, 51.168047745617066, 50.88128351800296, 51.57936739982391, 49.88495757385176, 50.38867126557292], "eval_acc": [0.535688536409517, 0.5996154770487864, 0.6243691420331651, 0.6520067291516463, 0.6635424176880558, 0.6870944484498919, 0.6935832732516222, 0.7036770007209805, 0.7212208603701034, 0.7233838019706801, 0.7363614515741408, 0.7310742609949531, 0.7341985099735641, 0.7433309300648883, 0.7615957702475367, 0.7627974044700793, 0.764479692381639, 0.7599134823359769, 0.7673636145157414, 0.7788993030521509, 0.7774573419850997, 0.7647200192261475, 0.7748137466955058, 0.7748137466955058, 0.7820235520307618, 0.7844268204758471, 0.7748137466955058, 0.7875510694544581, 0.7827445325642874, 0.77577505407354, 0.791155972122086, 0.7937995674116799, 0.7954818553232396, 0.7923576063446287, 0.791155972122086, 0.7901946647440519, 0.7909156452775775, 0.7897140110550348, 0.7935592405671713, 0.7901946647440519, 0.7853881278538812, 0.7875510694544581, 0.794280221100697, 0.7853881278538812], "eval_auc": [0.5534227908088292, 0.6447601552601374, 0.6749805971053053, 0.7061555827871477, 0.7205992408949692, 0.7465924171777213, 0.7555380876858298, 0.7655060214844012, 0.7844341866292677, 0.7931810901399088, 0.8104541733442363, 0.8115498186366711, 0.8016790726548845, 0.817119685929654, 0.8391642171330681, 0.8392369057617931, 0.8414125954486056, 0.8395109037565576, 0.844433853810109, 0.8504916247445498, 0.8548410395606418, 0.842401807947629, 0.8498763715500636, 0.8544551773486978, 0.8555125715503409, 0.857566343107893, 0.8503483276068406, 0.8595632580591928, 0.8629201090722344, 0.8537130368500147, 0.8610489258030534, 0.8632936061279401, 0.8670038463725254, 0.860896383688718, 0.8632922193814463, 0.8610759673596855, 0.8646565468070856, 0.8643805842547878, 0.8638115559434337, 0.862153469385491, 0.859633751005969, 0.8661593177577049, 0.8650896739620317, 0.8666588931821533], "eval_aupr": [0.5633418630680062, 0.632574710704356, 0.6577671592506746, 0.6825167961137367, 0.6919399712906977, 0.7164928354823337, 0.7274120981631561, 0.7406385529928693, 0.7543078105055425, 0.7689775332664102, 0.784605592211795, 0.784570682997258, 0.7710857109480326, 0.7899389977910489, 0.8094197739330455, 0.8110493775230596, 0.8145161288750536, 0.8145720849764603, 0.8197652908505761, 0.8215040339722022, 0.8305106542256355, 0.8140193882220217, 0.8216957112313952, 0.8349182559691016, 0.832107724946878, 0.83231868503656, 0.8260725693789229, 0.8346701638466674, 0.8438700775759729, 0.8277773299975016, 0.8311043622415751, 0.8335802409568542, 0.8367633604716076, 0.827342993505285, 0.8376153872529691, 0.8355884213791078, 0.8398428638292325, 0.8361960838318838, 0.8363329134077317, 0.8333808849920061, 0.8295803431288733, 0.843595862818262, 0.8380821927130311, 0.8359109181382586], "eval_loss": [0.8523069591340008, 0.7918716486300794, 0.7689260424429681, 0.7165083328395817, 0.6978125057808341, 0.6692874233787434, 0.6518625155202301, 0.6464680549159298, 0.6117458854750698, 0.6240967171348594, 0.6125438967538378, 0.5946821872358912, 0.6030164851617481, 0.5799908896272957, 0.5445040678410712, 0.5591392127245959, 0.544407006855396, 0.5425404221843682, 0.5441253175459868, 0.5278157115956678, 0.5299033077110954, 0.5527620239631398, 0.5320910080296866, 0.5282924891205769, 0.525846846715042, 0.5346711280969896, 0.5628186070526543, 0.5264076493202394, 0.529866484359777, 0.5315068360848715, 0.5240552913495137, 0.5241059432577496, 0.518167856678714, 0.52903490902655, 0.5352783876810759, 0.5235476654414173, 0.5183059080407414, 0.5228100205894504, 0.5235658667818682, 0.5266146787698095, 0.5416014443306761, 0.5399556424834928, 0.5461495216148915, 0.5266997890671811]}