{"train_acc": [0.7090208034433285, 0.784351087996174, 0.7947378646580583, 0.8024046508847441, 0.8074037541846006, 0.8111848397895743, 0.814218675274988, 0.8153993304638929, 0.8157729555236729, 0.8182314084170254, 0.8194643711142994, 0.820293818747011, 0.8224683165949307, 0.822647656623625, 0.8232529292204687, 0.8235144667623147, 0.8244111669057868, 0.8253825920612148, 0.8264661047345767, 0.8261074246771879, 0.8281324725011956, 0.8276691774270684, 0.8287900526064084, 0.8297241152558584, 0.8299707077953132, 0.8310542204686753, 0.8308076279292205, 0.8313830105212817, 0.8309047704447633, 0.8321750956480153, 0.8319583931133429, 0.8325412482065997, 0.8328625657580105, 0.8326309182209469, 0.8335575083692014, 0.8339610234337638, 0.8333183883309422, 0.8337443208990913, 0.8344093735054997, 0.8345662960306074, 0.8344467360114778, 0.8346036585365854, 0.8347456360593017, 0.8357021162123386, 0.8351043161166906, 0.835358381157341, 0.8360159612625538, 0.8361131037780966, 0.8340955284552846, 0.835993543758967], "train_auc": [0.7878023416063463, 0.8591366344485007, 0.8711698834765823, 0.8787157454434253, 0.8845861413552646, 0.8910054606696209, 0.8944374910605157, 0.8960026344220771, 0.897459505694975, 0.8989741437843028, 0.9001077771158663, 0.900900319558065, 0.9017803963123024, 0.9027390139544725, 0.9036926125175352, 0.9044953060229389, 0.9050292437728013, 0.9060327349505541, 0.9065190753738224, 0.9072385077586291, 0.9083778218528484, 0.9082577594009282, 0.9091060450805025, 0.9095285977579194, 0.910176594675175, 0.9109663006447251, 0.9109602272273256, 0.9113553453322263, 0.9118146901834892, 0.91256127314735, 0.9124527353801783, 0.9130613201917661, 0.913349950017508, 0.9132702406578512, 0.9141787890130317, 0.9142970683255063, 0.9139669898605627, 0.9140115940323111, 0.9142458511152773, 0.9143407481504648, 0.914559100036078, 0.9143447437140078, 0.9150569875910809, 0.9154817892108262, 0.9156777180090252, 0.9155145242873514, 0.9161641440882059, 0.9153849294603034, 0.9158940344778703, 0.916086352996618], "train_aupr": [0.8032115806846682, 0.8777860219315183, 0.8888661579714868, 0.8948340329360145, 0.9000931871081466, 0.9053078438961928, 0.9077061419777155, 0.9091815684240608, 0.9106228517798598, 0.9115996919344378, 0.9129660709292493, 0.9131766529413784, 0.9144099858261101, 0.9151962516912222, 0.9160176227005057, 0.9166617034741946, 0.916693803853083, 0.9180987049092422, 0.9180299036130073, 0.9187272271958394, 0.9193261375680299, 0.9195947439654287, 0.9201843360127886, 0.9205165011382415, 0.9211855578532129, 0.9220197348505608, 0.9217066125012268, 0.9224230754853554, 0.922644509581362, 0.923265862823887, 0.9231461919700458, 0.9237830475331741, 0.9239086076962663, 0.9237030884755157, 0.9242907237477547, 0.9244803248713127, 0.9245255551546046, 0.9243937576955568, 0.9243915103192726, 0.9250739337658773, 0.9249040280000169, 0.9248599671562463, 0.9253831189713887, 0.9257413484364546, 0.9257749088173455, 0.925918013481706, 0.9262878370105199, 0.925951061985063, 0.9262620168260421, 0.9262702886015766], "train_loss": [85.5383831191929, 68.58572430364488, 64.83361874574913, 62.757772899722504, 61.1207637093947, 59.28978502590843, 58.24834950157151, 57.602602422579295, 57.06223292742815, 56.4662480801059, 56.04919547013525, 55.76067020788248, 55.3735837371126, 55.02860028976236, 54.74343437172943, 54.317792181303126, 54.22764269754034, 53.73114878543248, 53.64562656774576, 53.482499027799236, 53.047694215355136, 53.119253756667185, 52.70231333015982, 52.605369544165995, 52.39700556439606, 52.15614319577044, 52.11335596299764, 51.90384475861179, 51.74801345628261, 51.47953154343264, 51.49055031654256, 51.22666733305951, 51.11700241242038, 51.09971204360174, 50.860373746824536, 50.80572606227138, 50.78875032574451, 50.799885365064924, 50.67047100176547, 50.52847528366468, 50.51238727751927, 50.5539215773515, 50.32488944744745, 50.18218694362312, 50.013187412094204, 50.038752874954255, 49.94066504994496, 50.01136109477931, 49.85965185365987, 49.91717344214766], "eval_acc": [0.7888495337159254, 0.8008428981348638, 0.8114239598278336, 0.8093391319942611, 0.8150107604017217, 0.822386119081779, 0.823394906743185, 0.8215118364418939, 0.8214445839311334, 0.8271386298421808, 0.8258159971305595, 0.8283940100430416, 0.8265109397417504, 0.8290441176470589, 0.8302098278335724, 0.8317342180774749, 0.8321377331420373, 0.8293355451936872, 0.8329895982783357, 0.8288647776183644, 0.8343570659971306, 0.834424318507891, 0.8320256456241033, 0.8350744261119082, 0.8363073888091822, 0.8342673959827833, 0.8365091463414634, 0.8360383787661406, 0.835769368723099, 0.8381680416068866, 0.8371592539454806, 0.8352761836441894, 0.8339983859397417, 0.8383025466284074, 0.8360832137733142, 0.8378766140602583, 0.836105631276901, 0.8365763988522238, 0.8377421090387375, 0.8418220946915351, 0.8429429698708751, 0.8417548421807748, 0.8417324246771879, 0.8421807747489239, 0.8417548421807748, 0.8407236370157819, 0.8402977044476327, 0.8420686872309899, 0.8396251793400287, 0.8406339670014347], "eval_auc": [0.8644897478275284, 0.8794021709309883, 0.8894613502458013, 0.8917238215179473, 0.8980345698971972, 0.9031428690741243, 0.9049497536342087, 0.9040787978386954, 0.9061845978579672, 0.9094587243102484, 0.9082944483856439, 0.9106522342515913, 0.9089777822196455, 0.9110329498787718, 0.913016634607814, 0.9135007889626504, 0.9134786528839651, 0.9107201631872042, 0.9138773214096872, 0.9131405339309019, 0.9151964232438828, 0.9166922790129455, 0.9134216442396215, 0.9168845153377536, 0.9172814189273073, 0.9170972645226184, 0.9172163756020242, 0.9191268918668396, 0.916285271264337, 0.9197638599432211, 0.9188374785184352, 0.9177857966765873, 0.9172797947035898, 0.9193298333938853, 0.9175276757670581, 0.9195093503182321, 0.919506223486558, 0.9180501873308878, 0.919399202621941, 0.920920317281007, 0.9214867100226118, 0.9201749855411927, 0.9221435678039105, 0.9220716969094979, 0.9221141237235853, 0.9212526941609896, 0.9215049986208571, 0.9220205218013278, 0.9201588438129105, 0.9216753370730574], "eval_aupr": [0.8827000660002532, 0.8970430085888748, 0.9044831599221401, 0.9061491183017836, 0.9119522898836341, 0.916187719641005, 0.91744668922904, 0.9165725290243678, 0.9185222370306547, 0.9215013360393912, 0.9201625586460411, 0.9225288829229334, 0.920961399437135, 0.9228556645094718, 0.9244737273856526, 0.9244432933022252, 0.9243864388199501, 0.9226796633969614, 0.924994348854209, 0.9248101462100531, 0.9263588088922279, 0.9274336319017744, 0.9244180943708257, 0.9269788644297057, 0.9274893874942152, 0.9270948671007296, 0.9278540901510941, 0.929250205866188, 0.9270096312722408, 0.9297979545496345, 0.9291566455808599, 0.9279345218410777, 0.9278150200459216, 0.9290589017654498, 0.9264723250903506, 0.9294292341705978, 0.9296343425221293, 0.9280523108480686, 0.9295469060185204, 0.9309248461741065, 0.9315184928384885, 0.9307244707099314, 0.9319075888784747, 0.931756537068713, 0.9321304043761883, 0.9310260676838809, 0.9313389064884934, 0.9318165562163031, 0.9305318302616785, 0.9314236130421609],