{"train_acc": [0.6086719883889695, 0.7486695694242864, 0.7910014513788098, 0.8078737300435413, 0.8185171746492501, 0.8251088534107403, 0.8360546686018384, 0.8436744073536526, 0.842948717948718, 0.8472423802612482, 0.8540759554910499, 0.8572810836961781, 0.8613328495403967, 0.8670174165457184, 0.8702225447508466, 0.8716134494436382, 0.875, 0.8769351717464925, 0.8774794388001935, 0.8808659893565554, 0.8847968069666183, 0.8889090469279148, 0.8852201257861635, 0.8907232704402516, 0.8929608127721336, 0.8920537010159652, 0.8945936139332366, 0.8912070633768747, 0.8990082244799226, 0.8967706821480407, 0.9022133526850508, 0.8989477503628447, 0.9028180938558297, 0.9013062409288825, 0.9024552491533624, 0.9059022738268021, 0.905418480890179, 0.9057208514755685, 0.909288824383164, 0.9078979196903725, 0.9096516690856313, 0.9074746008708273, 0.914247701983551, 0.9109820996613449, 0.9134010643444606, 0.9138243831640058, 0.914308176100629, 0.9178761490082245, 0.9179970972423802, 0.9145500725689405], "train_auc": [0.661834794796381, 0.8198853557341765, 0.8634719687919544, 0.8816883160350596, 0.8922330574714312, 0.8985549739987568, 0.903324699215071, 0.9114685050022376, 0.9150643898824291, 0.9149526356188713, 0.923242865164279, 0.9240966709561268, 0.9272844578498524, 0.9305595328763941, 0.9351215044372273, 0.9376781821856491, 0.9386766636325251, 0.9426008700902144, 0.9424232657294767, 0.9448312376769695, 0.947624750496666, 0.9493721149714172, 0.9495215521962845, 0.951926452163236, 0.9532962702294308, 0.9543641564938274, 0.9559774948460942, 0.9548458722997, 0.9583661279446543, 0.9581330377639445, 0.9610066780761, 0.9599590668832774, 0.9616841668133416, 0.9621222385528058, 0.9619466675506168, 0.9638760103012576, 0.9645074047018972, 0.9653703532929759, 0.9660730176421795, 0.9663209996142762, 0.9665454516782727, 0.9662485740158895, 0.9700176747131882, 0.9688441927747954, 0.9695745561485486, 0.9706996836503695, 0.9696809344461588, 0.9709563841958129, 0.9719956571557369, 0.9715434177345845], "train_aupr": [0.6601502392286406, 0.8013086896469869, 0.838523208430805, 0.8569870897146524, 0.8655897714394645, 0.8726575474110069, 0.8756491133233972, 0.885420512764918, 0.8914351305925344, 0.8899115278386627, 0.9042207309379734, 0.9032818867167963, 0.9081745064852372, 0.911699723630479, 0.9152274430291983, 0.9191229408452594, 0.9215092722797655, 0.9291707379983445, 0.9270661423041022, 0.9292196453877763, 0.9340602540607963, 0.9374380750973245, 0.9373096533751949, 0.9406516990835224, 0.9419402596212851, 0.944338231327572, 0.9459172387039517, 0.9441236109055184, 0.9477304240407265, 0.9482821287493955, 0.9515662966341568, 0.949947146722818, 0.9538550785078055, 0.9536299802709631, 0.953186801086689, 0.956436023735817, 0.9562793140208249, 0.9591911901901529, 0.9594697097426456, 0.9601429423628192, 0.9606376306343529, 0.9608584423179146, 0.9642774239648192, 0.9631158137982776, 0.9636718552717919, 0.966075209098192, 0.9642667712402931, 0.9651316009075253, 0.9672194125528031, 0.9668428999401096], "train_loss": [112.8163990020752, 90.39203291672926, 79.37776314295255, 73.94683218919315, 68.5052295244657, 65.51414197958432, 63.63809897716229, 60.71950797301072, 59.16830672484178, 58.86705507865319, 55.77414990938627, 55.552270854436436, 54.499164130137515, 53.02522548895616, 51.420168056854834, 50.54628701943618, 49.72165104242472, 48.632546014052174, 48.66584671277266, 47.1419918188682, 46.45019432764787, 45.147946823560275, 45.59720813494462, 44.15463052529555, 43.38335173130035, 42.99324240867908, 41.45675153915699, 42.51760036211748, 40.34636683280652, 40.237177518697884, 39.95224632483262, 39.77294006531055, 38.782001091883735, 38.28510486804522, 37.98799347419005, 37.169309773811925, 37.19547973321034, 36.7856022633039, 36.01892129091116, 36.08275876045227, 36.19206594870641, 36.20728426529811, 34.09006882080665, 34.86876536149245, 34.656181310690364, 34.26941274496225, 34.23254149143512, 33.4095557487928, 32.65894099198855, 34.09672065973282], "eval_acc": [0.7253265602322206, 0.7668722786647315, 0.8027939042089985, 0.8009796806966618, 0.7567126269956459, 0.8115021770682148, 0.8345428156748912, 0.8325471698113207, 0.8441582002902758, 0.840711175616836, 0.8359941944847605, 0.840711175616836, 0.8457910014513788, 0.8481494920174165, 0.8555878084179971, 0.8592162554426706, 0.8641146589259797, 0.8590348330914369, 0.8608490566037735, 0.8655660377358491, 0.8684687953555879, 0.8675616835994194, 0.8621190130624092, 0.862844702467344, 0.8699201741654572, 0.8715529753265603, 0.8760885341074021, 0.8757256894049347, 0.875544267053701, 0.8740928882438317, 0.877721335268505, 0.8773584905660378, 0.8759071117561683, 0.8730043541364296, 0.8724600870827286, 0.8793541364296081, 0.8630261248185777, 0.8837082728592163, 0.8835268505079826, 0.8846153846153846, 0.8793541364296081, 0.8788098693759071, 0.8798984034833092, 0.8815312046444121, 0.8797169811320755, 0.8773584905660378, 0.8817126269956459, 0.8762699564586357, 0.8782656023222061, 0.8822568940493469], "eval_auc": [0.8064913794749152, 0.8554810161496195, 0.8892134655425852, 0.8969202959370208, 0.8927924761060282, 0.9002680522175198, 0.907214830818369, 0.9092085679283949, 0.9129628788492187, 0.9125559292400075, 0.9151803000052005, 0.9198916205375922, 0.9205331158371333, 0.9188718108730984, 0.9235778651536726, 0.9303733706710587, 0.9267898837935709, 0.9263555496749077, 0.9311295386039298, 0.9288210112915023, 0.9318603626999283, 0.9330593565825185, 0.9332617123086129, 0.9290201414383582, 0.9312740313881774, 0.9308780750796356, 0.9373972340328889, 0.9378891019526604, 0.9335769633080487, 0.9342399185837469, 0.9383536511911273, 0.937696422964281, 0.9382967756714965, 0.9351201725750721, 0.937462338070985, 0.9418141052605248, 0.9354408214826211, 0.9402176410219952, 0.9436894175328006, 0.9415839042279444, 0.940040299992035, 0.9403440310656194, 0.9397352523554956, 0.9423898382404926, 0.9421267889621995, 0.9423607421992, 0.9403610147277316, 0.9394059799605953, 0.9424394068357266, 0.9429822257418339], "eval_aupr": [0.7956273325580039, 0.8377392119761251, 0.8659592340859845, 0.8730186513930283, 0.8678293182973679, 0.8725147096324134, 0.8826480643524983, 0.8831317960073972, 0.887903366250444, 0.8879950846998161, 0.8911023339381058, 0.8979541260577361, 0.8961841069292791, 0.8951391624426612, 0.9011150378952528, 0.9086826441139609, 0.902097704326068, 0.9037181633640347, 0.9090336684565085, 0.9040863114276503, 0.9083427211827803, 0.9135717463730791, 0.9147306297963611, 0.9054370425358551, 0.909825096265259, 0.9095283418801581, 0.9180244964049935, 0.9204973669251535, 0.9092470816182483, 0.9120668576288089, 0.919165560605862, 0.9179881885690688, 0.9204819571094301, 0.9130708824561979, 0.917288447338203, 0.9248337005713521, 0.9157544675076816, 0.9216904724131678, 0.9272353557773897, 0.9225793300800972, 0.9217861736909967, 0.9210249940516719, 0.9162825254755788, 0.9256161511837232, 0.9230446205941486, 0.9273325771359682, 0.9251326770735734, 0.9212133305929836, 0.9262501030191621, 0.9270876796457651],