{"train_acc": [0.5197436924309171, 0.5612334801762114, 0.593672406888266, 0.6189827793352023, 0.6471766119343212, 0.6674409291149379, 0.6884261113336003, 0.7042851421706047, 0.7194233079695634, 0.7373648378053664, 0.7536243492190629, 0.758590308370044, 0.7657989587505006, 0.7736483780536644, 0.7869443331998398, 0.7945534641569884, 0.797036443732479, 0.7973568281938326, 0.8067280736884261, 0.8096916299559471, 0.8104925911093313, 0.8178614337204646, 0.8219463356027232, 0.822507008410092, 0.8208249899879856, 0.8265919102923508, 0.8262715258309972, 0.8284341209451341, 0.8303564277132559, 0.834521425710853, 0.8365238285943132, 0.8335602723267922, 0.8397276732078495, 0.8420504605526632, 0.8440528634361234, 0.8366840208249899, 0.8470965158189828, 0.846936323588306, 0.8443732478974769, 0.8517420905086104, 0.8449339207048459, 0.8490989187024429, 0.8488586303564277, 0.8555066079295154, 0.8504605526631959, 0.8574289146976372, 0.8519022827392871, 0.8582298758510212, 0.8548658390068081, 0.8551862234681618], "train_auc": [0.5266599747641681, 0.5830894768121727, 0.6266571123071532, 0.664342360127899, 0.7003296318212799, 0.7213187583354619, 0.7510761169679521, 0.7695669859867966, 0.7875058757385587, 0.8072859286490872, 0.8232473355402918, 0.8291005723630416, 0.8417524526635611, 0.848222272996248, 0.8592965672337242, 0.8676251105511705, 0.8715465868088226, 0.8730842268349568, 0.8785122155032211, 0.8815602829596522, 0.882589445363654, 0.887719674321707, 0.8934385425344425, 0.8941004760920658, 0.8975834573089566, 0.899289687067984, 0.9005632622254512, 0.9010713419275502, 0.9033322208687236, 0.9059054285277859, 0.9079947910984004, 0.9088751955905325, 0.9097257304078937, 0.9127862360744032, 0.9121175250400809, 0.9135259822527664, 0.9172703327510009, 0.9155051723186287, 0.9171712506626652, 0.9225067421773414, 0.9188569169412528, 0.921179255273403, 0.9206197540340748, 0.9238122279542673, 0.9192309874449811, 0.9284109512727664, 0.9241866321973786, 0.9278903948521986, 0.9250366535695353, 0.9271017430181079], "train_aupr": [0.5354383129833538, 0.5832120796689697, 0.6169355841492488, 0.651289403810998, 0.6819940022752653, 0.6965685116465593, 0.7246644271142518, 0.7358179209704647, 0.7583167058200022, 0.7752441791672496, 0.7932650839552358, 0.8004246261442561, 0.8173539231605073, 0.8218271998294889, 0.835819599957375, 0.8440901269461583, 0.8461731572855593, 0.8473386560100171, 0.8557415037667807, 0.8570197657283595, 0.8585466269612454, 0.8641965006557273, 0.8710621640068172, 0.8730366416245843, 0.8796333170447445, 0.8780653350923575, 0.8799100540760121, 0.8799064200529365, 0.8830687529882001, 0.8865235911202867, 0.8894561368228096, 0.8906696659196596, 0.8878592970143282, 0.896810441124269, 0.8938606034033714, 0.8995305530393229, 0.8996259161506805, 0.8980204995065462, 0.9023085600893986, 0.9061940904154593, 0.9039573815021924, 0.9040497540638599, 0.9063748580247056, 0.9090220904570482, 0.9026843964652221, 0.9172708381437148, 0.912815307217935, 0.9165193729097767, 0.9127298166881652, 0.9153639453868762], "train_loss": [119.50081351703527, 111.48915550295187, 106.76182070192026, 102.62650078595901, 98.47582492718891, 96.39761458185254, 92.55463976519448, 88.87187659071417, 84.80118204683674, 81.38880563877066, 78.00376936671685, 77.79146094954744, 74.9398311802319, 72.7202459129752, 70.6591208631895, 69.87674936104794, 68.4867043361372, 67.29723542594179, 66.2208122735729, 65.30868880389905, 65.16295131371946, 63.433245671038726, 62.839403247650786, 62.1611827882577, 60.89211494642861, 60.51191241583046, 60.08069858137442, 59.820806977092005, 58.62789167798295, 58.468950058732716, 57.49192832440746, 57.36367460112182, 56.47494812492205, 55.859461007373675, 55.68327802906231, 56.7192563034442, 54.37935952021151, 55.08652230793116, 54.13221555035941, 52.889990767045894, 53.88409804324714, 52.22446259734582, 52.26775076498791, 51.272181520048456, 52.91405250983579, 50.05166190406498, 51.42354501692616, 50.291911670443966, 50.786276243475015, 50.59644043962566], "eval_acc": [0.5539533765921654, 0.551069454458063, 0.5957702475366499, 0.6322999279019467, 0.6587358807978851, 0.68084595049267, 0.6938236000961308, 0.7007930785868781, 0.7267483777937995, 0.7233838019706801, 0.7390050468637347, 0.7447728911319395, 0.7466955058880077, 0.748618120644076, 0.7654409997596732, 0.7606344628695025, 0.7618360970920451, 0.7724104782504205, 0.7841864936313386, 0.771689497716895, 0.7815428983417447, 0.7786589762076424, 0.7801009372746935, 0.7784186493631339, 0.7880317231434751, 0.7668829608267244, 0.7755347272290315, 0.7841864936313386, 0.7861091083874069, 0.7801009372746935, 0.794280221100697, 0.7885123768324922, 0.7901946647440519, 0.7779379956741168, 0.7875510694544581, 0.7877913962989666, 0.787070415765441, 0.791155972122086, 0.7954818553232396, 0.7815428983417447, 0.7925979331891372, 0.7832251862533045, 0.7971641432347993, 0.787070415765441, 0.7976447969238164, 0.7901946647440519, 0.7976447969238164, 0.7952415284787311, 0.7904349915885605, 0.798846431146359], "eval_auc": [0.5775534509879875, 0.6003016404748774, 0.6542216954639986, 0.6878037263727288, 0.7167646557147592, 0.7412280194902596, 0.7396649250671532, 0.7664200029861274, 0.7935262744546966, 0.7874119936006271, 0.808725247152894, 0.8193700288027248, 0.8197453748537561, 0.8270227893296329, 0.8401342463055917, 0.8334810988764119, 0.8395721517267075, 0.8439979531621749, 0.8491738688886659, 0.8417366318793604, 0.8494103091658859, 0.8475759902410027, 0.8542246307440773, 0.8512542197540189, 0.8546359166417437, 0.843076922365771, 0.840991949012105, 0.853275287206755, 0.8518127319044606, 0.8497274118641711, 0.8585948467575788, 0.8590825192746206, 0.8603708067675078, 0.8478824612161673, 0.8599633344226998, 0.855975744879323, 0.8588248155511602, 0.8537079521128701, 0.8677922117543405, 0.8550001687208235, 0.8646399058491581, 0.849923058682027, 0.8640047759549253, 0.8565570227847071, 0.8635990370432345, 0.8573883773078349, 0.8618652572391633, 0.8544974731167635, 0.8581501633818495, 0.8682114714443473], "eval_aupr": [0.5938105102739797, 0.6087606196081747, 0.6497588347048346, 0.6682830066589431, 0.6969773028529053, 0.7121965025316238, 0.7096859689222395, 0.7424242373194285, 0.7649306317877153, 0.7596346468333232, 0.7789182688264604, 0.7945292711727854, 0.7895788429213318, 0.7982713018533389, 0.8138550044398452, 0.8086190955470646, 0.813595629242394, 0.8162063747061541, 0.8211288320219563, 0.8116379614196022, 0.8161527783244391, 0.8223962137560017, 0.8309734254778923, 0.8255606505740604, 0.825301461683759, 0.8152532835630917, 0.7998144978998531, 0.8235217873174405, 0.8269404728969469, 0.817182561650468, 0.8281271215928308, 0.8307851186466755, 0.8340563440947466, 0.8174544991655808, 0.8357681323214501, 0.829703358617752, 0.8288709953115809, 0.8175493136601728, 0.8428209694732408, 0.8261842085540558, 0.8336066746527052, 0.8097670761597058, 0.8347854404720464, 0.8225180830112481, 0.8328931449554737, 0.82338493044381, 0.8278796098150549, 0.8225843527577397, 0.8198604280823321, 0.8398667015754286],