{"train_acc": [0.7034089550454328, 0.7835739478718317, 0.7941624820659972, 0.7999536704925873, 0.8036749760879962, 0.8087562769010043, 0.8118349473935916, 0.8151751554280249, 0.8153619679579148, 0.8174692132950742, 0.8186573409851745, 0.819322393591583, 0.8199799736967958, 0.820966343854615, 0.8221469990435198, 0.8230362266857962, 0.8241720468675275, 0.824030069344811, 0.8262120396939263, 0.8257487446197992, 0.8260252271640364, 0.828349175035868, 0.8279680774748924, 0.8301724653275945, 0.8304340028694405, 0.8314054280248685, 0.8302397178383548, 0.8316669655667145, 0.831711800573888, 0.8319583931133429, 0.8326608082257293, 0.8335350908656145, 0.8328924557627929, 0.8328027857484457, 0.8336322333811573, 0.8333109158297465, 0.8341254184600669, 0.835059481109517, 0.8346783835485414, 0.8335724533715926, 0.8349772835963654, 0.8352761836441894, 0.8359038737446198, 0.8357544237207079, 0.834947393591583, 0.8363073888091822, 0.8354480511716882, 0.836441893830703, 0.8363372788139646, 0.8365240913438546], "train_auc": [0.7818611129452868, 0.8583847130106044, 0.8694988099952504, 0.8758649178912563, 0.8814437731281238, 0.8872849420588476, 0.8920961168450676, 0.8951847909878162, 0.896983389483051, 0.8990457479951182, 0.8990067867276758, 0.9004866078662659, 0.9009499115394874, 0.9017485008200667, 0.9029786345270208, 0.9040939252088899, 0.905170295496933, 0.9049489804974653, 0.9064651641902204, 0.9070828304270343, 0.9076319251413765, 0.9084923264979924, 0.9090645861670588, 0.9100591900134263, 0.9106488246548969, 0.9110848777985536, 0.910457710567722, 0.9121356064810622, 0.9122868305986194, 0.9122125573183011, 0.9127495391475153, 0.9134023850604953, 0.9135029007661777, 0.913578439453464, 0.9140524942279842, 0.914312085359271, 0.9143138855852285, 0.9144152746015181, 0.914708513541759, 0.9143579752631192, 0.915205649513592, 0.9157128160496346, 0.9158129623292954, 0.9155269132369064, 0.9148597259332785, 0.9157528380209323, 0.9158575270792222, 0.9162378001322422, 0.916046340517827, 0.9162775206885362], "train_aupr": [0.7974868499786097, 0.876884574439259, 0.8875457412363491, 0.8937300192218969, 0.8976662569285959, 0.9021525611952054, 0.9064003909546963, 0.908739336428216, 0.9101495537384456, 0.9117339228527721, 0.9120089254677577, 0.9129254292019989, 0.9135565900216042, 0.9141479276695419, 0.9153501807288855, 0.9162483453079284, 0.9168138413825719, 0.9168733546649304, 0.917840878140962, 0.9188370071171678, 0.9190844696183539, 0.9198538265281742, 0.9196220322543901, 0.9214079650374203, 0.9219393509419774, 0.922094102432119, 0.9216209644274447, 0.9230462603993975, 0.9229426019063368, 0.9233566242659741, 0.9231799451769973, 0.9238366829867771, 0.9243008002290609, 0.92447825028889, 0.9242183935293996, 0.9246857290124242, 0.9248379685560267, 0.9248014024611699, 0.9249163626725306, 0.9248361000116512, 0.925615750307354, 0.9259374329591704, 0.9262553757794041, 0.9257387634515293, 0.925436964402239, 0.925913268925542, 0.9259552886701721, 0.9260724007222194, 0.9264058089491469, 0.9264803457510777], "train_loss": [88.38238520284912, 69.2638139159456, 65.44471500389434, 63.27015960649596, 61.803096366430104, 60.27016770999245, 58.77049322292408, 57.86700007290958, 57.31477783378178, 56.48575853344131, 56.203972707059144, 55.67537420247299, 55.58300127353996, 55.10371251589481, 54.76823890459925, 54.301623039902054, 53.93157137876259, 54.02600472014447, 53.588857803928235, 53.29167128429814, 52.96991295750693, 52.84407814784442, 52.68046123438994, 52.1845232761157, 51.943184551727704, 51.79813234938262, 51.899868253996, 51.308409796618136, 51.38023710706722, 51.30166800300204, 51.234734183287756, 50.92186169596977, 50.943518806369994, 50.82795584042259, 50.75086307343288, 50.54319391013559, 50.61098238067919, 50.62153775559785, 50.36284813962977, 50.466404573867244, 50.2744561609301, 50.06654789342935, 50.01258185990226, 50.03170778190657, 50.157558329930495, 49.96782394212245, 49.90492896231365, 49.83508683162711, 49.86274971241705, 49.667000352994435], "eval_acc": [0.7781339670014347, 0.8004393830703013, 0.799228837876614, 0.8133294476327116, 0.8177008608321378, 0.813396700143472, 0.8203461262553802, 0.8259280846484935, 0.8237087517934003, 0.8261522596843616, 0.8251434720229556, 0.8257935796269728, 0.8285957675753228, 0.8270265423242468, 0.8276318149210904, 0.8320928981348638, 0.8308823529411765, 0.8320928981348638, 0.8328999282639885, 0.8291113701578192, 0.8349175035868006, 0.8326981707317073, 0.8372040889526542, 0.8348726685796269, 0.8362849713055954, 0.8383025466284074, 0.8339983859397417, 0.8346260760401721, 0.8402528694404591, 0.8401183644189383, 0.8393785868005739, 0.8408581420373027, 0.8410823170731707, 0.8417324246771879, 0.8411944045911047, 0.8394682568149211, 0.8397372668579627, 0.8424946197991392, 0.8405667144906743, 0.8420238522238164, 0.8394682568149211, 0.8403873744619799, 0.8432119799139168, 0.8418669296987088, 0.8409926470588235, 0.8447139526542324, 0.84150824964132, 0.8436827474892395, 0.8410374820659972, 0.8361280487804879], "eval_auc": [0.863427302488285, 0.8805918524885809, 0.8831510541565718, 0.8893629530442392, 0.8973396976422318, 0.8935746314797199, 0.9057034376630656, 0.9041619438207712, 0.9063008233270431, 0.9086601791419056, 0.906502968823653, 0.9090591763317091, 0.9119549883142731, 0.908953283176876, 0.9103410064529605, 0.9130841705536539, 0.9126839371044614, 0.9145429184392683, 0.9128972049152162, 0.9116798623050674, 0.9158899305880758, 0.9141961265737923, 0.9169863298416918, 0.9151508505014316, 0.9171307410197476, 0.9183843201012383, 0.9148530004365141, 0.9175401449003749, 0.9201792631996963, 0.9189588711497214, 0.9201120378263371, 0.9202924914935705, 0.9215611237920278, 0.9206969543569978, 0.9207229570128127, 0.9201626792322831, 0.9185438890255094, 0.9219508048125009, 0.9220884286249843, 0.9228206097811845, 0.9199228157632422, 0.9215900964856429, 0.9219433741900109, 0.9225759429921275, 0.9215572692759655, 0.9233933466441416, 0.9213521688178893, 0.9236392537129433, 0.9233127797202708, 0.9171264683866885], "eval_aupr": [0.880939755069474, 0.8978373718687056, 0.8999399732817746, 0.9043722437024975, 0.9125566529447322, 0.9082019055882103, 0.9186264228307519, 0.917857110383549, 0.9187434294530836, 0.9204924456237707, 0.9187511468128107, 0.9205040377877829, 0.9236886659693657, 0.921303427601321, 0.9219476014195609, 0.9244914119758406, 0.9239866109036803, 0.9258463922049746, 0.9245877772184665, 0.9236907439821493, 0.9269944567001838, 0.925240881709739, 0.9284354764521914, 0.9266067317422128, 0.9279315315299552, 0.9291384133765451, 0.9264090017238518, 0.9276942489088917, 0.9309575839376877, 0.9297180283997293, 0.9309294966644304, 0.9310459329362095, 0.9316371085771966, 0.9310257851554469, 0.9305386702411802, 0.9305991943663268, 0.9295201874679566, 0.9321696920134319, 0.9325203169431292, 0.932021234438706, 0.9302367943409532, 0.9320988919575042, 0.9324369288337433, 0.9327343407005597, 0.9318091683245558, 0.9333666928483972, 0.9312599746232527, 0.9335907124460221, 0.9332828126682857, 0.9282561375051464],