{"train_acc": [0.5570270924044509, 0.7298016448959845, 0.7829583938074504, 0.8103531688437349, 0.8232946298984035, 0.8289187227866474, 0.8336357039187228, 0.8386550556361877, 0.8371432027092405, 0.8404088050314465, 0.8425858732462506, 0.844581519109821, 0.8509917755200774, 0.8546202225447509, 0.8545597484276729, 0.8558297048863086, 0.8535921625544267, 0.8608490566037735, 0.8668359941944848, 0.8673197871311079, 0.86840832123851, 0.8696782776971457, 0.8740928882438317, 0.8762094823415578, 0.8782051282051282, 0.8824383164005806, 0.8828616352201258, 0.8814102564102564, 0.8835268505079826, 0.8854015481373972, 0.8887276245766812, 0.8884857281083696, 0.8916908563134979, 0.8937469762941461, 0.8951378809869376, 0.8948355104015482, 0.8961054668601839, 0.8994920174165457, 0.9000967585873246, 0.8997943880019351, 0.9036647314949202, 0.9012457668118046, 0.9021528785679729, 0.906507014997581, 0.9066884373488147, 0.9092283502660861, 0.9065674891146589, 0.9085026608611514, 0.9107402031930334, 0.9121311078858249], "train_auc": [0.5995223290174205, 0.8024005770056575, 0.8577845917224908, 0.8841399000275235, 0.892875090431418, 0.8997879967931453, 0.9018635144053564, 0.9085283510495165, 0.90773157446374, 0.9133818530667468, 0.9149519787319494, 0.9164555960252379, 0.9213117457968545, 0.9248617992895388, 0.9271742762908296, 0.926453874984887, 0.92961000552737, 0.9306103666313318, 0.9355828054830166, 0.9344771851708492, 0.9359660277020937, 0.9382357383500819, 0.9411459861323498, 0.9421033687700882, 0.9442496516410994, 0.9463277950649809, 0.9463019172886877, 0.9463100799790051, 0.9493249579449564, 0.9509406293741434, 0.9517156387857398, 0.9519768521901355, 0.9534927281473772, 0.9550880074792478, 0.9580866185784733, 0.9573904566593693, 0.9582194744090516, 0.960335600674168, 0.960120730285768, 0.9608183331098834, 0.9611586353766464, 0.961865746710988, 0.9631505951266838, 0.9645191038038942, 0.9649407477185243, 0.9665312801095205, 0.964868080757679, 0.9664333936538595, 0.9682369898163126, 0.968429983316953], "train_aupr": [0.6001810752009347, 0.7837322605314796, 0.833918811870306, 0.8566183291511849, 0.8639989848320727, 0.8726065337252169, 0.8750407322401698, 0.8822388630287757, 0.8812341711206917, 0.8896450735845353, 0.8922711707449925, 0.8953367296628962, 0.8982371013336238, 0.903854813770971, 0.9086552313710088, 0.9084061456579041, 0.9139434178306746, 0.9145810004595136, 0.9195110333623799, 0.9171200959814939, 0.9185550316288609, 0.9226132543287985, 0.9276734838157522, 0.9278641540845733, 0.9321175006836961, 0.9340458315061241, 0.9334460237858501, 0.9340672063382321, 0.937319628380636, 0.9404133029156302, 0.9416217484882514, 0.941688893502141, 0.9423840403173244, 0.9450678191696332, 0.9502562578357383, 0.9469732129697533, 0.9503810847466094, 0.9520337699986621, 0.9509066730410665, 0.9528131400815415, 0.9517653758700778, 0.9535072040370743, 0.9554268303494613, 0.9570383858704795, 0.957457548677174, 0.9602708671863844, 0.9576762364912745, 0.9598975889292604, 0.961831698231814, 0.9624340377351278], "train_loss": [114.59645847540635, 89.8960488649515, 78.36113733511705, 69.03209547813123, 64.5965486911627, 61.08127803252294, 61.21291883541988, 58.21904657437251, 57.99840551156264, 56.63244764621441, 56.022281564199005, 57.67472472374256, 54.648880371680626, 52.92648692131043, 51.9082092321836, 51.95190529456505, 51.019075804490306, 50.266627242014955, 48.465172268794134, 49.178785907305205, 48.100247841614944, 47.251949291962845, 46.540618425149184, 45.84837401280036, 45.44873977257655, 44.93750252540295, 44.267073778005745, 44.172216331041774, 42.99838712307123, 42.808641235645, 42.363424073732816, 41.928975105285645, 42.77156422138214, 40.8022463285006, 39.760435632558966, 39.74678551233732, 39.64055035664485, 38.71292013021616, 38.46015713581672, 38.30252500313979, 37.86636211321904, 37.46544159559103, 37.00235055226546, 35.9481139751581, 36.57353514891405, 35.38740353951087, 36.54390780375554, 35.90282343717722, 35.083557677268985, 34.6987989957516], "eval_acc": [0.6646109196444767, 0.7694540177761654, 0.8051877380736441, 0.8022855069834935, 0.8126247052421549, 0.8282241973517142, 0.8284055867948485, 0.8267730818066389, 0.8347542173045529, 0.8166152729911119, 0.8378378378378378, 0.8367495011790314, 0.8302194812261926, 0.8327589334300743, 0.8340286595320152, 0.844549247233811, 0.8463631416651551, 0.8521676038454562, 0.8427353528024669, 0.8429167422456013, 0.8507164883003809, 0.852530382731725, 0.8505350988572465, 0.841465626700526, 0.8536187193905315, 0.8557953927081444, 0.8597859604571014, 0.8619626337747143, 0.864502085978596, 0.8650462543079993, 0.8538001088336659, 0.8577906765826229, 0.8646834754217304, 0.864502085978596, 0.8708507164883004, 0.8737529475784509, 0.8641393070923272, 0.868492653727553, 0.8739343370215853, 0.8704879376020316, 0.868492653727553, 0.8791946308724832, 0.8726646109196444, 0.8741157264647198, 0.8737529475784509, 0.8710321059314348, 0.8779249047705423, 0.8831851986214402, 0.8753854525666607, 0.8793760203156177], "eval_auc": [0.751096891537438, 0.8523617814008152, 0.8810822566656444, 0.8854082300096469, 0.8895950931064753, 0.8966751729665492, 0.8977281730494626, 0.899776791883437, 0.9002551889964716, 0.8987755139643263, 0.9079155967987536, 0.9071671389220469, 0.9071744431970878, 0.9097866756862399, 0.9107946656418746, 0.9136150370675508, 0.9131029481633367, 0.9141996422879358, 0.913232516789962, 0.9184248034755187, 0.9150572036602973, 0.9200711607480105, 0.9160869090282155, 0.9131988908030624, 0.9230964467005076, 0.9234922594425851, 0.9259218192514369, 0.9291619561769818, 0.9270180527460784, 0.9297795293414702, 0.9241352988632969, 0.9284375826666263, 0.9287053402805105, 0.9300941396024633, 0.9323639924246113, 0.933836165768877, 0.9270683272157288, 0.9343100881908954, 0.9348929825000099, 0.9325833838929548, 0.9312104434023971, 0.935836221044472, 0.933730615704323, 0.9353968458692679, 0.9355894549957952, 0.9360136951866802, 0.937356957947117, 0.9407972056870689, 0.935451134399977, 0.9390169367054956], "eval_aupr": [0.7449179574454494, 0.8322868050844157, 0.8561177663565263, 0.8581733413458841, 0.8644367956509663, 0.8696900686626866, 0.8680397951909149, 0.8694954528715427, 0.8723222433102203, 0.8659342400603005, 0.8804221193996898, 0.8740789787604182, 0.8772825896079053, 0.8798364815347627, 0.8834001927547274, 0.8857428648430464, 0.8823342332990876, 0.8826428483638088, 0.8859356446794323, 0.891470741522486, 0.8896020665672246, 0.8955543256505557, 0.8879775598831297, 0.889738201844112, 0.8986902877327168, 0.8987809492334353, 0.9013336900861968, 0.9054176017843012, 0.9002301962331714, 0.9087889143398048, 0.901473265983465, 0.9089241701934202, 0.9067967628354994, 0.9089795614518416, 0.9096647169626372, 0.9118383194903998, 0.9016663735264787, 0.9158827634819322, 0.9114513412737499, 0.9118741405535904, 0.9088474049545715, 0.9146780885123276, 0.9105565751217363, 0.9145151717259884, 0.916551538519243, 0.9143416650633507, 0.9159039165466182, 0.9206007065105133, 0.9120804911797405, 0.9202376893793414],