{"train_acc": [0.5251521948093559, 0.5619192566485101, 0.600368471643704, 0.6277635373277796, 0.6578019865427748, 0.6711791092598526, 0.6843960269144505, 0.7035405318808075, 0.7157962191605255, 0.7262896507529638, 0.7359019545017622, 0.7423101570009613, 0.7526433835309195, 0.7564082024991989, 0.7644985581544377, 0.7665011214354374, 0.7725088112784364, 0.7830823454021147, 0.781320089714835, 0.7862063441204742, 0.7869272669016341, 0.7977411086190324, 0.7972604934315924, 0.7994232617750721, 0.8054309516180711, 0.8039090035245113, 0.8023870554309516, 0.8160044857417494, 0.8115187439923102, 0.8191284844601089, 0.818968279397629, 0.818968279397629, 0.8183274591477091, 0.8285805831464275, 0.8273790451778276, 0.824895866709388, 0.8296219160525473, 0.8284203780839474, 0.8345081704581865, 0.8344280679269465, 0.837151553989106, 0.8332265299583467, 0.8425985261134252, 0.8350688881768664, 0.8425985261134252, 0.8444408843319449, 0.8444408843319449, 0.8461230374879847, 0.8445209868631849, 0.8542934956744633], "train_auc": [0.5387945135414833, 0.5863695611677937, 0.636666911875246, 0.6797196328752555, 0.7045499671536047, 0.7276014608269024, 0.7437658157928961, 0.766319959708764, 0.777895332396919, 0.7905876622597164, 0.8055323292106197, 0.8120166454259549, 0.8200305368129329, 0.8278025960527581, 0.8361613457046838, 0.839222190683178, 0.8426994152353097, 0.853739539960461, 0.8548991197782287, 0.8613406336164017, 0.8640034832456424, 0.8707689548478571, 0.8718300917657804, 0.8748590596289492, 0.8742112082915933, 0.8804291201492511, 0.879548847025408, 0.8887469289551149, 0.8849673403997054, 0.8922773804585709, 0.890660929556197, 0.8939318579479738, 0.8930205935408466, 0.9015792331185127, 0.8981283781172784, 0.8988491244448945, 0.9030051787795212, 0.9035926523184985, 0.9074436338011426, 0.9098241340959707, 0.907638311439802, 0.9093907568176652, 0.9145720012627598, 0.9121370158783468, 0.9134352219914351, 0.9174880062835017, 0.9157620459998457, 0.9197214456214029, 0.918346095091887, 0.9234804417913989], "train_aupr": [0.5451150065441565, 0.5831091572796878, 0.6218950711873457, 0.6622277375646889, 0.6779617521624686, 0.7007443616791063, 0.7140092526013604, 0.7370899734231025, 0.7443928131843511, 0.7561024783078631, 0.7742866791850982, 0.777954019634709, 0.7882059189024406, 0.7966179664753239, 0.8082465286676038, 0.8093013269370071, 0.8115213001678696, 0.8290240582574132, 0.8248622370781649, 0.8348444175573204, 0.838993796968589, 0.8449508080564551, 0.84548403744627, 0.8491750241740477, 0.8467415486687738, 0.8566058728173859, 0.8549861973058566, 0.8675839029926266, 0.8619044328943968, 0.870788930298539, 0.8682648528785357, 0.8740452316187891, 0.8725709386720515, 0.8844229589425991, 0.8787527623091649, 0.880432251613569, 0.8861811082440172, 0.8878094810889561, 0.8895541447445343, 0.89568918977758, 0.8879005711349865, 0.8942527544581005, 0.8998928350148974, 0.8973091068221595, 0.8968470802675015, 0.9040796465215648, 0.9011471052347879, 0.9084580274992556, 0.9037210677317205, 0.9087482137412557], "train_loss": [131.3358029929959, 110.1920984910459, 104.70963588782719, 99.51916494418164, 96.21264684200287, 92.99845369251408, 89.51205623393156, 86.48036502575388, 84.21992150374821, 82.89093146032216, 79.62722071092956, 78.01001817352918, 76.44672609105402, 74.95198760713849, 74.19221135791467, 72.10213232040405, 71.70839971668866, 69.81952906141476, 68.71871775753644, 68.70943361399125, 66.9102569039987, 65.81411297710575, 65.26728037182166, 64.87356790231199, 66.19527535292568, 64.69358299459729, 63.24900366335499, 61.40326076867629, 62.41512595634071, 60.67511563763327, 61.39178437359479, 59.85816473498636, 60.0968556416278, 57.86304257110674, 58.8108202024382, 58.51770636986713, 57.93254649882414, 57.31599455463643, 56.64653284695684, 55.64002152121797, 55.99367502514197, 55.94674047888542, 54.60204766356215, 54.901892002747985, 53.97481937797702, 53.40197404550047, 53.86977022399708, 52.771889691450156, 53.749004016117176, 51.47504278591701], "eval_acc": [0.5458913983661701, 0.5776069197501201, 0.6150888995675157, 0.6590581451225372, 0.6629024507448342, 0.6737145603075444, 0.7015857760691975, 0.7068716962998558, 0.7160019221528111, 0.7198462277751081, 0.729216722729457, 0.7402691013935608, 0.7308986064392119, 0.7484382508409418, 0.7474771744353677, 0.7683805862566074, 0.7623738587217683, 0.7763094666025949, 0.7705430081691494, 0.7700624699663623, 0.7628543969245555, 0.7765497357039884, 0.7770302739067756, 0.7791926958193176, 0.77462758289284, 0.7719846227775108, 0.7859202306583374, 0.7861604997597309, 0.7724651609802979, 0.7770302739067756, 0.7758289283998078, 0.7876021143680922, 0.794329649207112, 0.7921672272945699, 0.7928880345987506, 0.7892839980778472, 0.7916866890917827, 0.7892839980778472, 0.7895242671792407, 0.8017779913503124, 0.7976934166266219, 0.7921672272945699, 0.7969726093224412, 0.7916866890917827, 0.7933685728015377, 0.7928880345987506, 0.7984142239308025, 0.7996155694377703, 0.8077847188851514, 0.7962518020182604], "eval_auc": [0.5679088837511019, 0.6121060953004035, 0.6646197529426767, 0.7105552413743397, 0.7241470442016008, 0.7290436508596553, 0.7639882255968982, 0.7719007409132324, 0.7836682135471245, 0.7893874667568551, 0.802380823672261, 0.8068189798720729, 0.807749741724559, 0.8225675443411344, 0.8215053346122356, 0.8368773436532622, 0.8381757668331827, 0.842652040606998, 0.8455702296664689, 0.8359387272703751, 0.8370402096512773, 0.8459389305641032, 0.8521458577054791, 0.8515290460534218, 0.8443837335447588, 0.8472896787774286, 0.849936077983474, 0.8559596942462331, 0.8497368270284557, 0.8443509293295558, 0.8524618870463085, 0.8615567402035524, 0.8668945866576478, 0.8651014435702814, 0.8595270371417641, 0.8612125269595206, 0.8641584378909939, 0.860097183642617, 0.8640005387283792, 0.8721297466775335, 0.8637680215269576, 0.8666099754384213, 0.8660594652635702, 0.8691841822694603, 0.8677858448425306, 0.8637435338733555, 0.8685457706588011, 0.8705273069679849, 0.872812051252197, 0.8647974270406532], "eval_aupr": [0.5715583972403703, 0.5993655479877105, 0.6424071692890461, 0.6831811691158851, 0.6956707494462311, 0.7019935401102751, 0.7250768868934414, 0.7391098434586988, 0.7528996355892972, 0.7475091899314588, 0.774882406678058, 0.7809911574409331, 0.7788790125484044, 0.7882797129791914, 0.7866187280094615, 0.8071581922974616, 0.8078462637154512, 0.812521109626408, 0.8178902411851334, 0.8022503040502699, 0.805062075421169, 0.8158551665775411, 0.827224420104598, 0.8226122818709085, 0.8168262694831809, 0.817554807349913, 0.8164340806604033, 0.8269150657834798, 0.8229636575301846, 0.8150749618450782, 0.8263131209604733, 0.8350257747584393, 0.8374102786830426, 0.839874787312784, 0.8323595232640578, 0.835183362089412, 0.8380194945533808, 0.8278698300564832, 0.8379216482187211, 0.8401824958806354, 0.838400326946567, 0.8390502628954537, 0.8335356004383183, 0.8444423542915269, 0.8426454779783714, 0.835051857295656, 0.8458693109130702, 0.844067076363264, 0.8476449787965564, 0.8404988651536704],