{"train_acc": [0.7051276303204208, 0.7857260282161646, 0.79388599952176, 0.8007980631276901, 0.806761119081779, 0.8109756097560976, 0.8146819703491153, 0.8158327355332377, 0.8166771281683405, 0.8187694285031085, 0.8187096484935438, 0.8210859038737446, 0.8199500836920134, 0.8221694165471066, 0.8220872190339551, 0.8218555714968915, 0.8237311692969871, 0.8243513868962219, 0.8235817192730751, 0.825659074605452, 0.8268696197991392, 0.8274076398852224, 0.827601924916308, 0.827863462458154, 0.8282595050215208, 0.8289320301291249, 0.8304489478718317, 0.8298511477761836, 0.829843675274988, 0.8299482902917265, 0.8301724653275945, 0.8316370755619321, 0.8315399330463893, 0.8322274031563845, 0.8327654232424677, 0.8327579507412721, 0.8323693806791009, 0.833340805834529, 0.8331166307986609, 0.8328700382592061, 0.8343346484935438, 0.8332137733142038, 0.8330867407938786, 0.834312230989957, 0.834088055954089, 0.8336845408895266, 0.835321018651363, 0.8346484935437589, 0.8352612386417981, 0.835283656145385], "train_auc": [0.78531183430503, 0.8602489448183267, 0.8703911729566187, 0.8787263399742034, 0.8858118679705957, 0.8902980122952056, 0.8938242704437341, 0.8950949957840584, 0.8963949567045926, 0.8981050041844936, 0.8997830998871785, 0.9006554544314583, 0.900091182315828, 0.9022226743067577, 0.9021155622024007, 0.9030501785441769, 0.9040916098190152, 0.9037792276199055, 0.9043962617674561, 0.9059403421502843, 0.9068071104102685, 0.9076837362474888, 0.9077242155342514, 0.9089143401127109, 0.9089180825055189, 0.9098086519415224, 0.9101174693135359, 0.9110094918847851, 0.9110165338728872, 0.9108952846342889, 0.9112727003311458, 0.911874361643449, 0.9120061094826706, 0.9123494495377171, 0.912890352777246, 0.9132095689110487, 0.9131766407457715, 0.9137442563455794, 0.9143444812741192, 0.9136926149878204, 0.914213999846955, 0.9144821939811352, 0.9144781411275231, 0.915082419133028, 0.9145305638860899, 0.9148247588892603, 0.9155105338609297, 0.9149872050481201, 0.9155828364968781, 0.9150567931622103], "train_aupr": [0.8008658327456655, 0.8783753148947215, 0.8877295677988799, 0.8949586901637422, 0.9003188137214169, 0.904568068904494, 0.9073267220436069, 0.908723283155981, 0.909981672104242, 0.9116572834372315, 0.9125457475014616, 0.9134963348126209, 0.9130218484966642, 0.9148393989708774, 0.9148043993581253, 0.9152379846601955, 0.9165443096596263, 0.9159737876003758, 0.9165326486033947, 0.9179922779673547, 0.9186735451195132, 0.9193901097737833, 0.9193989944962694, 0.9201586493816694, 0.9198766247357546, 0.9208396629357084, 0.9211335192944758, 0.9219354604672134, 0.9218050320080382, 0.9218025329098334, 0.9224416734102089, 0.9228745435575418, 0.9227963045204812, 0.9230422325984678, 0.9234240270780117, 0.9239780198245455, 0.9240804631144884, 0.924441748874163, 0.9245593730213428, 0.9240820553913405, 0.9244684043813022, 0.9246223158272827, 0.9245694043002617, 0.9252682678357449, 0.9247950426868945, 0.9250840140333116, 0.9258091739739293, 0.9254760113322273, 0.9256840136142207, 0.9252996174147877], "train_loss": [86.01941812015629, 68.37477961552986, 65.1635487375934, 62.784066991641915, 60.723401669562435, 59.44536911142032, 58.18775599135039, 57.55661646221154, 56.99220720440662, 56.238168829485744, 55.75281893363646, 55.380095934092886, 55.29428174436434, 54.602126105109775, 54.58702751509774, 54.3473611835312, 53.89851232969966, 53.97362226920192, 53.74847893140512, 53.401910566691, 52.991554397014085, 52.81921840397851, 52.67245236683074, 52.414866866846616, 52.46740269888883, 52.148226863795436, 52.021081583449764, 51.69228087693282, 51.709446310769074, 51.774546661522834, 51.5080491625784, 51.38517332715241, 51.21648729189404, 51.24619431249498, 51.00920038970889, 50.79999165507621, 50.8043705591964, 50.617280383866785, 50.566977807258326, 50.615938327052625, 50.42128475765425, 50.427831370789505, 50.388128825856896, 50.084629436295984, 50.317247790086796, 50.109844123884095, 49.914200485550424, 50.05982463537621, 49.95076757179392, 50.04813612578704], "eval_acc": [0.7910688665710186, 0.801829268292683, 0.8052591463414634, 0.8117602223816356, 0.8180819583931134, 0.8178577833572453, 0.820704806312769, 0.8224533715925395, 0.821153156384505, 0.824650286944046, 0.8240001793400287, 0.8237087517934003, 0.8278111549497847, 0.8249192969870875, 0.8283043400286944, 0.8266902797704447, 0.8281025824964132, 0.8291786226685797, 0.8301425753228121, 0.8309944404591105, 0.8329447632711621, 0.828461262553802, 0.8312410329985653, 0.8357469512195121, 0.8347829985652798, 0.8353658536585366, 0.8346036585365854, 0.836329806312769, 0.8335500358680057, 0.8351865136298422, 0.8407908895265424, 0.8350520086083214, 0.8371368364418939, 0.8405442969870875, 0.8395130918220947, 0.8386163916786227, 0.839019906743185, 0.8365763988522238, 0.8352761836441894, 0.8390871592539455, 0.8391544117647058, 0.8359711262553802, 0.8400062769010043, 0.8380335365853658, 0.8372489239598279, 0.8373834289813487, 0.8379662840746055, 0.841284074605452, 0.8415755021520803, 0.8399614418938307], "eval_auc": [0.8680798169506303, 0.8793886062507332, 0.8872353003813612, 0.8925316607436643, 0.8986933242813148, 0.8987346475077526, 0.9028692426576084, 0.9046198442475593, 0.9035601910453748, 0.9075137234441031, 0.9075106508872315, 0.9061971725256224, 0.9094664564594187, 0.9073978577968655, 0.9099183565052701, 0.9097831157586495, 0.9099201485788397, 0.9112428797891764, 0.9124415016128381, 0.9135970503502278, 0.914718073277641, 0.9109009224014736, 0.912804881466083, 0.9165448756851331, 0.9158575576785966, 0.9166154902183781, 0.9161455890297163, 0.9172031003873822, 0.9167032465433946, 0.9178603994027231, 0.9196999161852318, 0.9190294635710099, 0.9173874598302136, 0.9192400367383324, 0.9201929062768881, 0.9202901858195556, 0.9208653449468438, 0.9197659083144688, 0.9188765865288622, 0.9203523957991335, 0.9202664415985757, 0.9172278517074741, 0.920813052179779, 0.919756278557391, 0.9187775872790285, 0.9197719589498521, 0.920241400812871, 0.9216178148282683, 0.9218923026060011, 0.9195110529388864], "eval_aupr": [0.8867105188197272, 0.8975968336725832, 0.9042115822993937, 0.9074710353500625, 0.9131251670395739, 0.9129229458061938, 0.9160645065465061, 0.9175158540371245, 0.9170501310922802, 0.919698200581467, 0.9198546352153361, 0.918549390429092, 0.9218915150213682, 0.9188609244273955, 0.9217542921081789, 0.9218307643898598, 0.9220459645537916, 0.9229652000863247, 0.9238444045734092, 0.9245693292686116, 0.9259316900047936, 0.9224863047327928, 0.9231664912261544, 0.9272731859148798, 0.9268917824872697, 0.927236301003391, 0.9269688851159753, 0.9279691882522232, 0.927749534009898, 0.9285010890949467, 0.9299419477953221, 0.9291916996324355, 0.9284579187041936, 0.9295992489054019, 0.9303489153932447, 0.9306807358282836, 0.9305366308436867, 0.9299506747659418, 0.9293152884482665, 0.9304029966136071, 0.930295375243503, 0.9264602168244378, 0.930812778895459, 0.9297102791053538, 0.9289331864346726, 0.9293686478390559, 0.9301813557540481, 0.9314280539175355, 0.93157094657765, 0.929630748459781],