{"train_acc": [0.5287144573488186, 0.5661994393271926, 0.6068081698037645, 0.6297156587905487, 0.6552663195835002, 0.675530636764117, 0.6908289947937525, 0.6964357228674409, 0.7140568682418903, 0.720704845814978, 0.7215859030837004, 0.7312775330396476, 0.7396075290348418, 0.7380056067280737, 0.7454545454545455, 0.7527432919503404, 0.7547456948338006, 0.7625951141369643, 0.773167801361634, 0.7742891469763716, 0.7836603924709652, 0.7870244293151782, 0.7869443331998398, 0.7978374048858631, 0.7986383660392471, 0.8058470164197037, 0.8050460552663196, 0.8085702843412095, 0.816179415298358, 0.8132959551461754, 0.8168201842210653, 0.8198638366039247, 0.8207448938726472, 0.8194633560272326, 0.8244293151782138, 0.8221065278334001, 0.8241089307168602, 0.8237885462555066, 0.8291549859831798, 0.834120945134161, 0.8329195034040849, 0.8359631557869444, 0.8357228674409292, 0.8370044052863436, 0.8402883460152183, 0.8397276732078495, 0.8388466159391269, 0.8368442130556668, 0.8365238285943132, 0.8394873848618342], "train_auc": [0.538304791497004, 0.5869797424511122, 0.635451188060965, 0.6718485309234932, 0.7057418749201266, 0.7259520838490282, 0.7411038487232614, 0.7557327432371505, 0.7721635855387617, 0.7801614585266788, 0.7916509358858299, 0.7985990760903582, 0.8073999313108491, 0.8109408395818741, 0.8155097874338287, 0.8269185378401591, 0.8332090531048055, 0.839715383643387, 0.8479965518847234, 0.8521745599886876, 0.8615828890591143, 0.8659322349538643, 0.8658304181006643, 0.8712634614022989, 0.8735307091284533, 0.8799586489052481, 0.8812779807012135, 0.8847296644454368, 0.891023645487991, 0.8877730538797023, 0.8906308444889022, 0.8972585414353259, 0.8975645952970062, 0.8972329331874522, 0.8998116516577945, 0.8970825954435444, 0.9002832028326752, 0.8998763461787385, 0.9057098280270732, 0.9082940532334245, 0.9074204461488199, 0.9085149003034326, 0.9085478765384141, 0.911302682198897, 0.913932116552622, 0.9148483013606337, 0.9145431588701811, 0.9141411029604571, 0.9143716798810361, 0.9176844757846612], "train_aupr": [0.546140032373548, 0.585445053648636, 0.6202706206696119, 0.6492826735552741, 0.6741496394609067, 0.6878862173738678, 0.700899653567048, 0.7101925307331358, 0.7360616824168811, 0.743145223641953, 0.7600252232390985, 0.7674611687677066, 0.7751699328975148, 0.785426137155433, 0.7891782992251213, 0.8015729191642466, 0.810005644343727, 0.8126162304050137, 0.8253539016811122, 0.8308258166132579, 0.8371939148912755, 0.8468346484365341, 0.8447998884954193, 0.8466716150298359, 0.8518773503067925, 0.8591685931076014, 0.8591019161690145, 0.8689767892551774, 0.8733196135702013, 0.8683120516207503, 0.8696524502148203, 0.880780687052477, 0.880137975333481, 0.8800664387728454, 0.8832927795482677, 0.8808630607172183, 0.8836592944701018, 0.8812780030856606, 0.8908691779283229, 0.8934549651564065, 0.8944740540973979, 0.8929061964490271, 0.8916941312713208, 0.8957221038797331, 0.8979780078697548, 0.9001819184985631, 0.9002887173724359, 0.9027118237500862, 0.9021082121974034, 0.9056729941240309], "train_loss": [132.96796489613396, 109.1414795146913, 104.51438011198627, 100.45128105793681, 95.61365838500919, 92.26756300366655, 89.26776714105995, 86.5008068157702, 84.28714288862385, 81.96360077176776, 81.76687681127568, 80.2554927821062, 77.82270706673057, 78.04005331895789, 77.2365751351629, 75.3044501707262, 74.50732362148713, 72.75631777425201, 71.425415626594, 70.22318433438029, 68.76228422625941, 67.35643112476991, 67.3677054418593, 66.25716411641666, 66.29657888959865, 64.19789363687136, 63.58267490048798, 63.67026915720531, 61.57147760293922, 62.448712915790324, 60.99436766395763, 59.42436748743057, 59.299978394897614, 59.56813032925129, 59.055594742298126, 59.57230483117152, 58.90644614063964, 58.88952551356384, 57.40406782712255, 56.51696779229203, 56.90112131134588, 56.68706805973637, 55.68699310628735, 55.28779368893225, 54.30480254669579, 54.34073154354582, 54.64571407072398, 54.272623157926965, 54.539861728646315, 53.39094733036294], "eval_acc": [0.5598270062469967, 0.5898606439211918, 0.617011052378664, 0.6480057664584334, 0.6629024507448342, 0.6753964440172994, 0.6857280153772225, 0.7047092743873138, 0.705670350792888, 0.7015857760691975, 0.7121576165305141, 0.7215281114848631, 0.7172032676597789, 0.7251321480057664, 0.7306583373378184, 0.7282556463238827, 0.7333012974531475, 0.735223450264296, 0.7405093704949544, 0.7506006727534839, 0.752763094666026, 0.7554060547813551, 0.7568476693897165, 0.756607400288323, 0.7679000480538203, 0.7640557424315233, 0.7700624699663623, 0.7679000480538203, 0.7666987025468525, 0.7645362806343105, 0.7770302739067756, 0.7763094666025949, 0.7832772705430082, 0.7676597789524268, 0.7695819317635753, 0.7695819317635753, 0.7801537722248919, 0.7724651609802979, 0.7724651609802979, 0.7767900048053821, 0.7791926958193176, 0.7801537722248919, 0.7703027390677559, 0.7760691975012013, 0.7784718885151369, 0.7808745795290726, 0.7782316194137434, 0.7712638154733301, 0.7775108121095627, 0.7722248918789044], "eval_auc": [0.5790130606725148, 0.626890103647734, 0.6673288213792423, 0.692851154720353, 0.7144435278438791, 0.7228675772968794, 0.7374826077545332, 0.7610077349434496, 0.7614329108063974, 0.754450370391589, 0.7726153478668554, 0.7819856186372335, 0.7835039388541436, 0.7852513065408242, 0.8008882144392542, 0.8019941799072583, 0.800072398867399, 0.807981062637033, 0.8123000454860785, 0.8141848647557277, 0.8181455494447996, 0.8304690656549613, 0.8281767428687463, 0.8202914112165574, 0.8375398522961459, 0.834985562963567, 0.8378191446722958, 0.8380876950339783, 0.8290379521146407, 0.841368167645653, 0.8466798050359026, 0.8444498552369171, 0.849000311171903, 0.8426837756540675, 0.8392929952594219, 0.8417964621579621, 0.8509532787053772, 0.8521673573512456, 0.8450253037968748, 0.8437450404812239, 0.8446653885594542, 0.8468978794801418, 0.8394071147249456, 0.8481307855277114, 0.8478477969745405, 0.8538356037485704, 0.8480037294426144, 0.8463471491040121, 0.845351953441106, 0.8448349506802929], "eval_aupr": [0.5738821077703605, 0.6133388321257593, 0.6321476420894194, 0.6535965077653507, 0.6721247778896042, 0.6832611590079258, 0.6974862433360094, 0.7178541702780614, 0.7183422274529119, 0.7082860495613239, 0.737399582582262, 0.7444582475709213, 0.7517528519248129, 0.7482829054347581, 0.7759518308217238, 0.7804059838406532, 0.7744225724383715, 0.785796934740549, 0.7877253736948022, 0.785783664570762, 0.7812146076453796, 0.8075013702304065, 0.7966003944409024, 0.7852880095930527, 0.8113344315267316, 0.8041262873161398, 0.8073892295173559, 0.8106789825324047, 0.7950686901538384, 0.8074097838355435, 0.8184472258303802, 0.8124044586765767, 0.8184732394851518, 0.8145974355110787, 0.8079875794617786, 0.811154306786787, 0.8251147366936691, 0.8290467426563359, 0.8197148641674297, 0.8156242193614323, 0.8109806278745326, 0.8192887003727333, 0.8107233440775794, 0.8153317490022334, 0.8165707665489506, 0.8265194841125771, 0.8183651965728249, 0.8215691839314687, 0.8061600517374159, 0.8194199165853739],