{"train_acc": [0.529195034040849, 0.5788546255506608, 0.6032839407288747, 0.6332398878654385, 0.6519022827392872, 0.6602322787344814, 0.6726471766119343, 0.6881858229875851, 0.69899879855827, 0.7074088906688025, 0.7126151381657989, 0.7118942731277533, 0.7270324389267121, 0.7374449339207049, 0.7486583900680817, 0.7517020424509411, 0.7622747296756107, 0.7664397276732079, 0.770604725670805, 0.7762114537444934, 0.7872647176611934, 0.7903884661593913, 0.788546255506608, 0.8011213456147377, 0.8016820184221065, 0.8090508610332399, 0.8140168201842211, 0.8116139367240689, 0.8177813376051262, 0.8192230676812174, 0.8193832599118943, 0.8189026832198638, 0.8286744092911493, 0.8241890268321986, 0.8282739287144574, 0.8306768121746095, 0.8299559471365638, 0.8338806567881458, 0.8301161393672407, 0.834921906287545, 0.8355626752102523, 0.8406087304765719, 0.8383660392470965, 0.840448538245895, 0.8356427713255907, 0.841810172206648], "train_auc": [0.5433212716497379, 0.6000518194572628, 0.6381720708913794, 0.6716887854582049, 0.6931417070255991, 0.7119436468215816, 0.7260449572621047, 0.7405605666381276, 0.7553493288629372, 0.7646799118414584, 0.776245277908635, 0.7780410525113247, 0.7918459767075583, 0.8055112823165621, 0.8142922607120714, 0.8252614527161893, 0.8312245154681785, 0.8366163447579169, 0.8422949203582306, 0.8515561882341465, 0.8582713455216668, 0.8612387635726031, 0.8618141302687501, 0.87394985694133, 0.8726711986763382, 0.8771580037763895, 0.8822730861009098, 0.8838022671173004, 0.8910346947760802, 0.8937061501750206, 0.8916064288474055, 0.8950490661073538, 0.8991195955078679, 0.8985113939908941, 0.9016223584848747, 0.9018176473684008, 0.9004394705866496, 0.9032190447095249, 0.9049785829169079, 0.9056414278397693, 0.9093044871260033, 0.9127998808807126, 0.9103952501184134, 0.9101078106568121, 0.9087225098228485, 0.9118741135047642], "train_aupr": [0.5456480337621926, 0.5882483476734413, 0.6162359882502955, 0.6429331394103539, 0.661150126255563, 0.6790828752180971, 0.6847874770241081, 0.700282919970352, 0.7104616140480994, 0.7224575988528947, 0.7384546461713539, 0.7390109873921089, 0.752793432692278, 0.7659016656638145, 0.7772924094793311, 0.7969471238012451, 0.8016218073200252, 0.8049983504392013, 0.8123275203979514, 0.823077095035248, 0.8317451386592005, 0.8342994710650242, 0.8377472604177814, 0.8472365535549352, 0.8445523461893698, 0.8493934813757211, 0.8570449847731538, 0.8606950350570276, 0.8694641087562516, 0.8725794251203545, 0.8713469866511844, 0.8761489594586971, 0.8770579817747404, 0.8780684386627742, 0.8832074310883673, 0.8832126297859635, 0.882018288431261, 0.886551385793411, 0.890263326295465, 0.8865982643286343, 0.8913541418781286, 0.8979916843848756, 0.8958008623282006, 0.8936542933545742, 0.8934441860281808, 0.8963298668069104], "train_loss": [128.13164829903718, 108.95848417525389, 104.56306814052621, 100.72649734178368, 96.78705939407251, 93.58268881148221, 91.50334059340614, 89.67082048313958, 86.9067202648338, 84.64041859884651, 83.12522732420844, 85.09408703142283, 79.92195466586521, 78.31206578320386, 76.58980472112188, 75.41490542462894, 73.75442210721727, 73.23865501430569, 72.36560738329985, 70.3573066622627, 68.34764278360775, 68.33111554809979, 68.1240360511809, 65.37409181953693, 65.42130822794778, 64.17366146554753, 62.974048843493264, 62.93720484479349, 60.88254417509449, 60.0137526636221, 61.132668499435695, 59.87138457809176, 58.961339566172384, 59.007783519370214, 57.91265893438641, 57.84274229559363, 58.066237195718045, 57.548787840166874, 57.05052459544065, 56.384333579515925, 55.302901924264674, 55.08104784999575, 55.17917164491148, 55.32657888136348, 58.428598836368444, 56.19004961209638], "eval_acc": [0.5695746214852199, 0.6080269166065849, 0.6202835856765201, 0.6390290795481856, 0.6666666666666666, 0.6625811103100216, 0.6806056236481615, 0.6952655611631819, 0.7118481134342706, 0.7156933429464071, 0.6945445806296563, 0.7267483777937995, 0.722422494592646, 0.7303532804614276, 0.7428502763758712, 0.7445325642874309, 0.7476568132660418, 0.7421292958423455, 0.740927661619803, 0.7642393655371305, 0.7613554434030281, 0.7577505407354002, 0.7584715212689257, 0.7738524393174717, 0.768565248738284, 0.7678442682047585, 0.7752944003845229, 0.7728911319394376, 0.7731314587839462, 0.7873107426099495, 0.7909156452775775, 0.7805815909637106, 0.7875510694544581, 0.7868300889209324, 0.7887527036770007, 0.7837058399423216, 0.7784186493631339, 0.7827445325642874, 0.7882720499879836, 0.7913962989665946, 0.7877913962989666, 0.7918769526556116, 0.7861091083874069, 0.7882720499879836, 0.7894736842105263, 0.7935592405671713], "eval_auc": [0.6154540416033194, 0.6475501736437734, 0.6597075490318891, 0.6853293083786761, 0.7181221649701365, 0.7221382983788472, 0.7385213214584689, 0.7568165523910515, 0.7720926050818712, 0.7813588451544998, 0.7609629244079863, 0.8000907856704711, 0.7862315256476452, 0.7945432218835993, 0.8112610286793043, 0.8197946043542915, 0.8162761973747039, 0.8194833953286057, 0.8237297286553136, 0.835310679750774, 0.8402528131308252, 0.8358438837777009, 0.8331873397441082, 0.847973755360353, 0.8436001880428246, 0.8421279255150722, 0.845761663578074, 0.8448736835731094, 0.8508662774223342, 0.859742379481329, 0.862159016371467, 0.8550240900978442, 0.8556140351688156, 0.8604980407583285, 0.8640734199063762, 0.8584203478237555, 0.8513544121882073, 0.861201236792973, 0.8561024010591046, 0.8627458412628268, 0.8626768506247523, 0.8569658818760092, 0.86218813804784, 0.8553356458101534, 0.8601525097569171, 0.8631352859032135], "eval_aupr": [0.6219155333872489, 0.6424853303500406, 0.6386215260383702, 0.6550135429036633, 0.6796890483866624, 0.6914140941632879, 0.7047292432183112, 0.7207168813684142, 0.7350627624555572, 0.7498195740346132, 0.7370508240372713, 0.7726020356883163, 0.7591395289655443, 0.7693009432922864, 0.7870544418919525, 0.7914107495796525, 0.7856602237848993, 0.7972863701438073, 0.8056835535660255, 0.8133495923972717, 0.8185194747075997, 0.8146039883789049, 0.8029535105356971, 0.8264773487446169, 0.8215963951251031, 0.8177396103623789, 0.8177261088965506, 0.8185001435278837, 0.823334209161896, 0.8318009204932308, 0.8385100292735632, 0.8297984494310676, 0.8299633004859763, 0.8366332108748289, 0.838690193832557, 0.8358586583708709, 0.8249007728033939, 0.8362708967313714, 0.8261068718058846, 0.83669167476274, 0.839336326527707, 0.8293162685584261, 0.8401921357144438, 0.82892339467962, 0.8386386963980461, 0.8398049795923987], "eval_loss": [0.8571743852844091, 0.8069541548857521, 0.7826331746718598, 0.7584432131021935, 0.7136451692370319, 0.7083967220493876, 0.696494528004482, 0.6754137310263228, 0.6514822582418144, 0.6316371399661264, 0.6727997504928541, 0.6219387142253134, 0.6316341255267518, 0.6259031949264445, 0.5997601115511633, 0.5901109872314684, 0.5936953794409008, 0.6164897961904154, 0.594178443099982, 0.5772168501527571, 0.5828495092960367, 0.5786857568595994, 0.5846847864734069, 0.5647885927040112, 0.5518423664945159, 0.5848418705253124, 0.5547637885162905, 0.5828910326046658, 0.5507866350024745, 0.5530853447820154, 0.5372601865260999, 0.5492699615401277, 0.5585654827443145, 0.538458913228054, 0.5338770270891929, 0.5447775172058478, 0.5381972441246979, 0.5370190117657686, 0.5448611718305915, 0.5317591914360525, 0.5355735845188773, 0.5435595717088616, 0.5414622876111832, 0.5726891351960881, 0.5409518715510773, 0.5331223217291031]}