{"train_acc": [0.5106536366549183, 0.550064082024992, 0.5768183274591477, 0.6160685677667415, 0.6393784043575776, 0.6642902915732137, 0.6821531560397308, 0.6941685357257289, 0.7153156039730856, 0.7297340595962832, 0.7355815443768023, 0.7547260493431592, 0.7664210189041973, 0.7741909644344761, 0.7797180390900352, 0.7910925985261135, 0.7954181352130727, 0.7977411086190324, 0.8046299263056712, 0.8105575136174303, 0.81239987183595, 0.8182473566164691, 0.8219320730535085, 0.8224927907721884, 0.8210509452098687, 0.8255366869593079, 0.8303428388337072, 0.8289009932713873, 0.8345882729894265, 0.837792374239026, 0.8387536046139058, 0.8398750400512656, 0.8413168856135854, 0.8404357577699455, 0.8409163729573854, 0.8422781159884652, 0.8466837552066645, 0.8460429349567447, 0.8537327779557834, 0.8530118551746235, 0.8534123678308234, 0.8512495994873438, 0.8523710349247037, 0.8525312399871836, 0.8543735982057034, 0.8593399551425825, 0.862463953860942, 0.8611823133611022, 0.862624158923422, 0.8646267222044216], "train_auc": [0.5127960174784792, 0.5707232776102817, 0.6111372925406291, 0.6583149104738899, 0.6887851388762646, 0.7201791677643353, 0.7396665090132075, 0.7588575054087462, 0.784022348276519, 0.7979865162642394, 0.8107279969434742, 0.8288921917374181, 0.8379171846892302, 0.850799962923193, 0.8537504320064254, 0.862932038520851, 0.8702103261475195, 0.8747877327121685, 0.8797424420058654, 0.8824537733867609, 0.8865700564214511, 0.8925420028357081, 0.8957264358147577, 0.8973745948896656, 0.8964350418962784, 0.9032478795096207, 0.9051170487067024, 0.9033731549538362, 0.9069269823125145, 0.9099075185294168, 0.910535744455554, 0.9126405721947569, 0.9135225200520307, 0.9152261916316312, 0.9177207109914246, 0.9191399772711984, 0.91915967111537, 0.9219289285881184, 0.9241858893478129, 0.9264842662361239, 0.9268018840358668, 0.9238450985436826, 0.9281913656230213, 0.9265477769578429, 0.9296725378458169, 0.9338572999970729, 0.936263351116849, 0.9363550674289494, 0.9354430139233167, 0.9367023287007865], "train_aupr": [0.5268360967426537, 0.575967902069509, 0.6119330463598263, 0.6485481680416809, 0.6738243208573401, 0.699863858038995, 0.7175416817072571, 0.7349605967966066, 0.7581506076504696, 0.770007830832342, 0.7848641890947978, 0.8088129335559088, 0.8138085371371058, 0.8283941490148385, 0.8305689286381414, 0.8374004932601748, 0.8498176066749823, 0.8517667865969594, 0.8596072649599527, 0.8590436969852742, 0.8670906462320944, 0.8741687812684065, 0.8770922641518973, 0.8781399424849063, 0.8780458571228534, 0.8867361592119297, 0.8877672237876574, 0.8872529929508338, 0.8916445388785708, 0.8960594961231996, 0.8963259566176475, 0.899693829985059, 0.8974855490488307, 0.9007895427148577, 0.9032268968001647, 0.9064930641807466, 0.9068825597509012, 0.911596306733053, 0.9102460671498978, 0.9142087051244298, 0.9164218223645417, 0.9095444965852136, 0.9186549253947727, 0.9174675141424626, 0.9194229021540191, 0.9265027072451442, 0.925249190178199, 0.9292896025942259, 0.9283997948798357, 0.9268999437106998], "train_loss": [132.9154655690096, 109.84404365383848, 103.8611383194826, 99.29873352634664, 95.97441876907737, 92.41251288141522, 90.48388032523953, 87.29189406365765, 83.27054614193585, 81.89552039029647, 78.83267883135348, 75.00823210696785, 74.25804590449042, 70.87509694877936, 70.86266546589988, 68.29745649439948, 66.40376399609508, 65.42259398771792, 64.67329028674534, 63.4686760914569, 62.717554189720936, 61.067865062733084, 59.99437749872402, 59.63294685373501, 60.42802357673645, 57.90045435331306, 57.53441923613451, 59.16888121196202, 57.212907698689676, 55.989713650576924, 55.86435056219295, 55.502091373716084, 55.32664652259982, 54.65495377535723, 54.18915297060597, 53.432778675945436, 53.1074154571611, 52.513880615331686, 51.97314419065203, 51.75185229705305, 51.82789948765112, 53.73422105093392, 50.47656534277663, 51.59827264231078, 49.97729595826597, 48.80066560239208, 47.96018814310736, 47.676048062285595, 48.016564020088744, 47.90588017264191], "eval_acc": [0.5422873618452667, 0.5646323882748678, 0.6054781355117732, 0.6256607400288323, 0.6415185007208073, 0.6662662181643441, 0.6662662181643441, 0.6893320518981259, 0.7018260451705911, 0.7116770783277271, 0.7174435367611726, 0.7318596828447862, 0.7311388755406055, 0.7477174435367612, 0.7469966362325805, 0.7554060547813551, 0.7621335896203748, 0.7628543969245555, 0.7751081210956271, 0.7635752042287361, 0.7791926958193176, 0.7736665064872658, 0.7772705430081691, 0.7736665064872658, 0.7885631907736665, 0.7765497357039884, 0.7813551177318597, 0.7825564632388274, 0.7808745795290726, 0.7856799615569438, 0.7837578087457953, 0.7755886592984143, 0.7827967323402211, 0.7851994233541566, 0.7885631907736665, 0.7827967323402211, 0.7907256126862086, 0.7885631907736665, 0.7895242671792407, 0.790485343584815, 0.7813551177318597, 0.7864007688611244, 0.7914464199903892, 0.7981739548294089, 0.8017779913503124, 0.7981739548294089, 0.7969726093224412, 0.796492071119654, 0.7969726093224412, 0.790485343584815], "eval_auc": [0.5625777367494073, 0.6074386561175704, 0.6516746782876754, 0.6777592272250961, 0.6952298974845174, 0.7162034572870637, 0.7170652609829437, 0.74364233517961, 0.7669990519119774, 0.7776169909201629, 0.785095427924057, 0.7988008904265288, 0.8045165628944592, 0.8207707050041675, 0.8182260681699314, 0.8272183504007659, 0.8320648266736157, 0.8348589603558748, 0.8455859387272704, 0.8376729613797361, 0.8471409047310146, 0.848437133262735, 0.8456855064508796, 0.8497673210876583, 0.8531297531459704, 0.8517875525098457, 0.852563764925918, 0.8531059585391683, 0.8535298721652076, 0.8558996301902275, 0.8602913522544351, 0.8491530506072015, 0.8542739734128766, 0.8561336489930493, 0.8618265664243775, 0.86012975684222, 0.8565453187922872, 0.862112217213804, 0.8639364318993734, 0.8594417923853561, 0.8553569745457771, 0.861895178057584, 0.8643554941978122, 0.8662184039963851, 0.8672947056768848, 0.8709983477764287, 0.8700897634215443, 0.8686225833458081, 0.8684440082869916, 0.8688125936768258], "eval_aupr": [0.5664328017372025, 0.614251886939759, 0.6415810627161168, 0.6700038231834733, 0.677604445036845, 0.6924687343498253, 0.6975920709662602, 0.7141994743591514, 0.7479890590844901, 0.7519341017593419, 0.7556671356873901, 0.7688839999250506, 0.7733481806424739, 0.7898777312042977, 0.7830910609365322, 0.7962356772891689, 0.801562291619494, 0.8036650154925224, 0.8125895145113702, 0.8133789547739971, 0.8206318657592241, 0.8215180711630197, 0.8146704589901266, 0.8196445685525852, 0.8286566567798942, 0.8248067938275037, 0.8215354739221864, 0.8249963882560151, 0.8270774396351951, 0.8298371923860046, 0.8355159422811986, 0.8235597576884307, 0.8312129837218292, 0.8269416280529137, 0.8354598028080507, 0.8376575575059857, 0.8306441634124433, 0.8376042700444597, 0.8394050837420801, 0.8341048710615109, 0.828533226899861, 0.8424082098071014, 0.8423236642855021, 0.8389912508962185, 0.8425563060644108, 0.850192276268984, 0.8461993508285586, 0.8431985073384671, 0.8465771341986681, 0.8552714107706988],