{"train_acc": [0.7057104854136776, 0.7841044954567192, 0.7947079746532759, 0.8001255380200861, 0.8065668340506934, 0.8089580344332855, 0.812985712577714, 0.8149061453849833, 0.8158850430416069, 0.8172973457675753, 0.8182314084170254, 0.8211307388809183, 0.8206001912960306, 0.821825681492109, 0.820331181252989, 0.821339968914395, 0.8228269966523195, 0.8244560019129603, 0.8245979794356767, 0.8246951219512195, 0.8250538020086083, 0.8265856647537063, 0.8276617049258728, 0.827415112386418, 0.8279157699665232, 0.8283417025346724, 0.8285882950741272, 0.8292757651841224, 0.828760162601626, 0.8307254304160688, 0.8298586202773792, 0.8289619201339072, 0.830703012912482, 0.8308300454328073, 0.8317192730750836, 0.8309496054519369, 0.8342972859875658, 0.8321900406504065, 0.8321153156384505, 0.8341478359636537, 0.8332511358201817, 0.8331838833094213, 0.8332660808225729, 0.8351117886178862, 0.8339834409373506, 0.8333183883309422, 0.8346186035389765, 0.8336172883787661, 0.834685856049737, 0.834835306073649], "train_auc": [0.7863861987705902, 0.8587310676623942, 0.8710365098501717, 0.8773378585260331, 0.8848232388195586, 0.8893260006145463, 0.8922550755686791, 0.8950881574939803, 0.8963863751435963, 0.8978550021600209, 0.8987704267753062, 0.9007314945464464, 0.9013349861256987, 0.9019557136400529, 0.9023344754860221, 0.9033377186301612, 0.9042230042019614, 0.9048299238045383, 0.9050939818860781, 0.9057889944067882, 0.9061763534484704, 0.9069953116380358, 0.9080282524799412, 0.9086179922090436, 0.908405155023059, 0.9095597558499071, 0.9095604194319568, 0.9102323164706534, 0.9096825477883427, 0.911208754227949, 0.9107593450158296, 0.9115594089852285, 0.9115300749063032, 0.9121001701721881, 0.912879221305624, 0.912061642656459, 0.9129670103518693, 0.9126780491818086, 0.9130201401346631, 0.9135975447423068, 0.9136040091393014, 0.9138141237627169, 0.9139154105949647, 0.9139798268564295, 0.9141138036478771, 0.9142108151668288, 0.9146282107329247, 0.9147699073891222, 0.9152927584496585, 0.9150618387086599], "train_aupr": [0.8026525270082827, 0.8774610612984187, 0.8883290516336247, 0.8936746049397876, 0.8996332393750702, 0.9034905600416582, 0.9063366197924406, 0.9083632701116819, 0.9092339925726387, 0.9108570610599758, 0.9117330741537809, 0.9131265140839288, 0.9138307907058735, 0.913811190811371, 0.91471567506617, 0.9153541007074014, 0.9160985236323526, 0.9165609383505945, 0.9167643642282457, 0.91713482655144, 0.9174848289570514, 0.9184021356227201, 0.9193422697121449, 0.9199689537609543, 0.9196468156709239, 0.9202561098798028, 0.920624087492246, 0.9209663607709098, 0.9207038681736726, 0.921777369906176, 0.9213807070416717, 0.9221276976731112, 0.9223353685344045, 0.9223395527648965, 0.9233486558875823, 0.9225905926215046, 0.923480892203224, 0.9234527087701061, 0.9233504557074605, 0.9242857102081745, 0.9241713639421281, 0.9240894359246831, 0.9242454485136296, 0.9243706457179799, 0.9243240820959884, 0.9247575835819385, 0.9248227438176339, 0.9250992298311866, 0.9254691689188383, 0.925369812487072], "train_loss": [86.054032805317, 68.31620733687801, 64.6150435052, 62.65758372538404, 60.578569335645746, 59.048655511772196, 58.06361634234398, 57.055328927122154, 56.71318635885848, 56.05952278742599, 55.63032739613754, 55.08644972339871, 54.7598191675219, 54.58744142251535, 54.254645918341026, 54.039440782302655, 53.79012580492301, 53.53091127421158, 53.52796701719382, 53.256920411527496, 53.060567983477796, 52.82279004375976, 52.50422729543244, 52.21456349374687, 52.373309861177695, 52.010901476639404, 51.859189589666364, 51.709472007095016, 51.873236005210515, 51.49238897509602, 51.507686027833195, 51.214647723429515, 51.218107289155625, 51.23155890732833, 50.8011493938147, 50.985150922552805, 50.80300742125648, 50.76168575797436, 50.73241688598866, 50.51366994941667, 50.37945581439804, 50.4038548879824, 50.29762009316147, 50.25207855961291, 50.30532980785771, 50.10378050393857, 50.199933422227204, 50.05140521740594, 49.8551452447078, 49.83525942479675], "eval_acc": [0.7835814203730272, 0.7923242467718795, 0.8070749641319943, 0.8110204447632712, 0.8191579985652798, 0.8221395265423243, 0.8259280846484935, 0.8237760043041606, 0.8319583931133429, 0.8283715925394548, 0.8295373027259685, 0.8264436872309899, 0.8306581779053085, 0.828125, 0.8274748923959828, 0.8318911406025825, 0.8310616929698709, 0.8299856527977044, 0.8345812410329986, 0.8301649928263989, 0.8341328909612625, 0.8357917862266858, 0.8356124461979914, 0.8385939741750359, 0.8381232065997131, 0.8382801291248206, 0.838683644189383, 0.8355003586800573, 0.8377196915351507, 0.8406339670014347, 0.8363073888091822, 0.84150824964132, 0.8406563845050216, 0.8397821018651362, 0.8390423242467718, 0.8432792324246772, 0.8425842898134863, 0.8405667144906743, 0.842853299856528, 0.8377196915351507, 0.8403425394548063, 0.8419117647058824, 0.8408581420373027, 0.844198350071736, 0.842741212338594, 0.8415530846484935, 0.8433689024390244, 0.8434585724533716, 0.843413737446198, 0.8407684720229556], "eval_auc": [0.8675972606871991, 0.8810555924820763, 0.8864483197662945, 0.8919870814471967, 0.8996409382098339, 0.9045662217478345, 0.9057756201350479, 0.9045415106313, 0.911030874370123, 0.9096808529850465, 0.9108227365332877, 0.9108724050131456, 0.9089463470581418, 0.910971364059422, 0.9099903017762638, 0.9131457543628257, 0.9135760429864155, 0.9124382953791382, 0.914154629466969, 0.9129208828003266, 0.9158598643577003, 0.9174337220636737, 0.9170117425103025, 0.9188815185002619, 0.9184542310722296, 0.9202455176571451, 0.9187922012721306, 0.9206164718605975, 0.9197661595867023, 0.9207307112739395, 0.9179847088020961, 0.9212327974204497, 0.9199920754366041, 0.9204304510057579, 0.9201696957581322, 0.9222355957568973, 0.9220661910323167, 0.9209719899081995, 0.9227828214525282, 0.9198637486967615, 0.9215769981666535, 0.9226609544192651, 0.9223708395187847, 0.9236833741018847, 0.9220242074624493, 0.9222930717675953, 0.9224674526874888, 0.9233374335467359, 0.9230738047498478, 0.922339495820374], "eval_aupr": [0.8868223257760746, 0.8992880589255616, 0.9027604623673184, 0.9066618606276694, 0.9136206467603372, 0.9181757588704468, 0.9196821418343526, 0.9180751778110972, 0.9232911796431851, 0.9221275993260035, 0.9233381100301656, 0.9232105076462522, 0.9214096476620209, 0.9226865332887214, 0.9225207848132773, 0.9251034882174081, 0.9250603027434958, 0.9241259531892805, 0.9260667439818124, 0.9250874491267802, 0.927448260095634, 0.9281483356444153, 0.9283794732899385, 0.9298196357525641, 0.9295037298370585, 0.9306063047198099, 0.9296475608980572, 0.9313029011475632, 0.9304556719914445, 0.9310867236862018, 0.9280375667550655, 0.9322284853374039, 0.9304897118783526, 0.9310576327321414, 0.9311235942487939, 0.9326857508153124, 0.9324339272934035, 0.931684876281944, 0.9327255182006362, 0.9307225577488019, 0.9303007677821733, 0.9330748900791719, 0.9323391341233271, 0.9334146684782795, 0.93240629893739, 0.9324393083746227, 0.9326956582151602, 0.9337702905204819, 0.933372998564224, 0.9326759962262992],