{"train_acc": [0.5728108369617804, 0.720670053217223, 0.788763909046928, 0.8109579100145138, 0.8210570875665215, 0.8237784228350266, 0.8303096274794388, 0.835752298016449, 0.8391993226898887, 0.8447629414610547, 0.8478471214320271, 0.8496613449443638, 0.8536526366715046, 0.8601838413159167, 0.8591557813255927, 0.863388969521045, 0.8670174165457184, 0.8724600870827286, 0.8752418964683115, 0.8782656023222061, 0.8789912917271407, 0.8830430575713595, 0.8853410740203193, 0.8864296081277213, 0.8863086598935656, 0.8911465892597968, 0.8899975810353169, 0.8936260280599904, 0.8942912433478472, 0.8958635703918723, 0.8948959845186261, 0.896528785679729, 0.8968916303821964, 0.8995524915336236, 0.8973149492017417, 0.8958030962747944, 0.9003386550556362, 0.9055999032414127, 0.9080188679245284, 0.905418480890179, 0.9009433962264151, 0.9068093855829705, 0.9104378326076439, 0.9104378326076439, 0.9119496855345912, 0.9108006773101113, 0.9155176584421868, 0.9129777455249153, 0.9120101596516691, 0.9163038219641993], "train_auc": [0.6165491378231494, 0.7932895225067534, 0.8623913625278243, 0.883700994509713, 0.8922660191517486, 0.8956533820344599, 0.8995860433501758, 0.9055214236609622, 0.9089542518510327, 0.9132930728381872, 0.9150040122256036, 0.9194554651735088, 0.9250563872942019, 0.9259148448543928, 0.928218347284878, 0.9311805407899364, 0.9341849740231157, 0.9360975377127628, 0.9393118676520701, 0.941241846543909, 0.9435201733650098, 0.9469704240715104, 0.9474138717315135, 0.948155901241102, 0.9498390538359416, 0.9515437834347562, 0.9519381086680823, 0.9544592096979782, 0.9539220008129045, 0.9568884146336558, 0.9564606999009581, 0.9571126911329411, 0.9595717527907295, 0.9608412120483356, 0.9584079623386926, 0.9598679209415649, 0.9610491339100317, 0.9626065035430539, 0.9642172012899684, 0.9631233130165727, 0.9617342440145573, 0.9650144606154946, 0.9665198040691012, 0.9675662814476604, 0.9673056019826853, 0.9680064596429935, 0.9698541314074649, 0.967903519048435, 0.9672634939108596, 0.9700022593683145], "train_aupr": [0.6178804849027334, 0.7737099925570545, 0.8364647345683436, 0.8576542669399361, 0.8646700696178042, 0.8690316766779043, 0.8735375644349751, 0.8784435977624984, 0.8825656010815637, 0.8875952203414949, 0.887955290393064, 0.895767349655165, 0.9059414694920178, 0.9033158938342153, 0.9073424083650419, 0.9130927500649255, 0.9173535428554704, 0.9164349910065854, 0.9223990183343913, 0.9245220116484792, 0.9258860576077158, 0.9331011125605986, 0.9335036784753562, 0.9351532992721718, 0.9360931244808681, 0.9368406625777244, 0.9400438990743046, 0.9437051899883957, 0.9421665700601851, 0.9469713915521283, 0.9454666921422057, 0.9459180682936433, 0.949608928746147, 0.951133979605015, 0.9482748140076208, 0.9509566776203605, 0.9522097857428398, 0.9542109098816982, 0.955379430731627, 0.9548528384940668, 0.9534861560622431, 0.9567157206121691, 0.9599258861894869, 0.9603631316971935, 0.9601587586710703, 0.9619973073787171, 0.9623009741490114, 0.9600927560485581, 0.960522379890476, 0.9641094570469765], "train_loss": [118.83974375357995, 93.67989488014808, 78.71694126129151, 70.79544653892518, 65.63353068278386, 65.54404330253601, 61.97531827046321, 60.09760534579937, 58.88066298228044, 56.71108636856079, 56.464958570553705, 55.41795185162471, 53.3941329240799, 53.07045915310199, 52.31008860698113, 51.97110381859999, 50.592401698919446, 48.76943957622235, 48.321653962135315, 48.08474033062274, 46.45289772107051, 44.908018689889175, 44.64412478850438, 44.46417457323808, 43.69089972422673, 42.62664686533121, 42.68205145872556, 41.18844768084013, 41.236137822041144, 39.67076297539931, 40.26652671557206, 40.21317623395186, 39.41747176830585, 38.768021710102374, 41.7093751503871, 39.30197748220884, 38.450893797324255, 37.39106498498183, 36.361811505831206, 37.38925444162809, 37.872265607577106, 36.28617719503549, 35.57228941183824, 35.061122866777275, 35.34890863161821, 35.06224153958834, 34.295459114588226, 34.866837658331946, 34.97449083695045, 33.597054129380446], "eval_acc": [0.6894612733538908, 0.7807001632504988, 0.805550516959913, 0.814438599673499, 0.8108108108108109, 0.8051877380736441, 0.829493923453655, 0.8327589334300743, 0.8267730818066389, 0.8380192272809722, 0.8391075639397787, 0.8458189733357518, 0.8487212044259024, 0.8245964084890259, 0.8452748050063487, 0.8581534554688917, 0.8652276437511337, 0.862688191547252, 0.8661345909668058, 0.8721204425902412, 0.8739343370215853, 0.8712134953745692, 0.8615998548884455, 0.8723018320333756, 0.8761110103391982, 0.8712134953745692, 0.8701251587157628, 0.8748412842372574, 0.8742971159078542, 0.8779249047705423, 0.880827135860693, 0.8781062942136768, 0.8839107563939779, 0.8737529475784509, 0.868492653727553, 0.8768365681117359, 0.8802829675312897, 0.8817340830763649, 0.8761110103391982, 0.8853618719390531, 0.8893524396880101, 0.8741157264647198, 0.8846363141665156, 0.8781062942136768, 0.8755668420097951, 0.88481770360965, 0.8797387992018865, 0.886631598040994, 0.8813713041900961, 0.8860874297115908], "eval_auc": [0.7818969794519556, 0.8606553579818618, 0.8786086079894292, 0.8888315660497297, 0.8933896968923271, 0.8958881537819695, 0.9024570001934645, 0.9033654282739931, 0.9060931472739262, 0.9069247159558269, 0.911075649915968, 0.9144931293751621, 0.9202300780833583, 0.9171975536600999, 0.914190298080226, 0.9245701335432053, 0.926433315917134, 0.9266255960222629, 0.9292251282854429, 0.934968130987367, 0.9340850375545023, 0.9341551849166062, 0.9314769507349681, 0.9318907280453893, 0.9393620143479651, 0.9325875953668523, 0.9373638015922003, 0.9400417725567201, 0.9355162806368273, 0.93940399747838, 0.944741514209118, 0.9420281405421482, 0.944876544590954, 0.9429447941576328, 0.9400737534366286, 0.9425671433967379, 0.9457500305989899, 0.9461320902466214, 0.945423509763381, 0.9423576883746211, 0.9485529638905595, 0.9445787144212712, 0.9412050606123219, 0.9470022202363954, 0.9407478524773337, 0.9479686876915727, 0.9458786121614207, 0.946162886649496, 0.9440257610593963, 0.9474185639137226], "eval_aupr": [0.7668424997611508, 0.8405270711985209, 0.8521850559468918, 0.8587345147371891, 0.8675238395736182, 0.868352803100273, 0.8761972471497742, 0.8732165884936591, 0.8756171366503231, 0.877306572728004, 0.8827313813674719, 0.8862169238311821, 0.896048374440173, 0.8913955241971123, 0.8898275794927334, 0.9027475826875926, 0.9050149223201445, 0.9027988117412521, 0.9047371354546152, 0.9169135658460285, 0.9108581818047206, 0.915270540204998, 0.908933413879815, 0.9076553432059868, 0.9218857989652132, 0.9084925827975764, 0.9203436856716578, 0.924362087279209, 0.9180415128986954, 0.9217151081685492, 0.9285948907515695, 0.9269145662846242, 0.9275861431335493, 0.9296289016973689, 0.9246783206133647, 0.9269013427529652, 0.9334467310014214, 0.9315136424339523, 0.9329580197879147, 0.9231560332712049, 0.9347040119197543, 0.929633317030939, 0.9212509265510419, 0.9321127350042967, 0.9203320187627766, 0.9347169691926454, 0.9326103312078571, 0.9315953098956058, 0.9283458214104724, 0.9314224500716578],