{"train_acc": [0.5756183104553426, 0.723649996976477, 0.7829715184132551, 0.8007498337062345, 0.8112112233174095, 0.8147789804680413, 0.8213702606276834, 0.8288685976900284, 0.8298361250529116, 0.8308036524157949, 0.8376368144161577, 0.8393904577613835, 0.8387857531595816, 0.8451351514785027, 0.8455584446997642, 0.8483400858680534, 0.853601015903731, 0.852089254399226, 0.8571687730543629, 0.8607970006651751, 0.8638205236741852, 0.8672673399044567, 0.8696861583116647, 0.8673278103646369, 0.8733143859224769, 0.8753099111084235, 0.8757936747898651, 0.878756727338695, 0.8802684888432001, 0.8846223619761746, 0.8829291890911289, 0.8851061256576163, 0.8852875370381569, 0.8906089375340146, 0.8920602285783394, 0.889520469250771, 0.8935115196226643, 0.8950232811271693, 0.8969583358529358, 0.8998609179415855, 0.8983491564370805, 0.8972002176936567, 0.9026425591098748, 0.9024006772691541, 0.9018564431275322, 0.9069964322428493, 0.9050613775170829, 0.9091128983491564, 0.9027635000302352, 0.9109874826147427], "train_auc": [0.6131336568917726, 0.7898691073224939, 0.8520052020773673, 0.8701468720662474, 0.8820799129745827, 0.8885507989752879, 0.8939718601396278, 0.8971053037739605, 0.9014284840444236, 0.902830395743791, 0.9064749551515802, 0.9082213331977534, 0.9115147930455022, 0.9139724022055207, 0.9155225263628906, 0.9204827876380659, 0.922593736444696, 0.9210378054832379, 0.9256373720762521, 0.9302056594487557, 0.9311295409939306, 0.9320240521043215, 0.9347321729359283, 0.9350589555896793, 0.9379955456400759, 0.9400524780046452, 0.9419950441194246, 0.9436722305113417, 0.942499270712212, 0.9466342271579634, 0.9476654614452196, 0.9493253883186876, 0.9498617497945532, 0.9520146772604616, 0.9527635282738409, 0.9535136079309066, 0.9565061232090909, 0.956805510033982, 0.9586137956325579, 0.9583973495698402, 0.958092660562375, 0.9593175963774435, 0.9617872213801788, 0.9625859055964018, 0.9614241059774218, 0.9650381613803589, 0.9642603055999589, 0.9655806660746555, 0.9646885829982159, 0.9678518285552942], "train_aupr": [0.613521814087009, 0.7719172898806854, 0.8241749653315037, 0.8383363821233272, 0.8515383824717454, 0.8575482228304664, 0.865821923342312, 0.8683697457104196, 0.87632487466397, 0.875272761983439, 0.8793216801795017, 0.8826639601586087, 0.8880962435375163, 0.8876138085803223, 0.8925543317973811, 0.8992219015279125, 0.8999416493514392, 0.9008509990474377, 0.9055919109279628, 0.9116621574196762, 0.9128852730521501, 0.9144524746152496, 0.9153138147394899, 0.9176003654116228, 0.9213394290326313, 0.9249684412831688, 0.9266678086328245, 0.9290208050236587, 0.9264313986368916, 0.932366131055219, 0.9362049322894376, 0.9375735314280085, 0.9371858484992983, 0.9406608892836877, 0.9406679723223151, 0.9427667161957054, 0.946528700363663, 0.9470132079380946, 0.9503897949463238, 0.9485137858908524, 0.9489587518527245, 0.9505596533293792, 0.9538382156263878, 0.9551334767910943, 0.9531845597626686, 0.9585951424719542, 0.9580814679648149, 0.9589591495642279, 0.9584960761423413, 0.9618229759267942], "train_loss": [116.11806899355008, 91.91531251393832, 79.14673028313197, 72.56083318614043, 67.92301483521095, 65.58621477805652, 62.88256865006227, 61.24776104253072, 60.79100968608489, 60.05995792654844, 57.925070817424704, 57.69878147267378, 56.251827766574344, 55.13967377956097, 55.29887733321924, 53.00453814497361, 52.576051960083156, 54.82616639870864, 51.4623541708176, 49.93429880761183, 49.198446415937866, 48.65828660245125, 48.17645343152376, 47.60344041219125, 47.31427620259615, 46.36103036128558, 45.75679826415502, 45.390546610492926, 45.39481129417052, 43.79039226472378, 43.510781639814375, 42.9953389523121, 42.76166930290369, 41.871858161229355, 41.522532206888386, 41.37050583798152, 39.8551916963779, 39.460714129988965, 39.607873227275334, 38.555133837232226, 39.43068520873785, 38.917173647422054, 37.79733862051597, 37.22481894584803, 37.86559360176325, 36.02332319731896, 36.65418917685747, 36.024630207511095, 36.45227714410195, 34.87374852517476], "eval_acc": [0.6861393323657474, 0.7913642960812772, 0.8131349782293179, 0.8269230769230769, 0.8289187227866474, 0.8254716981132075, 0.8394412191582002, 0.8387155297532656, 0.8497822931785196, 0.8448838896952104, 0.8483309143686503, 0.8510522496371553, 0.8436139332365747, 0.8561320754716981, 0.8519593613933236, 0.8548621190130624, 0.8586719883889695, 0.8615747460087083, 0.8624818577648766, 0.8626632801161103, 0.8561320754716981, 0.8704644412191582, 0.8648403483309144, 0.8691944847605225, 0.8661103047895501, 0.8699201741654572, 0.875, 0.8671988388969522, 0.8733671988388969, 0.864477503628447, 0.8708272859216255, 0.8782656023222061, 0.8766328011611031, 0.8739114658925979, 0.8760885341074021, 0.8802612481857764, 0.8800798258345428, 0.8782656023222061, 0.8769956458635704, 0.8808055152394775, 0.8804426705370102, 0.8808055152394775, 0.8817126269956459, 0.877721335268505, 0.887699564586357, 0.886066763425254, 0.8831640058055152, 0.8853410740203193, 0.8911465892597968, 0.8822568940493469], "eval_auc": [0.7547074037576023, 0.8680326007318772, 0.8889581181575754, 0.8983111130420701, 0.8985444738257411, 0.907540877634031, 0.9116769918116369, 0.9150708936236882, 0.9155619716056868, 0.915072539327381, 0.9182163600062404, 0.9202127302421752, 0.9180716039094022, 0.9252404208525141, 0.9244525237524416, 0.9263552863623168, 0.926061034542004, 0.9265430940677647, 0.9309701028301495, 0.9269149572742408, 0.9301667361153625, 0.9343838847428128, 0.9305019330435578, 0.9354784751831173, 0.9328709564237412, 0.9380878371306299, 0.9396263725991653, 0.9370409062692752, 0.9378663912416967, 0.9350585574288053, 0.9358509966710705, 0.9395144647480396, 0.9413995195861778, 0.9394733879838616, 0.9391790703354009, 0.9428057404777939, 0.9436271441050565, 0.9449939997643352, 0.9409776928155816, 0.9422866197048662, 0.941958927185511, 0.9436349776546353, 0.9431450845792956, 0.9409048868842023, 0.9474268764478078, 0.9469820098255093, 0.9451144652746646, 0.9461889123017668, 0.9473623648630413, 0.9454593389405749], "eval_aupr": [0.7520440278622839, 0.8459552194948043, 0.8609555173179332, 0.8703788700978978, 0.8690758868331476, 0.8825748303242237, 0.8875810651626791, 0.8907034074899469, 0.8921985827090321, 0.8917537426598641, 0.8958955271840127, 0.8961347504989027, 0.8959081190142454, 0.904632124900053, 0.905026922687441, 0.905290323779793, 0.9038216638178654, 0.9046701433572916, 0.9101425307723432, 0.9053567760740566, 0.910574273069312, 0.9140799081900151, 0.9096402413063112, 0.9163182194591218, 0.9139298100088236, 0.9207177310987631, 0.9227427827520218, 0.9204482336412292, 0.9208650472771954, 0.916193121225854, 0.9169513467936473, 0.9218791488170677, 0.9235326835408558, 0.9238506614411082, 0.9182312160840123, 0.9271994493820639, 0.9253808835481974, 0.9292854521088076, 0.9232179501958605, 0.9237795707552126, 0.9250765537901008, 0.9282105073867469, 0.9256837396992091, 0.9226075054932894, 0.9305750162095437, 0.9303311247013367, 0.9281813463883044, 0.9296233678635452, 0.9290822055801212, 0.9275195144221717],