{"train_acc": [0.5213038603235624, 0.5466122056703508, 0.5822521223770624, 0.6136472849591542, 0.6316674675636713, 0.6509690853756207, 0.671952586897325, 0.6860483741790806, 0.6995034438571199, 0.7160820118532757, 0.7229697260932244, 0.733221207752683, 0.7354637193656895, 0.7453948422232901, 0.7516418388595226, 0.766938971648246, 0.7630946660259491, 0.7767099151049175, 0.7779112606118853, 0.7808745795290726, 0.7876021143680922, 0.7972128784238347, 0.798494313631267, 0.8041005926637834, 0.8138715361204549, 0.8106679481018741, 0.8145923434246356, 0.8149927919269582, 0.8197981739548295, 0.8147525228255647, 0.8213198782636553, 0.8267659778952426, 0.8218004164664424, 0.8287682204068557, 0.8295691174115009, 0.8291686689091783, 0.8292487586096428, 0.8328527951305462, 0.8294890277110364, 0.834054140637514, 0.8410219445779272], "train_auc": [0.5243793518078712, 0.5652524669415648, 0.6103435910855775, 0.6468686619523538, 0.679882947734477, 0.7012213714201962, 0.7266554436606079, 0.745373217999128, 0.7599630788169973, 0.7799270585888917, 0.7867003784652273, 0.7997874157135518, 0.8051830189766513, 0.8177662915297534, 0.8207252353231302, 0.8380945419972683, 0.8391808856899999, 0.851299563267889, 0.855860769356445, 0.8566015544937178, 0.8606713551401209, 0.8687396115857666, 0.8712218578331676, 0.8762555903802146, 0.8855537144304099, 0.8822494045933043, 0.8855994680515874, 0.8872062222871343, 0.8924360216141903, 0.8924550417731204, 0.8944583701725919, 0.8972103381879228, 0.89563872376017, 0.9009623918068034, 0.9015020278543938, 0.9018039119153597, 0.9020973896307791, 0.9061373637931383, 0.9040453259884547, 0.9038653916914248, 0.9099029574036994], "train_aupr": [0.533078426488688, 0.5622979106531227, 0.5999531910670519, 0.6252957017679044, 0.6610119241058274, 0.6771254496407135, 0.6987897739952367, 0.7141888680759497, 0.7252295161526378, 0.7470523363648166, 0.7492031041087674, 0.7660049548859738, 0.7751946383117512, 0.7839984342339419, 0.7911794268744632, 0.8073659701119165, 0.8121249652996083, 0.8270317673582315, 0.8293560795178707, 0.8296309579463377, 0.8317089364958525, 0.838197764406662, 0.8472352216037999, 0.8508627240858644, 0.8637793267241342, 0.8574265819131649, 0.8595774957052358, 0.8609656432412417, 0.8697933182981592, 0.8701212602190584, 0.8724748780004068, 0.876081728884921, 0.8755427314487524, 0.8809766045247053, 0.878733039301522, 0.8798838420336241, 0.8846968305223475, 0.8881860308427334, 0.8852840076728652, 0.8804814348279641, 0.890844595764877], "train_loss": [140.92618759310974, 111.34411092680328, 105.85710822319498, 101.37452738868947, 98.4469997432767, 96.03641018818836, 92.33206082850086, 89.87192368629027, 87.44970124230093, 84.20992781069813, 82.71494230688835, 81.14453531528005, 80.09222457238606, 77.52170737665527, 76.76519514346609, 74.21501679079873, 74.30841605274044, 70.94258576023336, 70.38685327281758, 73.42943376667645, 69.85293247383468, 67.34344928970143, 67.5347717550336, 65.87999276968898, 63.27845739162698, 64.31036466542555, 62.97689782843298, 62.78127453765091, 61.24133249691555, 61.362702601418206, 60.90369669880186, 60.324591926165986, 60.759478386567565, 58.87802919319698, 58.202999042004954, 58.55990666211868, 58.46486049647234, 57.478678922263946, 58.72205347430949, 58.27386111081863, 56.44428244658879], "eval_acc": [0.5404950732996876, 0.5678923335736602, 0.5972122086037011, 0.635183850036049, 0.6419130016822879, 0.6637827445325643, 0.6700312424897861, 0.695746214852199, 0.6988704638308099, 0.7080028839221341, 0.7144917087238645, 0.726508050949291, 0.726508050949291, 0.7178562845469839, 0.7426099495313626, 0.7457341985099736, 0.7666426339822158, 0.7642393655371305, 0.7664023071377073, 0.7683249218937755, 0.7688055755827926, 0.7659216534486902, 0.7784186493631339, 0.7726508050949291, 0.7704878634943523, 0.7740927661619803, 0.7786589762076424, 0.7894736842105263, 0.7805815909637106, 0.7892333573660177, 0.7791396298966594, 0.7776976688296082, 0.7846671473203557, 0.7887527036770007, 0.786589762076424, 0.7764960346070656, 0.7906753184330689, 0.7776976688296082, 0.7786589762076424, 0.7904349915885605, 0.7873107426099495], "eval_auc": [0.5800460122486695, 0.5952207168832224, 0.6348059733642978, 0.6823746138488825, 0.6832712610194343, 0.7136007935887936, 0.7354207874223944, 0.749894145017628, 0.7693274325729186, 0.7743224934441559, 0.7849923520930858, 0.7897052100528027, 0.7887391099953451, 0.7836030632305553, 0.8154778936430154, 0.8092837593033356, 0.834513993889995, 0.8345507426720848, 0.8392210737393203, 0.8429209133852008, 0.8450370885349809, 0.8430034248015913, 0.8546496685444755, 0.8486278374566699, 0.838406937985159, 0.8514445507103148, 0.853553098754378, 0.8605938418286194, 0.859338258440548, 0.8651776168021904, 0.8569242794811905, 0.8504664321832428, 0.8525125766350782, 0.8593235820401538, 0.8626718814498157, 0.8569436939321058, 0.8649540039300396, 0.8548443908646688, 0.8538652322777265, 0.8639026189632036, 0.8575055573865745], "eval_aupr": [0.5791289799352899, 0.579729882923541, 0.6186575164644796, 0.6648497059918286, 0.657362567522215, 0.6817882423720534, 0.712839217039039, 0.7176566333094704, 0.7412382570251639, 0.7447985330368462, 0.7572542431784918, 0.76279308642752, 0.7623993684107317, 0.750582307358109, 0.7901754806392574, 0.7788977991357612, 0.806640259395683, 0.8097535944793182, 0.8123369746967897, 0.818571079540714, 0.8202676792898889, 0.8178453773467466, 0.8326748012961832, 0.8194279322065633, 0.8108159763775098, 0.8287940756560122, 0.8246919658666156, 0.8352301298137312, 0.8330071110676599, 0.8447098051798243, 0.8371981285084396, 0.8280065587898697, 0.8196480194866869, 0.8294579667796196, 0.8370449788646912, 0.8336598380251773, 0.8420049545443412, 0.8188603116205283, 0.8227575160634587, 0.834670086258488, 0.8312140520564963], "eval_loss": [0.8729853154346078, 0.8318560862736013, 0.78017092624899, 0.7538452597656837, 0.7432647464482207, 0.7211216398226301, 0.6955456110726924, 0.6699109605887967, 0.6534749544517721, 0.6443225757429961, 0.6386491107814617, 0.6228112646720353, 0.6236147095136589, 0.6425356586745541, 0.5831260793170686, 0.6045324892786884, 0.5734270780211428, 0.5668383714987149, 0.5590731602281196, 0.5511058682691762, 0.5540142658953768, 0.5631235800549206, 0.5312379030575691, 0.5470508775496764, 0.5550783504462248, 0.5399529548311314, 0.5423186791541914, 0.5202602313791608, 0.5186700942681919, 0.5122715888101302, 0.5215285758907994, 0.542944884262988, 0.5417221283803791, 0.5124657775770727, 0.5212997542611397, 0.5226607403053856, 0.5009648095054484, 0.5418660354367875, 0.5311172587944321, 0.5184199506561505, 0.5281442661922559]}