{"train_acc": [0.571264437322368, 0.7235895265162968, 0.7794037612626232, 0.8085505230694806, 0.8142952167865998, 0.8225191993711072, 0.8270544838846223, 0.8301384773538126, 0.8365483461329141, 0.8435024490536372, 0.848521497248594, 0.8506984338150814, 0.8517264316381448, 0.8570478321340025, 0.8624901735502207, 0.8623692326298603, 0.8665416943822942, 0.8711979198161698, 0.8722259176392332, 0.8742819132853601, 0.8765193203120276, 0.882324484489327, 0.8834734232327508, 0.8817802503477051, 0.8823849549495072, 0.8872225917639234, 0.8877063554453649, 0.8897018806313116, 0.8913345830561771, 0.8941766946846466, 0.8953861038882506, 0.8975025699945577, 0.8978653927556389, 0.9031263227913164, 0.902098324968253, 0.9013122089859104, 0.9012517385257302, 0.906573139021588, 0.9064521981012276, 0.9034891455523977, 0.9095361915704179, 0.906875491322489, 0.9098990143314991, 0.9132853601015903, 0.9094152506500575, 0.9111688939952833, 0.9122573622785269, 0.9124992441192478, 0.9133458305617705, 0.9142528874644736], "train_auc": [0.609607844433583, 0.7939642206087076, 0.8521935502291186, 0.8774132536602759, 0.8837515265897801, 0.8917182935917807, 0.8952498324071504, 0.9004278049555061, 0.9047698902493551, 0.9089851034558939, 0.9132269153355677, 0.9194436841805339, 0.921104466716569, 0.9236079818076484, 0.9262768079813631, 0.9288226235193526, 0.9310862751841241, 0.9359829468351837, 0.9363202680338858, 0.9404190233710261, 0.9416369822451627, 0.9453311115750055, 0.9472800768756504, 0.9483171252803502, 0.9476494159437463, 0.9509534801566438, 0.9512132432226552, 0.9548098635866169, 0.9551893316517687, 0.9575212827414528, 0.9583535498850984, 0.9576826958057264, 0.9595980416121723, 0.9622794394436046, 0.9616821723450093, 0.9618928262303492, 0.9627544930622001, 0.9647975446784576, 0.9647530136581883, 0.9648366418757574, 0.9676958127472133, 0.966854221075592, 0.9690103591044662, 0.9689037157578468, 0.9680547302840427, 0.9686678600502293, 0.9690867690403788, 0.9694075986229362, 0.971130369158282, 0.9713563006427912], "train_aupr": [0.6127206405158719, 0.7723834749064521, 0.8252025474815169, 0.8453234823233987, 0.851442900496718, 0.8585579760953328, 0.8636606652401121, 0.8741035723564667, 0.8780014028699213, 0.8802001038141501, 0.8823435712799064, 0.8950321511552974, 0.898678585706974, 0.8997686480765831, 0.901057859830858, 0.9088546603177909, 0.9110017092142821, 0.9170351149266749, 0.9177361238930222, 0.9235407982362125, 0.9245523057843337, 0.9311388581507941, 0.9340716743232693, 0.9367215834593386, 0.93387102731091, 0.9393151232823734, 0.9395311689709512, 0.9450541027083441, 0.9447446568536706, 0.9483839617866145, 0.9507143133095364, 0.9473074024572683, 0.9512529113966639, 0.9548868007714773, 0.9536982669418347, 0.95348405359972, 0.9554693100941101, 0.9578519895423439, 0.9569887428133574, 0.9580350901816967, 0.9616579058237708, 0.9612836559174038, 0.9646771222534907, 0.9625026783286664, 0.962479452002052, 0.9636384461062075, 0.9633406221559881, 0.9640883999714561, 0.9667403435560644, 0.9671708882370285], "train_loss": [121.40959410713269, 92.49827429468814, 80.04096022248268, 71.80302814061825, 67.95245688144978, 64.62673983573913, 62.455325608987074, 61.37310130940034, 59.63630360364914, 58.19791432183523, 56.38882680099744, 54.53898927706938, 53.65082050057558, 53.04243572457479, 54.29966263633508, 51.48205177967365, 50.27158340215683, 48.49393399816293, 48.59061472026201, 47.0306893825531, 46.710363013010756, 45.13771281975966, 45.322393659674205, 45.07881291371125, 44.772071737968005, 43.875275941766226, 42.66229452238633, 41.74775008834325, 41.01597034266362, 40.670941326709894, 40.01503397455582, 40.85463049939045, 39.605526306078985, 37.835671332478526, 39.16852538402264, 38.14952300649423, 37.809808126894325, 36.351884407034284, 36.92949748704066, 37.222737158949556, 35.94528883317342, 36.1987512829212, 35.20889550562088, 34.977925129807915, 35.09141547267254, 35.03074992551253, 35.08383299685442, 34.47881899407277, 33.39756234265291, 33.71521827532695], "eval_acc": [0.6924891146589259, 0.771044992743106, 0.8038824383164006, 0.8307329462989841, 0.8365384615384616, 0.8405297532656023, 0.8452467343976778, 0.844521044992743, 0.8376269956458636, 0.849600870827286, 0.8566763425253991, 0.8559506531204645, 0.8612119013062409, 0.8612119013062409, 0.8704644412191582, 0.8684687953555879, 0.8682873730043541, 0.8730043541364296, 0.8632075471698113, 0.874455732946299, 0.8740928882438317, 0.8800798258345428, 0.8753628447024674, 0.875544267053701, 0.8766328011611031, 0.8793541364296081, 0.8779027576197388, 0.8760885341074021, 0.877721335268505, 0.8853410740203193, 0.8818940493468795, 0.8858853410740203, 0.884978229317852, 0.8847968069666183, 0.8920537010159652, 0.8869738751814223, 0.895500725689405, 0.8797169811320755, 0.8924165457184325, 0.8902394775036284, 0.8922351233671988, 0.8915094339622641, 0.8822568940493469, 0.8884252539912917, 0.8920537010159652, 0.8969521044992743, 0.8945936139332366, 0.8949564586357039, 0.8949564586357039, 0.900399129172714], "eval_auc": [0.7570828124681144, 0.8641626955836554, 0.8921222797340806, 0.9015544000521359, 0.9020171719306145, 0.9085120402973589, 0.9153561928159109, 0.9161201942983608, 0.917255993159139, 0.9208987911977233, 0.924293087978661, 0.9227624518878524, 0.9267853416513782, 0.9291778656802976, 0.9331713960899397, 0.9344923037021091, 0.9348702889263231, 0.9367276959424188, 0.934552338972831, 0.9372899999802516, 0.9412432435634883, 0.9441021600190111, 0.9416430837327456, 0.9418062058827984, 0.9444603309707612, 0.9459023623747371, 0.9445151658178126, 0.94303837715184, 0.9450843159830085, 0.9491692158616872, 0.9467167223901938, 0.9478695049130837, 0.9474022567205602, 0.9483816479023532, 0.952578126491419, 0.9485616220582225, 0.9519813943323282, 0.9474938895021878, 0.950952500383449, 0.9494247607311401, 0.9502705207730595, 0.9495945973522604, 0.9444444663871603, 0.9497528482193816, 0.9500200446709811, 0.9531005386717328, 0.951637639744929, 0.9520831646487049, 0.9545852925435798, 0.9538268864536864], "eval_aupr": [0.7480029238233301, 0.8402808918564427, 0.8671445139674179, 0.8734985069495553, 0.8754757904879666, 0.8839658630347851, 0.8886718848611417, 0.8920519879069413, 0.891263250323262, 0.8952723742729926, 0.902208759142246, 0.8968714428882223, 0.9040758952794452, 0.908350217801477, 0.9117852730630367, 0.9142035151396345, 0.9152886944400423, 0.9152991310493701, 0.9152833698879603, 0.9124871303276678, 0.9251155002905325, 0.9278466855745772, 0.9227206945887126, 0.9258673102710205, 0.927458351539618, 0.9314724255912881, 0.927604213395696, 0.9251532562502444, 0.9302404794877995, 0.9360827958644641, 0.9298900696320261, 0.9331747421798178, 0.9304986125797742, 0.9366156041779441, 0.9398945288906952, 0.9317414606542613, 0.9355040692851344, 0.9296516017081886, 0.9362278382435176, 0.9339310899903193, 0.9358602543352683, 0.9349020409342824, 0.9273365116256633, 0.932036852059439, 0.9366432827165138, 0.9395462627927024, 0.9343783090846393, 0.938922687956321, 0.9417158276292974, 0.9388227729898768],