{"train_acc": [0.5362434921906287, 0.5701241489787745, 0.5920704845814978, 0.6164997997597117, 0.6370044052863436, 0.6458950740889067, 0.6726471766119343, 0.684020824989988, 0.68994793752503, 0.6999599519423308, 0.7226271525830997, 0.7315979175010012, 0.7340008009611534, 0.7370444533440128, 0.7504205046055267, 0.753063676411694, 0.7612334801762115, 0.7721265518622347, 0.7742891469763716, 0.7784541449739688, 0.7830196235482579, 0.783820584701642, 0.7958350020024029, 0.7900680816980377, 0.8000800961153384, 0.8030436523828595, 0.8089707649179014, 0.8094513416099319, 0.8148177813376051, 0.8110532639167001, 0.8194633560272326, 0.8176211453744493, 0.8221065278334001, 0.8221065278334001, 0.8233880656788146, 0.8253904685622747, 0.8321986383660392, 0.8273127753303965, 0.8292350820985183, 0.8320384461353625, 0.8336403684421305, 0.8365238285943132, 0.8411694032839407, 0.8355626752102523, 0.8424509411293553, 0.8365238285943132, 0.8438125750901081, 0.8475770925110132, 0.8496595915098117, 0.8495794953944734], "train_auc": [0.5524714282552909, 0.602832557178789, 0.6335477956702626, 0.6630011059168941, 0.6876945167850704, 0.702574192421119, 0.7291700843087702, 0.742977178699668, 0.7546736143447675, 0.7700536327847597, 0.7869519186726204, 0.799433776608895, 0.8066947610325594, 0.811458793672075, 0.8253162702047793, 0.8284349568731434, 0.836661288806251, 0.8436802977508847, 0.8472058154007567, 0.8562745110724416, 0.8618736036444992, 0.8619180939638624, 0.8705893419268195, 0.8686798780066715, 0.8765554218706606, 0.8793351041147923, 0.8842561750021706, 0.8854185198951311, 0.88902558601555, 0.8894080153533448, 0.8949865571460309, 0.8959018434190295, 0.896896290626683, 0.8983615573449923, 0.9031670381210412, 0.9027619913733449, 0.9063932024131878, 0.9073144061810582, 0.9078167000896019, 0.9088267304616257, 0.9119585742498245, 0.9129705043815904, 0.9194544485621309, 0.9150322186416029, 0.9175304027023415, 0.917511533467066, 0.9206726438242635, 0.9215488309879771, 0.9233077646210002, 0.9234143565459842], "train_aupr": [0.5577649635083187, 0.6008325319797273, 0.6346525641849399, 0.6546690969760975, 0.6734451153592828, 0.6874473718137541, 0.7057699429331454, 0.7185760436392942, 0.7348611651341983, 0.7449900372404391, 0.7599852572778361, 0.775189179400193, 0.7819004022332728, 0.7910101997800266, 0.8025025097914857, 0.806759961635735, 0.8151154384911021, 0.8223153258217746, 0.8263672184155089, 0.8370172205569444, 0.8409339898937489, 0.8444009792287255, 0.8535412569805385, 0.8528644686789184, 0.8578082411573692, 0.8637830720732406, 0.8680989087229062, 0.8694353103401451, 0.8716602941977522, 0.8744095651074458, 0.8798875917672586, 0.8820071531398426, 0.8837414252792065, 0.8849674837111705, 0.8889812470667511, 0.892325971680108, 0.8909133351470298, 0.8969739699253563, 0.8963627818518143, 0.8966195749574977, 0.9027623030292071, 0.902820132291269, 0.9099449157144099, 0.9052543360785774, 0.9078305110960107, 0.9102528249898024, 0.9129731914285111, 0.9116916912801104, 0.9129009226299909, 0.9142821843209168], "train_loss": [310.35968140436677, 272.95164228337154, 255.6408480381479, 247.76325542464548, 241.8606637935249, 237.3529796284072, 231.72889380309047, 225.8184318688451, 221.3965101448857, 216.54834032058716, 211.97854811196424, 208.29542813739, 205.58066763561598, 202.7370899222335, 198.38633999410942, 196.6017266901172, 194.00627197173176, 191.50194807441866, 189.80766007973224, 186.21864231508604, 184.61527216191195, 183.18940890078642, 180.43425678233712, 179.13463691424352, 177.27419101097146, 175.7854182635035, 174.43145057254907, 172.96863704311605, 171.3659544684449, 170.72187075444631, 168.91227143394704, 167.87384969239332, 167.2203953850026, 165.7347815061102, 164.35585841597344, 164.01752501482866, 162.6241229784732, 161.86723611914383, 161.87274362724654, 160.95761645570093, 159.44451516258474, 158.77626119523632, 156.69240778441332, 157.6458933864321, 157.30580590695752, 156.7121083468807, 156.39994322888705, 155.15629317444197, 154.46046392163453, 154.4110119586088], "eval_acc": [0.5494954348870735, 0.5989908697741471, 0.6210956271023547, 0.6410379625180201, 0.6256607400288323, 0.6537722248918789, 0.6650648726573762, 0.6660259490629505, 0.678279673234022, 0.6756367131186929, 0.69365689572321, 0.7071119654012494, 0.7051898125901009, 0.7114368092263335, 0.7210475732820759, 0.7263334935127342, 0.7335415665545411, 0.7421912542047093, 0.7462758289283998, 0.7361845266698702, 0.7474771744353677, 0.7513214800576646, 0.7590100913022585, 0.7537241710716002, 0.7551657856799615, 0.7515617491590582, 0.7618933205189813, 0.7602114368092263, 0.7635752042287361, 0.7645362806343105, 0.7630946660259491, 0.7597308986064392, 0.7698222008649688, 0.7664584334454589, 0.7729456991830851, 0.7695819317635753, 0.7731859682844786, 0.7650168188370976, 0.7741470446900529, 0.7734262373858721, 0.7823161941374339, 0.7753483901970206, 0.7743873137914464, 0.7839980778471889, 0.7830370014416146, 0.7765497357039884, 0.7772705430081691, 0.7844786160499759, 0.7813551177318597, 0.7794329649207112], "eval_auc": [0.5899853931704351, 0.6386118360366633, 0.6656819435053203, 0.6915244581808756, 0.6960453446996937, 0.7074817784248141, 0.7297718049610551, 0.7289418977143072, 0.7450344749361081, 0.7407466785806773, 0.7550217762579303, 0.7652481740307989, 0.769410993400707, 0.7809375214407143, 0.7829167087299311, 0.7972496746786695, 0.7998665680095416, 0.8086497241612391, 0.8116927173993143, 0.8057120719682627, 0.8156637975862577, 0.8229940096521045, 0.8242306118766944, 0.8251048732476944, 0.8296544051384254, 0.823115290460606, 0.8344071112597797, 0.8318747679782628, 0.8336306830743045, 0.8335136759704833, 0.8393121691777184, 0.8346367362572096, 0.8445052978922319, 0.8393043148015488, 0.8412962076992754, 0.8393465898262266, 0.8432280377204107, 0.8355667868001203, 0.8411775835180075, 0.8438421806335572, 0.8499282826152392, 0.848427403733647, 0.8410432505844001, 0.849223929881674, 0.8492819136586908, 0.8485635847557647, 0.8493103280195399, 0.85250266991037, 0.8509731456568651, 0.8520009138797684], "eval_aupr": [0.5973557847559967, 0.6416011286299386, 0.6547658633320625, 0.6753824758326727, 0.6833999925357945, 0.6850515088147718, 0.7033365143664401, 0.705972631216654, 0.7241290724159303, 0.7190221072411349, 0.7255525913614855, 0.7333026470107714, 0.743379153181082, 0.7594585757946104, 0.7555066607681351, 0.7734329822583539, 0.7770107992500517, 0.782561428452776, 0.7799778340053598, 0.7789267450647475, 0.7899991671023185, 0.7985302050463632, 0.7938499967438093, 0.8026690431624974, 0.8107940496260053, 0.7985935158129199, 0.8133287377228846, 0.8085195782555984, 0.8104579241453715, 0.8071047959011334, 0.8133793427178467, 0.8106758785874077, 0.8203520923725305, 0.815012393447607, 0.8155835201166939, 0.814861257365388, 0.8179578714343211, 0.8119115717640836, 0.8171718688697103, 0.8174985943656028, 0.8280216762141077, 0.8240548935172225, 0.8154491422276332, 0.8246828207771353, 0.8225935105504774, 0.8247733993104855, 0.8254766172625703, 0.8306565227565224, 0.8237020904680838, 0.8304620478333249],