{"train_acc": [0.5861151427189163, 0.7279269472665699, 0.7890662796323173, 0.8099298500241896, 0.8222665699080793, 0.8272859216255443, 0.8353289791969037, 0.8385945815191098, 0.8442186744073537, 0.8479680696661829, 0.8463352685050798, 0.8527455249153363, 0.8575229801644896, 0.8616956942428641, 0.865021770682148, 0.8684687953555879, 0.8743347847121432, 0.8707668118045476, 0.8754837929366232, 0.8779027576197388, 0.878870343492985, 0.8814707305273343, 0.8818940493468795, 0.8846758587324625, 0.8887880986937591, 0.888848572810837, 0.8929003386550556, 0.8927189163038219, 0.8958635703918723, 0.8935655539429125, 0.8942912433478472, 0.8973754233188196, 0.9002781809385583, 0.8997339138848572, 0.8999758103531689, 0.9029995162070634, 0.902636671504596, 0.9060836961780357, 0.9073536526366716, 0.9077769714562167, 0.904329946782777, 0.9117077890662796, 0.9078979196903725, 0.9101959361393324, 0.9121915820029027, 0.9096516690856313, 0.9114054184808902, 0.9169085631349783, 0.9152152878567973, 0.9124334784712144], "train_auc": [0.6308182945744961, 0.8031797061220535, 0.8601044052083938, 0.8804995765933104, 0.8911844295993342, 0.8966467108860224, 0.9041239700380668, 0.904947853276592, 0.9099522192923655, 0.9154800288497007, 0.9167700997638847, 0.9191819628867302, 0.9225236267486299, 0.9253213379417333, 0.9285573695584399, 0.9325797550513893, 0.9377011269545988, 0.9337814041256522, 0.9380807944925765, 0.9406378233244893, 0.94214283047723, 0.9446145825921571, 0.9461476032817412, 0.9476744068678485, 0.950810131005634, 0.951241517530301, 0.9530108832371209, 0.9535587563382273, 0.955141762539766, 0.9562074399038686, 0.9553525004049164, 0.956088349458208, 0.958070391303615, 0.9585829951424089, 0.959932911163238, 0.9630820715587735, 0.9616997680859489, 0.9636971844625427, 0.9638783874290577, 0.962965175384928, 0.9633757236415877, 0.9667817747527905, 0.9654511902666549, 0.9686100493436143, 0.9682231114516882, 0.9678822459536457, 0.9688617908347549, 0.9694704379509081, 0.9701956594143739, 0.9684748090573921], "train_aupr": [0.6324838550226612, 0.7891410751963925, 0.8307096425537026, 0.8510277753412661, 0.8629225018435289, 0.8682178382698049, 0.8743237959670455, 0.8761451207317191, 0.8812168351061367, 0.8896877627635246, 0.8915491914079857, 0.894879830740248, 0.8997894403657027, 0.9028990334840347, 0.9051210435917674, 0.9103905294373155, 0.9159316745643733, 0.9140450301922747, 0.918257945769353, 0.9221020885805845, 0.9228694118560297, 0.9289639602134958, 0.9320738640730483, 0.9331108579392943, 0.9375977693594183, 0.9385450020993863, 0.9411145238746181, 0.9421998887213817, 0.9440191702501175, 0.9468001756290206, 0.943934058404617, 0.9444545807556555, 0.9470477269756529, 0.9480401691673345, 0.9511337937799185, 0.9557149024840599, 0.9542792736123004, 0.9551030852211664, 0.955925237623022, 0.9542279887540327, 0.9549401039926293, 0.9597413298809896, 0.9584186716750961, 0.9630250707662968, 0.9624784556325259, 0.9613822091681382, 0.9630041677121053, 0.9628772439134278, 0.9639975514624984, 0.9617886579992677], "train_loss": [117.74518333948575, 92.14958982467651, 78.4874320763808, 71.67428208864652, 66.62291452701275, 63.760840966151314, 60.9069439466183, 60.041356156422545, 57.713640517454884, 56.167323600328885, 55.523179087272055, 54.557815071252676, 53.39654559172117, 52.17225208832667, 50.73897898472273, 50.07751581760553, 49.24296397796044, 50.59216350408701, 47.81052528344668, 46.46882977118859, 46.274258013872, 45.40883160371047, 44.83109655380249, 43.89093139905196, 42.533798714784474, 42.7456398156973, 41.51169433043553, 41.37768944226779, 40.65590285521287, 40.00362725074475, 40.06237337772663, 40.05759374178373, 38.89873655392574, 38.73189191451439, 38.665983871313244, 37.36462881198296, 37.96963769289164, 36.57370948057908, 36.82457207899827, 36.84616555067209, 36.78154957477863, 34.99077978225855, 36.95967257939852, 34.33907009638273, 34.666508973561804, 34.67029761809569, 34.03324933969058, 34.14837859043708, 33.74525087063129, 34.61289823238666], "eval_acc": [0.7011973875181422, 0.7735849056603774, 0.7995283018867925, 0.7997097242380261, 0.8187590711175616, 0.8174891146589259, 0.8301886792452831, 0.8276487663280117, 0.8325471698113207, 0.8459724238026125, 0.8419811320754716, 0.8267416545718432, 0.8476052249637155, 0.8472423802612482, 0.8550435413642961, 0.85177793904209, 0.8503265602322206, 0.8535921625544267, 0.8579462989840348, 0.8559506531204645, 0.8635703918722787, 0.8635703918722787, 0.8646589259796807, 0.8626632801161103, 0.8670174165457184, 0.8693759071117562, 0.865021770682148, 0.8710087082728593, 0.8699201741654572, 0.8717343976777939, 0.8748185776487664, 0.874455732946299, 0.8702830188679245, 0.8704644412191582, 0.8784470246734397, 0.8844339622641509, 0.8791727140783745, 0.8886066763425254, 0.8762699564586357, 0.8731857764876633, 0.8802612481857764, 0.874455732946299, 0.8818940493468795, 0.8804426705370102, 0.8746371552975326, 0.8818940493468795, 0.8802612481857764, 0.8813497822931785, 0.8769956458635704, 0.8842525399129173], "eval_auc": [0.7725808649423641, 0.8641168791928416, 0.8803594480178157, 0.8868062618367238, 0.8935054607739942, 0.8988318795186909, 0.9035352348452085, 0.8996573644911122, 0.9061333401794607, 0.907205614877688, 0.9096917465326668, 0.9084255421112535, 0.9157688036458261, 0.9140893959411682, 0.9202622330092614, 0.9193328712197363, 0.9170725959395883, 0.9202728971691921, 0.924485174513711, 0.923734667801544, 0.9293259790126698, 0.9283767371225331, 0.9312385500165558, 0.928719833428455, 0.9298397018774847, 0.9316289109325413, 0.9308309421258673, 0.9338249379405138, 0.935866005488751, 0.9335223917735882, 0.9364738626048067, 0.9338811551786674, 0.93318785312687, 0.9303236704195295, 0.9384003891760093, 0.9405979960595272, 0.9390906631330118, 0.9433238080003582, 0.9393928801591989, 0.9373484553754279, 0.9400488576512385, 0.9340012257201106, 0.9396386166346412, 0.9394196722153213, 0.9362386586329994, 0.9407687542747154, 0.9377268355685281, 0.9439465422777987, 0.9376587034356368, 0.942633468215208], "eval_aupr": [0.7612070981354844, 0.8436267970747854, 0.8548613977508559, 0.8589284825119142, 0.8625330167251062, 0.8718610759659868, 0.8756156071102353, 0.8722271005347668, 0.8800583408730773, 0.8791643233427222, 0.8784427368459734, 0.8783612228392552, 0.8897825445402443, 0.8877423094979862, 0.8930376749243074, 0.8932486069046293, 0.8924188206305746, 0.8911989716341532, 0.9023687343694982, 0.9014968604104766, 0.9048220719264891, 0.9045930088489867, 0.9111494530046218, 0.906887550170247, 0.9072772870978988, 0.9097834531487391, 0.9105588305242875, 0.91231992892139, 0.9158075401222935, 0.9109692360277981, 0.9177411316565602, 0.9121473024877139, 0.9110183829168915, 0.9065538343948341, 0.919531561883185, 0.9187484822399005, 0.9188655254267678, 0.9245653305646364, 0.9163865587932073, 0.9153608200288218, 0.9200884765523549, 0.9124976777166623, 0.9205736993548802, 0.918164658097969, 0.914258351256272, 0.9211047462360127, 0.914638472297578, 0.9236877438577552, 0.9187081598017444, 0.925058401301942],