{"train_acc": [0.5293976289650753, 0.5797821211150272, 0.6092598526113425, 0.6421018904197373, 0.662287728292214, 0.6782281320089715, 0.6901634091637295, 0.7023389939122077, 0.7074655559115668, 0.7157962191605255, 0.7238064722845242, 0.7269304710028837, 0.7389458506888817, 0.743511694969561, 0.7487984620314002, 0.7505607177186799, 0.7657801986542775, 0.7758731175905159, 0.774751682153156, 0.7713873758410765, 0.7827619352771548, 0.7894905479013137, 0.7968599807753926, 0.7931752643383531, 0.7981416212752322, 0.8038289009932714, 0.8107177186799103, 0.81312079461711, 0.8099967958987504, 0.8114386414610701, 0.8089554629926305, 0.8203300224287088, 0.8232938160845883, 0.8152835629605896, 0.8258570970842679, 0.8308234540211471, 0.8317846843960269, 0.8326658122396667, 0.8268984299903877, 0.8257769945530279, 0.8286606856776674, 0.8390740147388658, 0.8392342198013457, 0.8365107337391862, 0.8389939122076258, 0.8415571932073054, 0.8416372957385453, 0.8389138096763857, 0.8425184235821852, 0.8453220121755848], "train_auc": [0.5461732633551697, 0.6068868305918115, 0.6478768467511853, 0.6885588116088159, 0.7127639025240693, 0.7303318391015763, 0.7478123992606768, 0.7598870474280893, 0.7656186503334644, 0.7794295549772399, 0.7900847792615677, 0.7940888941439699, 0.8106786282236103, 0.8120991176727729, 0.8238593468182647, 0.8268062404171267, 0.8377349172010224, 0.8457955394376917, 0.8497811545524, 0.850081823920469, 0.8591574941326465, 0.8620429186907607, 0.868833578734485, 0.8669289114651957, 0.8713392637862747, 0.8789473285552324, 0.8828964063077916, 0.8848947535249374, 0.8843736403601511, 0.8879424907568562, 0.8855997346098557, 0.8930330208657096, 0.8971443727776366, 0.8914477538188026, 0.8978402002647997, 0.902666534177005, 0.9039440708758066, 0.9045086796776136, 0.9040255289091287, 0.9049262275224933, 0.9055491471812503, 0.9114543474903414, 0.9100569923794053, 0.911253481865542, 0.911558529041233, 0.9133244673100375, 0.9152396875349439, 0.918657330253719, 0.9155498314544066, 0.918350588442819], "train_aupr": [0.5563324247378074, 0.5957091945981838, 0.6354439930754505, 0.6656553877911202, 0.6828558887284417, 0.6926114514852983, 0.7108363658817813, 0.7237773153939262, 0.7269395301073704, 0.7413946742755952, 0.758170455253679, 0.763205329244421, 0.7826317746391402, 0.7831295154929399, 0.7970781303315674, 0.8011352864632337, 0.8084846014494003, 0.8157943978728058, 0.8194905242656482, 0.8260574657496536, 0.8340894858434003, 0.8345686526971481, 0.841341700990333, 0.8393422312027177, 0.8435184097834261, 0.8553950959344868, 0.8620124189358678, 0.8626466054259829, 0.8613826535559173, 0.8693314723299677, 0.8649716955597746, 0.8706803556877557, 0.8790405878903811, 0.8711269737548237, 0.8771531053450945, 0.8852037348656758, 0.8850101135599848, 0.8870607531270269, 0.8860558801245966, 0.8882288257928526, 0.8898908784664512, 0.8963615409816167, 0.8942636515679692, 0.89636981827441, 0.8961278449241193, 0.8975815213667002, 0.9027643931182728, 0.9085631752981924, 0.9020988627594153, 0.9030044886845139], "train_loss": [127.20193880188222, 109.05753090186995, 103.6811356909421, 98.21176603132365, 94.70096105702069, 91.2555148771831, 87.93190513095077, 86.84440429599918, 84.68431720198417, 82.8473465758927, 81.00385432097377, 80.53270749656521, 77.73512525704442, 78.00465288940741, 76.23618277481624, 74.86634151546322, 73.0434220080473, 71.25981920835923, 70.32526905196053, 71.00818908214569, 68.82974774496896, 67.93741075724972, 66.76816641067973, 66.33049850804466, 65.65978488873462, 64.39970991562824, 63.10487550618697, 62.02663896521744, 62.611541100910735, 61.61277348654611, 62.466190887957204, 60.10506597100472, 58.407118794869405, 60.64742658576187, 58.7589049485265, 57.912102764966534, 57.06239741554066, 57.260070932154754, 57.623598322576406, 57.03429636298394, 57.157031297683716, 55.027313518280884, 55.809373240081634, 55.05782626842966, 55.03598724214398, 54.88846843218317, 54.22378083881067, 52.855164952424104, 53.94577495905818, 52.857178133361195], "eval_acc": [0.559586737145603, 0.5951465641518501, 0.6359923113887554, 0.658097068716963, 0.6672272945699184, 0.6804420951465642, 0.703507928880346, 0.7001441614608361, 0.7164824603555983, 0.7241710716001922, 0.7272945699183085, 0.7241710716001922, 0.7376261412782317, 0.7287361845266699, 0.7426717924074964, 0.7606919750120135, 0.7590100913022585, 0.751081210956271, 0.7659778952426718, 0.7657376261412783, 0.7799135031234983, 0.7743873137914464, 0.7722248918789044, 0.7676597789524268, 0.7691013935607881, 0.7844786160499759, 0.7755886592984143, 0.7789524267179241, 0.786641037962518, 0.780634310427679, 0.7796732340221048, 0.7832772705430082, 0.7873618452666987, 0.7808745795290726, 0.7837578087457953, 0.7861604997597309, 0.7888034598750601, 0.7861604997597309, 0.7856799615569438, 0.7902450744834214, 0.796492071119654, 0.7936088419029312, 0.792647765497357, 0.7924074963959635, 0.790485343584815, 0.796492071119654, 0.7921672272945699, 0.7955309947140797, 0.7967323402210476, 0.7948101874098991], "eval_auc": [0.583212050143322, 0.6432133854134902, 0.6802131904363238, 0.7135510516754175, 0.7260891923509811, 0.7359922535849002, 0.7558336059317413, 0.7586513032052029, 0.7753414872599519, 0.7872755221414592, 0.7927686110787688, 0.7892382306792414, 0.8074084161755275, 0.7937735289388622, 0.8142780115655649, 0.825062974852566, 0.8309642683551135, 0.8260738991182597, 0.8392082910574786, 0.8388409762534444, 0.8486024249245503, 0.8410404757812485, 0.8465162385485567, 0.8424281864905775, 0.8523523856518983, 0.8530738473707653, 0.8518624015642527, 0.849429114249227, 0.8599366278006021, 0.8552606410405682, 0.8568727834053177, 0.8551421300377571, 0.8609731947978984, 0.8586136014592795, 0.8534147108885969, 0.8565500546120879, 0.8591363897621278, 0.8591216047637265, 0.8621443283822071, 0.8644625699284222, 0.8675781618181113, 0.868285531585377, 0.8624484604196353, 0.8641688335929949, 0.8644798960984237, 0.8647329736882473, 0.8630347780124897, 0.8669925372720568, 0.864449171023621, 0.8682081413593696], "eval_aupr": [0.5797308808770633, 0.6249071441571841, 0.6510615640116675, 0.6803208296679124, 0.6905869311858921, 0.6951540945004798, 0.7086955533273421, 0.7207673059284562, 0.7354624203956261, 0.7494405487830562, 0.7576033005228051, 0.763392491970698, 0.775393398757233, 0.7611058932827145, 0.783636798601679, 0.7922612962867775, 0.8020521423114766, 0.7971768946781814, 0.8167152268807132, 0.8102595485568165, 0.8278656211599456, 0.8082611797799966, 0.817264671428315, 0.8126492740076925, 0.82656971985575, 0.8258092811652245, 0.8276457388162564, 0.8201529899086778, 0.833733922839698, 0.8329405984524028, 0.8272653441648593, 0.8247471886188649, 0.833608262875306, 0.8369682785463226, 0.8196655544582092, 0.8304835289548848, 0.8322695895092198, 0.8336385392990497, 0.839357837861385, 0.8437742740355452, 0.8392969092281042, 0.8441172804123591, 0.8405737846894288, 0.8375663214939013, 0.8385189239897397, 0.8338039915394315, 0.8421765014812125, 0.8441996403476149, 0.837616875612481, 0.8439867792153157],