{"train_acc": [0.5285165011214354, 0.5711310477411086, 0.5942806792694649, 0.6209548221723806, 0.6406600448574175, 0.6605254726049343, 0.6757449535405319, 0.7016180711310478, 0.7089875040051266, 0.718519705222685, 0.7293335469400833, 0.7354213393143223, 0.7450336430631208, 0.7495193848125601, 0.7572893303428389, 0.7643383530919577, 0.7636975328420378, 0.7721884011534764, 0.780919577058635, 0.7769945530278757, 0.7807593719961551, 0.7928548542133932, 0.7902915732137136, 0.7961390579942326, 0.7957385453380327, 0.799983979493752, 0.8037487984620314, 0.8040692085869914, 0.8075937199615508, 0.8086350528676706, 0.8102371034924704, 0.8164049983979493, 0.8115187439923102, 0.8177667414290292, 0.8207305350849087, 0.8256968920217879, 0.8226529958346683, 0.8241749439282281, 0.8278596603652676, 0.8289009932713873, 0.8284203780839474, 0.8332265299583467, 0.8293816084588272, 0.8402755527074656, 0.8360301185517462, 0.8358699134892663, 0.8414770906760654, 0.8444408843319449, 0.8398750400512656, 0.8459628324255046], "train_auc": [0.5416284215807559, 0.5979071760054516, 0.635138812073482, 0.664885760297929, 0.6918799866893235, 0.7174715466317877, 0.7408627367305343, 0.7632083172213552, 0.7721610822935653, 0.7889986514723653, 0.7982165645000356, 0.8078603472792455, 0.820831824841358, 0.82584105809607, 0.8338399812253731, 0.8385845800538076, 0.8448002602565899, 0.8491166142610136, 0.8559261139346658, 0.8587967805828454, 0.8598814697616044, 0.8684715805247138, 0.8695383603732125, 0.8732766859291463, 0.8746779401728231, 0.8799495354871774, 0.8803483807654563, 0.8833769447992075, 0.8859679177778155, 0.8882699535615559, 0.8902977519232951, 0.8934810037852235, 0.8898462570655197, 0.8970252024717187, 0.8980772183562034, 0.9018116539285752, 0.903583111360344, 0.9023947278012889, 0.9066855080523943, 0.9070707961602397, 0.9062903858606929, 0.9098520573776429, 0.9117961119678488, 0.9160012997423624, 0.9126558368497244, 0.9140112200991216, 0.9176568664757365, 0.919590766026347, 0.9183049531430297, 0.923082122559902], "train_aupr": [0.5525163183665558, 0.5969166101572212, 0.6290064855649515, 0.6518194546582233, 0.6803723274130931, 0.6991218982613874, 0.7263735090236771, 0.7419188623466516, 0.7473484855231923, 0.7648860696214469, 0.775460597104021, 0.7864994877530568, 0.7975141496964913, 0.8066052982172265, 0.8112812959477966, 0.8185468048731896, 0.8299104285195371, 0.8310962991558728, 0.8364477509241695, 0.8420454268094562, 0.8426674919398816, 0.8502723565860213, 0.8526379418673113, 0.8576464163513622, 0.8581192529021067, 0.8628813066275769, 0.8633727801788025, 0.8685221040896243, 0.8722336174223162, 0.8716061719712157, 0.8762485302473573, 0.8794999273808217, 0.8764788028978907, 0.8845593621909024, 0.8841893435086503, 0.8902011671419711, 0.8897379187209665, 0.8918513633038163, 0.8925781789172704, 0.8947872798115618, 0.8979874684736227, 0.8969686263059258, 0.9003914618208478, 0.9054558995594084, 0.9021066879977149, 0.903950519254832, 0.9067324213234771, 0.9104664236893697, 0.9082256327094307, 0.9136849188228973], "train_loss": [309.22618644091546, 273.530333455728, 259.71861973587346, 249.08438020822953, 241.2371957448064, 235.01862333745373, 228.8192905893131, 222.2237023917996, 217.52210683725318, 212.6323356628418, 208.3252570191208, 205.11119036771814, 201.85837196817204, 199.45646919522966, 197.36262333149813, 195.1052595741895, 193.1830431247244, 191.0875680689909, 189.60231713372835, 188.7354965161304, 187.14527701358406, 185.09208954597005, 183.91278559820992, 182.3722185066768, 181.3609378045919, 179.69366676466805, 178.86756696019853, 178.25494897608854, 176.42598281587874, 175.37124265456686, 173.86004308778413, 172.78529064995902, 173.20813237890906, 170.79719469012048, 169.87417324221863, 168.43635151337605, 168.1218217392357, 167.49565337142167, 165.88410383341264, 165.55663221709582, 165.22844694585217, 164.27540433650114, 162.77654439575818, 161.7058609845687, 162.31899277044803, 161.50978293710824, 160.58956750071778, 159.6879463098487, 159.35428387291577, 158.1837200242646], "eval_acc": [0.562950504565113, 0.6141278231619414, 0.611004324843825, 0.6297453147525228, 0.6458433445458914, 0.6465641518500721, 0.6780394041326285, 0.6830850552618933, 0.6835655934646805, 0.7119173474291206, 0.7114368092263335, 0.7241710716001922, 0.7265737626141279, 0.729216722729457, 0.7371456030754445, 0.7465160980297934, 0.7465160980297934, 0.7486785199423354, 0.7455550216242192, 0.76045170591062, 0.748918789043729, 0.7563671311869293, 0.7537241710716002, 0.7650168188370976, 0.7563671311869293, 0.7621335896203748, 0.7681403171552138, 0.762614127823162, 0.7719846227775108, 0.7789524267179241, 0.77462758289284, 0.7703027390677559, 0.7724651609802979, 0.7758289283998078, 0.7789524267179241, 0.7818356559346468, 0.7760691975012013, 0.7715040845747236, 0.7801537722248919, 0.7799135031234983, 0.7796732340221048, 0.780634310427679, 0.7758289283998078, 0.780634310427679, 0.7772705430081691, 0.7767900048053821, 0.7871215761653051, 0.7873618452666987, 0.790485343584815, 0.786641037962518], "eval_auc": [0.5991628687702024, 0.6540909859560996, 0.6404230634886312, 0.683920297769868, 0.7002618792841844, 0.7087265218845697, 0.7379466455610815, 0.7475574720609733, 0.7565390120664068, 0.7756312963301786, 0.7825810541334235, 0.7860347373537441, 0.7885169999759744, 0.7962994535094965, 0.8103613730828015, 0.8180784492015178, 0.8177215300994846, 0.8222004605527002, 0.8179569349959064, 0.8290914248857397, 0.822974362812772, 0.8269549926167414, 0.8338628210885825, 0.8338792231961839, 0.8340222218525973, 0.8369986268432735, 0.840474487561196, 0.8377780734777459, 0.8398179412259351, 0.8470003317384016, 0.8446734271071857, 0.8459527915001044, 0.8446633779285846, 0.8478704519958824, 0.8430399157994342, 0.8470870780962096, 0.8485990751983501, 0.8438191314183063, 0.8504922480405257, 0.8499315731792736, 0.855289286974971, 0.856509511374284, 0.8492128836476069, 0.8508533254233592, 0.8487195498337612, 0.8512525203801962, 0.858048537301627, 0.8594712468743588, 0.8604986887554544, 0.8511497184381867], "eval_aupr": [0.6050494413248064, 0.6450525666333944, 0.6236911778139972, 0.667415707654717, 0.673700903446947, 0.693515338485139, 0.7123301250199666, 0.7195279424340408, 0.7337999176146484, 0.7445089294888273, 0.7535664760839214, 0.7518205287658141, 0.7535926625579042, 0.768211795728105, 0.7864948667691685, 0.7899386575439827, 0.7938928831313055, 0.7949297543731098, 0.7943550310822007, 0.8040602917466785, 0.7995890413855044, 0.8000484954938649, 0.8103432821707961, 0.8093187618553169, 0.8111656717942646, 0.8134957698864302, 0.8169651265757856, 0.8128356763476409, 0.8113271287644297, 0.8241970812597303, 0.817573243610317, 0.8238886191780368, 0.8188441657501063, 0.8240232223770112, 0.8170069802679937, 0.8155689068863963, 0.8155569246097285, 0.8217542852259656, 0.8243700718718836, 0.8285215721602063, 0.8326029448345577, 0.8318502969006399, 0.8219362130901796, 0.8262136303213511, 0.823601862064113, 0.8266687877301115, 0.8327763365813055, 0.8359135741250356, 0.8346836829049706, 0.8213453101407022],