{"train_acc": [0.6849518770923003, 0.7860622907699665, 0.7975325801052128, 0.8080762792922047, 0.811715387374462, 0.8142709827833573, 0.8175588833094213, 0.8179026183644189, 0.8203012912482066, 0.8207571138211383, 0.8214744739359159, 0.821713593974175, 0.8214968914395027, 0.8237760043041606, 0.823170731707317, 0.8251733620277379, 0.8258085246293639, 0.8259654471544715, 0.8271087398373984, 0.8267351147776184, 0.8293056551889049, 0.8300678503108561, 0.8303144428503109, 0.8311364179818269, 0.8317043280726925, 0.8329895982783357, 0.8321975131516021, 0.8325860832137734, 0.8335126733620277, 0.8347829985652798, 0.8342673959827833, 0.835545193687231, 0.8347904710664754, 0.8362625538020086, 0.835321018651363, 0.836030906264945, 0.8366884863701578, 0.8369500239120038, 0.8363148613103778, 0.8366810138689622, 0.8363596963175514, 0.8374730989956959, 0.8379737565758011, 0.8381007890961263, 0.8368977164036346, 0.8371293639406983, 0.8380708990913438, 0.8385192491630798, 0.8386163916786227, 0.8383847441415591], "train_auc": [0.7653339746006218, 0.8611763314437233, 0.8750448795661163, 0.8849574032276073, 0.8907864756896557, 0.8937466150391524, 0.8970872238807173, 0.8988942273763253, 0.8997063829006317, 0.9008805770428382, 0.9015056628461637, 0.902037204017301, 0.902516663378373, 0.9036618017396126, 0.9036071079267607, 0.9054151243286613, 0.9053025590584538, 0.9062978220198092, 0.9072058545410137, 0.9076812942164084, 0.9094262850648995, 0.9103848836103798, 0.9110893076721923, 0.911730659053092, 0.9123608243525376, 0.9133598716970829, 0.9133696067651458, 0.9139830498416116, 0.9140448095413469, 0.9152442923911954, 0.9153679450207883, 0.9156908008049746, 0.9159722068331939, 0.9165212965220914, 0.9161604825492189, 0.9163842037315949, 0.9166010057700718, 0.9172694766839451, 0.9171597961306552, 0.9172659497151987, 0.9168640394426345, 0.9179344906502679, 0.9182675403814536, 0.9185655055848925, 0.9178504865455953, 0.9182662949645877, 0.9182910385789977, 0.9191528633648975, 0.9192829063499335, 0.919609333885162], "train_aupr": [0.7805325608237329, 0.8787094559777996, 0.8912669758175052, 0.9001078371443784, 0.9048006291510329, 0.9074908073965704, 0.9102276782118971, 0.9119910935111761, 0.9126756123058505, 0.9135955643922875, 0.9138037665657517, 0.9146460707985301, 0.9148534467827275, 0.9159848658014058, 0.9159058977240351, 0.9170922255621338, 0.9174140156801435, 0.9182030234022839, 0.9192521396706308, 0.9191858077600226, 0.9207649620588442, 0.9210700261577397, 0.922166225869252, 0.9224979631559134, 0.9227896814158186, 0.924029521892109, 0.923908298371955, 0.9241566105042746, 0.9244943638224128, 0.9254509506945657, 0.9255730817638159, 0.9254994255387592, 0.9258805454945118, 0.9264682706194413, 0.9261543834658601, 0.9261365082003694, 0.9267889680563524, 0.9269586168453134, 0.9271920518139668, 0.927296457135749, 0.9265488121441838, 0.9279868677723063, 0.9282246350274748, 0.9281679163689635, 0.9281346961836938, 0.9283139359267379, 0.9280703583816523, 0.9288941289534186, 0.9290034220841763, 0.9293912804650529], "train_loss": [93.66161846430762, 71.49274126931769, 66.7878918036904, 62.44214388517303, 60.2319240296548, 59.032452902420076, 57.62305237093574, 56.967323622329744, 56.24448409910184, 55.736589614109604, 55.38553473871935, 55.00276990420048, 54.660270628920024, 54.29513415597365, 54.2034959191346, 53.693372000699746, 53.618354903124484, 53.28107057793874, 52.88253126454399, 52.84172417875914, 52.201732307273616, 51.967679359260984, 51.63774528284602, 51.48037716444318, 51.32261614133933, 50.9470220915902, 50.856353796235005, 50.678443560408816, 50.589036356194754, 50.29298441724613, 50.21283380388074, 50.07516810998862, 50.014212309288475, 49.805022210509556, 49.88266962755251, 49.76352547596335, 49.647979036116006, 49.459969952731015, 49.472774372501995, 49.49082821322673, 49.54840852106506, 49.15410895739641, 49.07463058048635, 48.96100607884774, 49.074990815915754, 49.057708525065024, 49.05006679841255, 48.790647845879114, 48.82888877642542, 48.52017471211362], "eval_acc": [0.7857783357245337, 0.803174318507891, 0.811715387374462, 0.8171404232424677, 0.8170955882352942, 0.821825681492109, 0.8249417144906743, 0.8234621592539455, 0.823058644189383, 0.8261746771879483, 0.8213549139167863, 0.8260177546628408, 0.8252779770444764, 0.8292682926829268, 0.8261074246771879, 0.8281474175035868, 0.8304564203730272, 0.8303891678622669, 0.8315324605451937, 0.8344019010043041, 0.8334827833572453, 0.834984756097561, 0.828909612625538, 0.8351640961262554, 0.8367333213773315, 0.8367333213773315, 0.836441893830703, 0.8378093615494978, 0.8389302367288379, 0.8402977044476327, 0.841620337159254, 0.8417772596843616, 0.8433240674318508, 0.8421583572453372, 0.8404546269727403, 0.8431895624103299, 0.8405667144906743, 0.8423152797704447, 0.8429205523672884, 0.8434361549497847, 0.8321377331420373, 0.8418220946915351, 0.8431223098995696, 0.8434361549497847, 0.843301649928264, 0.8404546269727403, 0.8424273672883787, 0.8440414275466284, 0.8425394548063128, 0.843974175035868], "eval_auc": [0.8678414199063444, 0.8822340934303656, 0.8871028990109795, 0.8977077953829333, 0.9009115696301813, 0.9031767868052956, 0.905794706773907, 0.9068174782376535, 0.9068976602124625, 0.9090284366917477, 0.9060323811592492, 0.9073188457455759, 0.9085346083559203, 0.910643905079594, 0.907983769365571, 0.9098377845559545, 0.9114858871764031, 0.9113458099418315, 0.9146727889957138, 0.9142922321725848, 0.9154921314642818, 0.9162342891332422, 0.9164058115802071, 0.9162936667722037, 0.917547238818072, 0.918458999214133, 0.9174847835967943, 0.9191637555136767, 0.9197910194563992, 0.9206233547096184, 0.9210164369510445, 0.9205736430109364, 0.9218529443284293, 0.9207624338908784, 0.921159475177616, 0.9223149445129799, 0.9200736283527194, 0.9222726433350092, 0.9221943187645505, 0.9215062358853351, 0.9173403281948256, 0.9214829037508183, 0.9228084512203484, 0.9216263480333191, 0.9234243636886487, 0.9210706564735961, 0.9231413859246895, 0.9229638017863631, 0.922347245056056, 0.9240408440321968], "eval_aupr": [0.887748613946526, 0.9004263341179217, 0.9041818164244471, 0.9121923354433477, 0.9135881865277873, 0.9162539235995791, 0.9182748365889379, 0.9193350927204456, 0.9195290769645733, 0.9209311103678142, 0.9186555408041903, 0.9195719812751273, 0.9200086855370518, 0.9226934347152019, 0.9194834418697204, 0.9215343830334279, 0.9233715340293973, 0.9228059147542, 0.9250519596614357, 0.9253071764074531, 0.926468580447122, 0.9271656491145622, 0.9264069442457401, 0.926387964857364, 0.9276294825907442, 0.9283533570621921, 0.9278709121045212, 0.929280290349366, 0.9300000953880032, 0.9301864036845018, 0.9308492255081046, 0.9307757538069674, 0.9319117069121141, 0.9307815173857464, 0.9311376664479925, 0.9318768618426312, 0.9301770746279514, 0.9316656071017192, 0.9321397322292098, 0.9311826310054272, 0.9283702369135081, 0.9311468135827362, 0.9324040276932108, 0.9312638885252543, 0.9332520526332787, 0.930881989034746, 0.9328896181603064, 0.9325290934127705, 0.9321413504598829, 0.9340447967177471],