{"train_acc": [0.513015618742491, 0.5653984781738086, 0.6052863436123348, 0.631557869443332, 0.6544653584301161, 0.6798558269923909, 0.6952342811373649, 0.7111734080897076, 0.7247897476972367, 0.7355226271525831, 0.7408089707649179, 0.7576291549859832, 0.7568281938325991, 0.7642771325590709, 0.7686824189026832, 0.7803764517420905, 0.7867040448538246, 0.7930316379655586, 0.7997597116539847, 0.8044052863436123, 0.8104925911093313, 0.8134561473768522, 0.8221065278334001, 0.818742490989187, 0.8197837404885863, 0.825230276331598, 0.8309171005206247, 0.8283540248297958, 0.8365238285943132, 0.8367641169403284, 0.8398878654385262, 0.8402883460152183, 0.8446135362434922, 0.8468562274729675, 0.8408490188225871, 0.8519823788546256, 0.8495794953944734, 0.8485382458950741, 0.8531037244693632, 0.8568682418902683, 0.8567881457749299, 0.8614337204645575, 0.8657589106928314, 0.8593512214657589, 0.8631958350020024, 0.8641569883860633, 0.8672807368842611, 0.8669603524229075, 0.8697637164597517, 0.8689627553063677], "train_auc": [0.5242643164568174, 0.5889644452032023, 0.6449033375221905, 0.6828921084755684, 0.7125073968199771, 0.7411912057105376, 0.7545885827757104, 0.7728668598076377, 0.788223761987341, 0.8013035475212791, 0.8100115140087105, 0.825442698873373, 0.8291916960507077, 0.8393226245778518, 0.8483070299633786, 0.8542725315800892, 0.8601480262524533, 0.8681268748772545, 0.8753611766110305, 0.8803262559190604, 0.8844342026388516, 0.8887260782670198, 0.894608555794165, 0.894496842953799, 0.8964759816751408, 0.8988135436576038, 0.9028448201722352, 0.9054243432073125, 0.9081639584571486, 0.9085328816727017, 0.9155346569094963, 0.9170713598981326, 0.9166459063655653, 0.921654333284984, 0.9175347698674413, 0.9240868569580167, 0.9242405439438496, 0.925009055889794, 0.9240019202850647, 0.9285270797418912, 0.929321161259019, 0.9324093544581806, 0.9362228018448087, 0.9336675904401637, 0.9355985936735849, 0.9349463128858058, 0.9383574887908493, 0.93868261513046, 0.9410403555094595, 0.9401493740461152], "train_aupr": [0.5379845414010316, 0.587320466453632, 0.6366943744029472, 0.663686674192731, 0.6870206851805917, 0.7156052511670496, 0.7236184581610952, 0.739229617847166, 0.7543440889379757, 0.7681975293455093, 0.7841286147022906, 0.7962878064887069, 0.8021668635314945, 0.813679384213486, 0.8231790935034914, 0.8318431682099177, 0.8358611191676909, 0.8451352827053693, 0.8512940884251818, 0.8624281065982543, 0.8629631632604191, 0.8673362691447629, 0.8755977967935703, 0.8751578825825779, 0.8794386790619348, 0.8807660513626985, 0.8823972904892061, 0.8883615274138111, 0.8925367616040689, 0.8936055949930526, 0.9014226375588525, 0.9057936356491392, 0.9050572325575188, 0.9108498292446024, 0.9050307792900516, 0.9151954015372703, 0.911476592887151, 0.9157056195089077, 0.9098559605610016, 0.9184747015588846, 0.9203039536450119, 0.9228808211576004, 0.9289667960439989, 0.9276143820890626, 0.9262739625894738, 0.925585273059818, 0.9307946508535336, 0.9319493765987062, 0.9338421501223964, 0.9339978681162404], "train_loss": [119.66291506801333, 107.03063333825189, 100.0194807776383, 95.27779421696857, 92.18372358229695, 88.91253049823703, 86.16172438008445, 83.73320921404022, 80.92640657084328, 80.05619401469522, 77.33051402228219, 75.13675409494614, 74.61543993864741, 72.45890413802498, 70.76045938231508, 69.11035299666074, 69.46585919479935, 66.94905646114933, 64.71875776198445, 63.70861423562984, 62.658290972515026, 61.52924852924688, 59.85384101162151, 60.06600368935235, 59.635693114326926, 58.994099663228404, 57.49060491092351, 57.297921916659995, 56.19875016534815, 56.23835640446264, 53.6790255691324, 54.04148946976175, 53.86978091786102, 51.9436380820615, 53.51522631365426, 51.73957378888617, 51.22496483703049, 51.066663162136564, 51.92524708412132, 50.935490181859656, 50.00653602334918, 48.7349012025765, 48.199939411209556, 48.94803349248001, 48.70094765844394, 48.44219245746427, 47.12932932650556, 46.972338047562815, 45.892462412009436, 46.600076856053605], "eval_acc": [0.5311223263638548, 0.5765440999759673, 0.6279740447007931, 0.6630617639990387, 0.6712328767123288, 0.6794039894256189, 0.695746214852199, 0.6979091564527757, 0.6995914443643355, 0.7173756308579669, 0.7154530161018986, 0.7322758952174958, 0.7351598173515982, 0.7402066810862773, 0.7577505407354002, 0.7676039413602499, 0.760394136024994, 0.7719298245614035, 0.7772170151405912, 0.7724104782504205, 0.7683249218937755, 0.7714491708723864, 0.7748137466955058, 0.7784186493631339, 0.7776976688296082, 0.7623167507810622, 0.7798606104301851, 0.7815428983417447, 0.7880317231434751, 0.7901946647440519, 0.7760153809180486, 0.7832251862533045, 0.7868300889209324, 0.7796202835856765, 0.7740927661619803, 0.7877913962989666, 0.7885123768324922, 0.7887527036770007, 0.7952415284787311, 0.7923576063446287, 0.7906753184330689, 0.7909156452775775, 0.7957221821677481, 0.7969238163902908, 0.787070415765441, 0.7964431627012737, 0.7986061043018505, 0.8029319875030041, 0.8014900264359529, 0.7935592405671713], "eval_auc": [0.5771939369594289, 0.6122625601096824, 0.679603894353954, 0.7182088366260088, 0.7389968599436889, 0.74546730352229, 0.7647913847911815, 0.7704399499476966, 0.7792611599579723, 0.7904307095935585, 0.7817330355834528, 0.8066628084297547, 0.8079834533408343, 0.8167193784417315, 0.8357613723613102, 0.8363627580908568, 0.8345276302305188, 0.838973308365733, 0.8485203646033882, 0.8411495758635849, 0.8418239969084798, 0.8492782215623363, 0.8505464012310613, 0.8479460204304738, 0.8563520154280169, 0.8369688818709244, 0.849247828701677, 0.8562162298338168, 0.8546420414387585, 0.8599657612290642, 0.8485780301450953, 0.8572599876949362, 0.8599906071037476, 0.8549831810762725, 0.8533549095679499, 0.8624662962820864, 0.8623672594699763, 0.8612363677041535, 0.866077730838977, 0.8576500101463619, 0.8631750393027069, 0.8593739671627675, 0.8656569688402685, 0.8613204969914534, 0.8595752765288072, 0.8661831235725178, 0.8648892890936548, 0.8698501435513744, 0.8673925976396649, 0.8659744182251772], "eval_aupr": [0.5806115335905206, 0.6133635590341444, 0.6744692166002813, 0.6948131183971891, 0.7220693041143914, 0.7164620038963412, 0.740069889563041, 0.752136039083785, 0.7575947991995917, 0.7675759101309841, 0.7479308496437294, 0.7825367341569852, 0.782355809476714, 0.7900697940654844, 0.811075972749299, 0.8092148510851402, 0.8121013765826164, 0.814976762541519, 0.8239613390935359, 0.8131594431695577, 0.8172044670446759, 0.8249792371615059, 0.8279706408858327, 0.8289717308770856, 0.8397665447709242, 0.8153240075935487, 0.8248534195988338, 0.8320247844326738, 0.8284707274045049, 0.8318136938610606, 0.8212006940248227, 0.8290487034564289, 0.8381536874494195, 0.8340315586439269, 0.834038676229011, 0.8352791048828564, 0.845153915300835, 0.8359419803066648, 0.8388856771152572, 0.8279135362621437, 0.8372881073045394, 0.8328819060378204, 0.8351314392535285, 0.8376596001830885, 0.8369278806685138, 0.846325965635828, 0.838565711267755, 0.8510118050008755, 0.8445009105222245, 0.8478705873214729],