{"train_acc": [0.518743992310157, 0.5518263377122717, 0.5849887856456264, 0.6203140019224608, 0.6532361422620955, 0.6799903876962512, 0.6916853572572893, 0.7077859660365268, 0.7181191925664852, 0.7318968279397629, 0.7407882089074015, 0.7529637936558795, 0.7572092278115988, 0.7708266581223967, 0.7723486062159565, 0.7784363985901954, 0.7866869593079141, 0.7906920858699135, 0.8021467478372316, 0.8001441845562319, 0.7988625440563922, 0.8123197693047101, 0.8141621275232297, 0.8056712592117911, 0.8191284844601089, 0.8198494072412689, 0.8145626401794297, 0.818968279397629, 0.8204101249599487, 0.8262576097404678, 0.8263377122717078, 0.831544376802307, 0.8351489907081063, 0.8302627363024672, 0.8334668375520666, 0.837231656520346, 0.8394745273950657, 0.8390740147388658, 0.8408362704261455, 0.8405959628324255, 0.844040371675745, 0.8491669336751041, 0.8510092918936238, 0.8501281640499839, 0.8462031400192246, 0.8550144184556232, 0.8591797500801025, 0.8611823133611022, 0.8580583146427427, 0.856456264017943], "train_auc": [0.5227003136122721, 0.5745246003587515, 0.6217429283180018, 0.6649056082008555, 0.7052200626608309, 0.7362801691975953, 0.7534033633080318, 0.7711554637707728, 0.7828789883885916, 0.7981540294837645, 0.8130423831040683, 0.8247679490003899, 0.8333703844638936, 0.8448225217466772, 0.8486158976310385, 0.8560995327397963, 0.8619465246655769, 0.865669264610804, 0.8728871355290815, 0.8738667823134387, 0.8778209441850264, 0.8834171412960141, 0.8870114347543199, 0.8856618928993805, 0.892206398676327, 0.893359284530601, 0.8942486913992592, 0.8958568080361156, 0.8975269204836007, 0.9018685272856027, 0.9015199179996601, 0.9064539834201968, 0.9092115324275705, 0.9071799339498764, 0.9080284253808718, 0.9134255657422627, 0.9134536172738894, 0.9161818309266787, 0.9170328258124417, 0.9182937068539201, 0.9189542851185919, 0.9221196790031784, 0.9246403755130799, 0.9245780972614003, 0.9236825152043153, 0.925259820090186, 0.9282450936138024, 0.9287273617078748, 0.9314435459395504, 0.9289503104027147], "train_aupr": [0.5315048878734905, 0.5739699256904024, 0.6148096983221812, 0.649115664903182, 0.6786926618575922, 0.7088317898110801, 0.7239852979763897, 0.7368914671044059, 0.7487202566941035, 0.7638530400505302, 0.7835079424072396, 0.8004909755076404, 0.8079978136579289, 0.8199467689980495, 0.8218709269141513, 0.8322669863415677, 0.8361039645147781, 0.8418376387467343, 0.8468423116739395, 0.8494516427819996, 0.8551563557019235, 0.8606188875661325, 0.8647929929565394, 0.8658849522919563, 0.8722978821685371, 0.8735611115946879, 0.8751095261857802, 0.8757899303112564, 0.8812764957903116, 0.8840906071341599, 0.8846584836483671, 0.8879237693232311, 0.8901293305260816, 0.8915340037420172, 0.894071717752227, 0.8995800445930924, 0.8997759357208694, 0.9052124155286094, 0.9057451432592223, 0.9075447175453231, 0.9074891362233656, 0.9110272957891926, 0.9135462405379775, 0.9136277084050964, 0.91482792256279, 0.9144319362390205, 0.9180131092181623, 0.9194482336134988, 0.9230166799985987, 0.9201243018384306], "train_loss": [125.98664521927736, 111.47263917387748, 107.7015445500004, 103.98622666573038, 98.74698660568315, 94.8463517865356, 91.3814060761004, 87.30242072319498, 85.58898847443717, 84.03447000834407, 80.47445594777867, 78.35104404663554, 77.00400962634963, 74.36937073055579, 73.33174426701603, 71.8641149584128, 69.81361389890009, 69.09850060696505, 67.98164804857605, 67.32340663793136, 66.6520016825929, 64.81122420758618, 64.11016732575942, 65.2254282163114, 62.44992495312982, 61.674646180503224, 61.72106741399181, 61.16693553389335, 62.151503173672424, 61.122492758595214, 59.67690582543003, 58.68589564732143, 57.376002848148346, 58.1845172959931, 57.388784766197205, 55.44816060820404, 55.3084117709374, 54.75450086958554, 54.164385493920776, 54.26676114967891, 53.69974708678771, 52.67996775739047, 52.56029142287313, 52.41140002012253, 52.31799808570317, 51.70869007098432, 50.95345005453849, 50.666731102125986, 49.762519433790324, 50.624124415066774], "eval_acc": [0.549735703988467, 0.5617491590581452, 0.6210956271023547, 0.6398366170110524, 0.6648246035559827, 0.6768380586256607, 0.6864488226814032, 0.6934166266218165, 0.7011052378664103, 0.709514656415185, 0.72537241710716, 0.7328207592503604, 0.7299375300336377, 0.7409899086977415, 0.7496395963479097, 0.7501201345506968, 0.7633349351273426, 0.7616530514175877, 0.7582892839980778, 0.7633349351273426, 0.7705430081691494, 0.7633349351273426, 0.7683805862566074, 0.7743873137914464, 0.77462758289284, 0.7640557424315233, 0.7717443536761173, 0.7775108121095627, 0.7823161941374339, 0.7883229216722729, 0.7799135031234983, 0.7700624699663623, 0.7842383469485824, 0.7837578087457953, 0.7832772705430082, 0.7787121576165306, 0.7835175396444017, 0.7839980778471889, 0.7811148486304661, 0.7868813070639116, 0.794329649207112, 0.7861604997597309, 0.790485343584815, 0.7777510812109563, 0.7993753003363767, 0.8008169149447381, 0.77462758289284, 0.7909658817876021, 0.794329649207112, 0.7914464199903892], "eval_auc": [0.5717079352934544, 0.6092704943179403, 0.6570001654071695, 0.6963290697094193, 0.7200479033948205, 0.731756582558507, 0.7460528674580338, 0.7429499814263457, 0.7688633478041506, 0.7800819273723917, 0.7942960862261107, 0.8103028106281961, 0.7965103707523161, 0.8130522427918513, 0.8207608868411667, 0.8214383400882295, 0.8295807159265851, 0.8312123791095365, 0.8306653341686858, 0.8343923088438315, 0.8368045737392555, 0.8323351149256406, 0.838662863225828, 0.8464097403569468, 0.8465860052597632, 0.8346988665450601, 0.845313802350445, 0.849417216945826, 0.8531061895547682, 0.8565279926222857, 0.8496573576620481, 0.8421112330873478, 0.8534693460780022, 0.8526450824171254, 0.8563110689738657, 0.8520081724078665, 0.8527423399847347, 0.8554136888755826, 0.8535557459124099, 0.8574238711191688, 0.8654984438789182, 0.8588848137737044, 0.8593373733341466, 0.8433818188874659, 0.8658903618443546, 0.8660773689725719, 0.8534808968580029, 0.8662166713793847, 0.8650663291990781, 0.864967801045669], "eval_aupr": [0.5747097110315774, 0.6112478019360695, 0.6435130694539627, 0.671603952388494, 0.6952011089917044, 0.6978599381253459, 0.7071356279481884, 0.7078424819757401, 0.7417370682071341, 0.7491129946910837, 0.7607628872090928, 0.7778182496083659, 0.7659764140601681, 0.7842293636744755, 0.7897505070814227, 0.7859459335667656, 0.7953148420868627, 0.8023269289881136, 0.7956363774836523, 0.8039245126537459, 0.8011710536641019, 0.8026232684948795, 0.8052288563945658, 0.8176154738096891, 0.8189179291165649, 0.8028787290531794, 0.8161865026130248, 0.8163358759033127, 0.8269675227168052, 0.8220875274138105, 0.8181206207844837, 0.8141445801912031, 0.8223832794172861, 0.8195035108204916, 0.8221055205372307, 0.8234659021953286, 0.8197878971511585, 0.8247723206710664, 0.8200986597175477, 0.8297740862447638, 0.8406936499029137, 0.8323232545734748, 0.8316059274020847, 0.810873858086316, 0.8427829765010573, 0.8412043474979262, 0.8292964924863808, 0.8440276250351213, 0.8401206999505162, 0.8431832245098998],