{"train_acc": [0.557779524702183, 0.6886980709923203, 0.7670073169256818, 0.7937957307855112, 0.803591945334704, 0.8127229848219145, 0.8178025034770514, 0.8233657858136301, 0.830259418274173, 0.8334643526637238, 0.8336457640442644, 0.8353994073894903, 0.8413859829473302, 0.843441978593457, 0.8486424381689545, 0.8439862127350789, 0.8535405454435508, 0.8555965410896776, 0.8552941887887767, 0.8608574711253553, 0.8635181713732841, 0.8638205236741852, 0.8685976900284211, 0.8727096813206748, 0.8699280401523856, 0.8746447360464413, 0.8794219024006773, 0.8794823728608575, 0.882626836790228, 0.879966136542299, 0.8869807099232025, 0.8869202394630223, 0.8871621213037432, 0.8937534014633851, 0.8946604583660882, 0.8944185765253674, 0.8931486968615832, 0.8963536312511339, 0.8985910382778013, 0.8965955130918546, 0.8991352724194231, 0.8999818588619459, 0.9051823184374433, 0.9041543206143798, 0.903005381870956, 0.9031867932514966, 0.9085686642075346, 0.9057870230392453, 0.9056056116587047, 0.9067545504021286], "train_auc": [0.5885576938828764, 0.7560230592990179, 0.8391635979831524, 0.8655940096606486, 0.878912169246233, 0.8849855224835916, 0.890351513454817, 0.8961278201757314, 0.9015830925777057, 0.9031058280413902, 0.9061147541367256, 0.9063601976243885, 0.9125635969300293, 0.9142355101971562, 0.9184106530415949, 0.914759899649076, 0.9234539715024906, 0.9242662438377677, 0.9271313455050954, 0.9308706709329851, 0.9316261331311337, 0.9316843108655384, 0.9360507344948109, 0.9380627187424306, 0.9386087776634945, 0.9410371404316167, 0.9456421256820434, 0.9445864429716324, 0.9459799148959573, 0.9465276558885375, 0.9495955715006185, 0.9498131876747159, 0.9498112569491493, 0.9522883997912477, 0.9543050572723413, 0.9536956281352351, 0.954983780442569, 0.9559280880785302, 0.9579503110223367, 0.9577327972352009, 0.9581363042519258, 0.9601318700188742, 0.9605607178086615, 0.9603386404883683, 0.9616713750042417, 0.9614783755811191, 0.9634748189505978, 0.9637591402303531, 0.9639638117671288, 0.965246383985041], "train_aupr": [0.5937515601809065, 0.7464830151652977, 0.8127830468847508, 0.8371815085136302, 0.8521972902792067, 0.8554116289685516, 0.8620116717774335, 0.8655443440390882, 0.8753834882199887, 0.8769086706786987, 0.8803924893305564, 0.8825711085508574, 0.8889375466713891, 0.8892528552375347, 0.8972713432145796, 0.89258578687176, 0.9041173019451835, 0.901923077142032, 0.9082087159849626, 0.912635321036306, 0.9142242943721789, 0.9125613392629768, 0.9197240420509907, 0.9199754536790753, 0.922737111302894, 0.9249508553666078, 0.9321332137761768, 0.9294377918547472, 0.93090270926287, 0.9315779456782805, 0.9369167864999179, 0.936177442487555, 0.9366701841570871, 0.9384061103937126, 0.9420274594103031, 0.9419803905787358, 0.9436415564813884, 0.9432987171481059, 0.948238066608755, 0.9465686330936007, 0.9461942843423333, 0.9510031630076944, 0.9497542825229003, 0.9493253608113424, 0.9528671934261538, 0.952237339808048, 0.9556909651686876, 0.9541417116062867, 0.9545935496734506, 0.9571494523316734], "train_loss": [116.28513174653054, 96.09758360523443, 81.81710469080852, 73.4691521869256, 68.814215905162, 66.40000256070724, 64.3333624793933, 62.36336302757263, 60.23477553312595, 59.30654697693311, 58.420344814428915, 58.582051072670865, 56.808121819679556, 55.710034352770215, 54.35237634273676, 56.035775371698236, 53.13552335500717, 52.466250189221824, 51.127796668502, 49.95860304901233, 50.10017464940365, 51.45349198831962, 48.64471400082111, 47.89662347963223, 47.27921438354712, 46.87653334072003, 44.851842537522316, 45.195868663145944, 45.03082768023014, 44.65918567799605, 42.9404256949058, 42.478486312123444, 42.963147955215895, 41.455062955388655, 40.868702659469385, 40.938323498689215, 40.585815809781735, 40.11731620064148, 40.10474774493621, 39.666125085606026, 39.484836858510974, 38.38147953840402, 38.01234969382103, 37.727220198168204, 37.9323456626672, 37.21756766587496, 36.43059238780003, 36.7528629225034, 37.23805208229101, 35.6675420914705], "eval_acc": [0.6279027576197388, 0.7701378809869376, 0.7948113207547169, 0.8113207547169812, 0.7861030478955007, 0.8144049346879536, 0.80533381712627, 0.8209361393323658, 0.8341799709724238, 0.8310957910014514, 0.8271044992743106, 0.8392597968069666, 0.8350870827285921, 0.8392597968069666, 0.8399854862119013, 0.8405297532656023, 0.8447024673439768, 0.8485123367198839, 0.8428882438316401, 0.8466981132075472, 0.8457910014513788, 0.8548621190130624, 0.8505079825834543, 0.8546806966618288, 0.8566763425253991, 0.8583091436865021, 0.8534107402031931, 0.8593976777939042, 0.8525036284470247, 0.8608490566037735, 0.861756168359942, 0.8550435413642961, 0.8572206095791002, 0.8642960812772134, 0.8704644412191582, 0.8675616835994194, 0.8670174165457184, 0.8652031930333817, 0.8652031930333817, 0.872278664731495, 0.8706458635703919, 0.8679245283018868, 0.8760885341074021, 0.8710087082728593, 0.8635703918722787, 0.865021770682148, 0.874455732946299, 0.8720972423802612, 0.8737300435413643, 0.8739114658925979], "eval_auc": [0.7401560549017502, 0.8406816665376435, 0.8687070240767862, 0.8857950963803456, 0.8846673281081562, 0.8896132621125156, 0.8908156795337048, 0.8939232301305557, 0.903717079988604, 0.9006013666982116, 0.8986539060068471, 0.9062613389029235, 0.9056245171503459, 0.9056873172280757, 0.9106032994133921, 0.9119083429574123, 0.9141911323657119, 0.9155038778060576, 0.9160717116325756, 0.9162602435221127, 0.9151334626725289, 0.9218314793486488, 0.9238805129120646, 0.9245099619091854, 0.9255649242212395, 0.9253766556443974, 0.9285616860017178, 0.9279734454413462, 0.9284776234238761, 0.928884770678341, 0.9300051003668999, 0.9282104268667422, 0.9310921868277299, 0.9307180853164728, 0.9339540008520799, 0.9340922400168942, 0.9326113035926912, 0.9337222198524079, 0.9302301668928523, 0.9359815744308628, 0.9351735335984366, 0.9335040652846963, 0.9377145669322439, 0.9379358154241203, 0.9333147434570745, 0.9360308797329798, 0.9394124730170317, 0.9384706693356043, 0.937895331097282, 0.9386421517281476], "eval_aupr": [0.7442606832690218, 0.8225680551384953, 0.8410751407641295, 0.8585915148159615, 0.8535220122596521, 0.8595130332172991, 0.8575725460267868, 0.8624966055021049, 0.874048303993737, 0.8700584944046552, 0.8669200306727779, 0.8759203164068154, 0.8751984557107648, 0.8754350102513699, 0.8802324716645065, 0.8833304998562523, 0.8870597612581196, 0.8845810054168403, 0.8892639270605096, 0.8888204709733049, 0.8861185407982619, 0.9012354558705832, 0.903321773134198, 0.9020487350971554, 0.9049176241441405, 0.9024124613443283, 0.909587721279994, 0.9075464442151339, 0.9092998136972418, 0.9075878493607225, 0.9103088478476087, 0.9094328158802522, 0.9110707273692104, 0.9119421332817976, 0.9153025734499967, 0.916702048210071, 0.9135034154109055, 0.9140907961388033, 0.9095522882401117, 0.9179077895307368, 0.9181967606643945, 0.9158591534041595, 0.9185908073677193, 0.923504978178275, 0.91420721198636, 0.919407841960319, 0.9244078980363977, 0.9228970588630248, 0.9212969845013348, 0.9180602757631178],