{"train_acc": [0.5299158990788947, 0.5734080897076492, 0.6044052863436123, 0.641409691629956, 0.6695234281137364, 0.6812975570684822, 0.7042851421706047, 0.7099719663596316, 0.7206247496996395, 0.7334401281537846, 0.736483780536644, 0.7423307969563476, 0.7539447336804165, 0.7672406888265919, 0.7687625150180216, 0.7758109731678013, 0.7839006808169804, 0.7896676011213456, 0.7909491389667601, 0.7981577893472167, 0.8018422106527834, 0.7977573087705246, 0.8040048057669203, 0.8104925911093313, 0.8100120144173008, 0.8156187424909892, 0.8158590308370044, 0.8227472967561074, 0.8193832599118943, 0.821305566680016, 0.824669603524229, 0.8296355626752102, 0.8259511413696435, 0.8266720064076892, 0.8312374849819784, 0.8271525830997196, 0.834521425710853, 0.8348418101722066, 0.8338005606728074, 0.8362034441329596, 0.8385262314777733, 0.8389267120544653, 0.8394072887464958, 0.839647577092511, 0.8381257509010813, 0.843972767320785, 0.845174209050861, 0.8471766119343211, 0.8434120945134161, 0.8468562274729675], "train_auc": [0.5458453358356764, 0.5964653198602372, 0.6435815051098146, 0.688532708753944, 0.7206608678811061, 0.7423499499156583, 0.7660998605114246, 0.775762539171634, 0.7869038727218479, 0.8024824288910941, 0.8105969573961419, 0.8131323536426378, 0.8238886007586614, 0.8370275573500242, 0.8419074881700164, 0.8505208576419145, 0.8549635228158835, 0.8654324055984994, 0.8652882164013241, 0.8715860097995769, 0.8761252033063829, 0.877052773836632, 0.8817881047005859, 0.8857331740205082, 0.8869728185970254, 0.890644438040029, 0.889827964946044, 0.8971551328915313, 0.8968822734804784, 0.8956480201140399, 0.8966362032490307, 0.8997728221090138, 0.9020661273505484, 0.903127823485826, 0.9058891499432613, 0.9056934490174058, 0.9072079811268626, 0.908694504616339, 0.9095508084838341, 0.9099548026619435, 0.9128672113637262, 0.91340603713866, 0.915728955526984, 0.9154506792334233, 0.9175856754418622, 0.9188239337072164, 0.9218749221804498, 0.9204126719725416, 0.9185492002088503, 0.9221688458194528], "train_aupr": [0.5540068034355372, 0.5927074373482537, 0.6272555359931509, 0.6626959155658025, 0.6899803229229716, 0.7158261691904032, 0.7339851936080324, 0.7435456910011827, 0.7536324376922079, 0.7683676131512579, 0.7802828410412818, 0.781636962099593, 0.7986128169822013, 0.80990668575103, 0.8150103287753614, 0.8284219923778435, 0.8269651299618416, 0.8440975416747445, 0.8432356925209572, 0.8464608028788728, 0.8560803530182257, 0.8554015024499388, 0.8600933221487006, 0.8658770519792545, 0.8683972262018571, 0.8708262504900501, 0.8698423846810615, 0.876681168215145, 0.8809195132520631, 0.8799439556028699, 0.8787187455136249, 0.8810539449458361, 0.8852681691935325, 0.8861181602222201, 0.8899438447599102, 0.8945326645865308, 0.89016770077078, 0.8950377560880944, 0.8951289546019995, 0.8971191456081054, 0.8981226061191332, 0.9002789872098327, 0.9036479816995837, 0.9030366937407378, 0.9067315195238914, 0.9081665143298359, 0.9107090957934842, 0.9081139930420199, 0.9069538788834741, 0.9125857337681409], "train_loss": [123.89205039885579, 108.49007732041028, 103.4499646413083, 98.32531338200278, 93.09017930894481, 89.66874021170091, 86.43849355347302, 84.93345101694672, 81.94756380149296, 80.36718190811118, 80.14637054229269, 79.43086087217137, 76.72090513000683, 74.03425217222194, 72.65759756370467, 71.49362452115331, 69.44034331003014, 68.0045754319551, 67.62577574776144, 65.76840618678501, 65.2762867929984, 64.79038131541135, 63.66161570561175, 62.66630633631531, 62.28023280355395, 61.30055498468633, 61.61801744237238, 59.59917989190744, 59.9793246023509, 61.21243313319829, 60.223262259546594, 58.80559917493742, 58.51044210213788, 57.53820342889854, 57.452960073339696, 57.1534399298989, 56.24763385464951, 56.70565054124715, 56.30683093928561, 55.9646201133728, 54.90448472299138, 54.80902003451269, 54.952746627282124, 54.31452257627127, 53.89548004008069, 53.41830029414625, 51.79724765067198, 52.75976058384594, 52.79041573952655, 51.80762590346288], "eval_acc": [0.5571840461316675, 0.5833733781835656, 0.6432003844305623, 0.6480057664584334, 0.6696299855838539, 0.6881307063911581, 0.6912542047092743, 0.6948582412301778, 0.7099951946179721, 0.7121576165305141, 0.7186448822681403, 0.7232099951946179, 0.7241710716001922, 0.7345026429601154, 0.7431523306102835, 0.7426717924074964, 0.7388274867851994, 0.7503604036520903, 0.7462758289283998, 0.7717443536761173, 0.7683805862566074, 0.7582892839980778, 0.77462758289284, 0.7633349351273426, 0.7727054300816915, 0.7546852474771745, 0.7767900048053821, 0.7731859682844786, 0.7799135031234983, 0.7787121576165306, 0.7731859682844786, 0.7765497357039884, 0.7741470446900529, 0.7729456991830851, 0.7775108121095627, 0.7847188851513696, 0.7820759250360404, 0.7743873137914464, 0.7715040845747236, 0.7844786160499759, 0.7803940413262854, 0.7727054300816915, 0.7789524267179241, 0.7808745795290726, 0.7897645362806343, 0.7847188851513696, 0.7830370014416146, 0.7895242671792407, 0.7799135031234983, 0.7847188851513696], "eval_auc": [0.5826674246909708, 0.6177442601258502, 0.6818797462666879, 0.6960530835703315, 0.7213288126008219, 0.745391502535231, 0.7580223789657958, 0.7639605183611058, 0.7745125262284188, 0.7720549150260454, 0.7842339338157922, 0.7892108361745769, 0.7957554951179276, 0.7959086554532356, 0.8058398210865513, 0.8134417021634417, 0.8072272735358115, 0.8203332242191075, 0.8161914268560064, 0.8438998178939785, 0.8389016625173231, 0.8239838920605423, 0.8440421207092872, 0.8385565319879864, 0.8404351139589128, 0.8248873763311146, 0.8427253576455537, 0.8399033264900155, 0.8476782348537019, 0.8471290060494867, 0.8470981660724677, 0.8468944143141848, 0.8444671810667028, 0.8445258578769114, 0.8412995573597006, 0.8560292848105374, 0.8516527802066024, 0.8422222155485692, 0.8393091660338889, 0.850803930052622, 0.8531120770967083, 0.8489513368263746, 0.8471099476367222, 0.8548338025553057, 0.8575528027763835, 0.8528949266967243, 0.8566008061824105, 0.8521023277367823, 0.8538078824209128, 0.8519537876227506], "eval_aupr": [0.5707520689943297, 0.5977344394993866, 0.6548632161213721, 0.6703726125100377, 0.6944577219519084, 0.7175659681309507, 0.7301186067663952, 0.7311694285758601, 0.7395939635797824, 0.7403742095621462, 0.7534350481926813, 0.7571679098357644, 0.7686050303787256, 0.7624957609260901, 0.7758979929424754, 0.776093998950663, 0.778607569674159, 0.7956987584148778, 0.7868715480330785, 0.8159908581616679, 0.8116439590826384, 0.7876377911012564, 0.8128153825718667, 0.8113253670315488, 0.8091164264346926, 0.7870362740820567, 0.808708238982417, 0.8063243732050424, 0.8190549261869057, 0.8182405180316312, 0.8174204143705393, 0.8156897295582326, 0.816959340246175, 0.8130601828525378, 0.8064104790200345, 0.8237113662279928, 0.8210735143931396, 0.8089408484172897, 0.8065062992038619, 0.8174668445908035, 0.8191912890581543, 0.8207911601603752, 0.8145345935412629, 0.8251710084677379, 0.8262580012511763, 0.8274851344561073, 0.8300044238431681, 0.8187729653688811, 0.8243630879703705, 0.8211442791873189],