{"train_acc": [0.5336376741950986, 0.5663943616850873, 0.5843344545891398, 0.6064392119173474, 0.6293448662502003, 0.6330289924715682, 0.657936889316034, 0.6661861284638796, 0.6803620054460996, 0.6938971648246035, 0.7045490949863847, 0.7138395002402691, 0.7218484702867212, 0.7294569918308506, 0.7370655133749799, 0.7433125100112126, 0.7488386993432644, 0.7534839019702066, 0.7671792407496396, 0.7711837257728656, 0.7752683004965562, 0.780634310427679, 0.7823962838378985, 0.7868813070639116, 0.7897645362806343, 0.7965721608201185, 0.794489828608041, 0.7978535960275509, 0.8037802338619253, 0.8113887554060548, 0.8081050776870095, 0.8120294730097709, 0.8145923434246356, 0.8184366490469326, 0.8150728816274228, 0.818516738747397, 0.8203588018580811, 0.8266858881947782, 0.8263655293929201, 0.8281275028031395, 0.8334935127342624, 0.8302098350152171, 0.8355758449463399, 0.8342143200384431, 0.8371776389556304, 0.8350152170430882, 0.8373378183565593, 0.842063110683966, 0.8473490309146244, 0.8416626621816434], "train_auc": [0.5437449537862757, 0.5968530749192766, 0.6230604282769956, 0.6475886943251263, 0.6723402483118966, 0.6860659239735243, 0.7084508927603139, 0.7252658298224541, 0.7421956578850943, 0.754715042212047, 0.7689543391694762, 0.7807816823292072, 0.7850300311881837, 0.7967008623113754, 0.8081303992321094, 0.8140601840437809, 0.8216638198459828, 0.8287932094182384, 0.837948464096498, 0.8444948896477845, 0.8488828608475162, 0.8536455882150993, 0.8564511514960793, 0.8626476163903459, 0.8650902437237005, 0.871937167251496, 0.8721007508855861, 0.8746821535080835, 0.8808996535173883, 0.8841762416653651, 0.8859597858396844, 0.8897376745327388, 0.8926307921485502, 0.8971543557768215, 0.8942261368555622, 0.8974762738918287, 0.8998593124276717, 0.9025901426550422, 0.9059585332300273, 0.9045300320224012, 0.9078223162934357, 0.9098878901522934, 0.9109083178286524, 0.912691310136012, 0.9147683448598662, 0.9132519171280638, 0.9160560301540106, 0.9212473656374005, 0.9209813657629181, 0.9200191536337297], "train_aupr": [0.5570447420706521, 0.5916183939164861, 0.6212775780753796, 0.6382436350929216, 0.6583419575346968, 0.6710379275099363, 0.6870521963253311, 0.7052252942679214, 0.7159045812774019, 0.7301738450826758, 0.7424907741379073, 0.7534915200023035, 0.7542642341810389, 0.7732576899137141, 0.784422135409163, 0.7875943559938086, 0.7974619624420034, 0.8070696088586721, 0.8167583548028712, 0.82513142437934, 0.8289468163656717, 0.8343708901690894, 0.8372905491727338, 0.8426605168264147, 0.8481037887223734, 0.8569527333527454, 0.8554495831062114, 0.8596894391790757, 0.8637525389022038, 0.8658165951883715, 0.8691240304570123, 0.8763628993374617, 0.8774576329614195, 0.8842330294365597, 0.8833856908403854, 0.8869990455946025, 0.8886400862884223, 0.8912497182320952, 0.8952616092512717, 0.8941479099786838, 0.8958716411174288, 0.9004070112098426, 0.8997890155635568, 0.9035479574978852, 0.9062630292529297, 0.9066269346441302, 0.9069382784585022, 0.9152646691705395, 0.9131437192862388, 0.9117620052126578], "train_loss": [310.695321034412, 275.8629389539057, 260.5883469241006, 251.96062315240198, 243.39733268776718, 237.33184150773653, 231.56307662506492, 226.14905358090692, 221.12760406367633, 216.9904824641286, 212.54120254516602, 208.73792783824766, 206.41794563799488, 202.87440373946208, 200.24068214455428, 198.45361600603377, 196.07585332101706, 193.64190759950753, 191.5866461943607, 189.07195370537895, 187.4686181569586, 186.00019604332593, 184.89239731613472, 183.08951205136825, 181.54746349247134, 179.46327736426372, 178.57528714257845, 176.86820005640692, 174.89713469816715, 173.90019406104574, 172.6021294642468, 171.2229517527989, 169.95785669647918, 168.55825766008726, 168.45777907420177, 168.20358418931767, 166.39986238917527, 165.93113714821484, 164.7287109019805, 164.53951752915674, 163.22687929747056, 162.44058660585054, 161.92960569323327, 161.38647753730112, 160.91108896294418, 160.83200918411723, 159.44319242117356, 158.254263795152, 158.14646030445488, 158.45062782083238], "eval_acc": [0.5580389329488104, 0.589521749579428, 0.5979331891372266, 0.6332612352799808, 0.6421533285267964, 0.6551309781302571, 0.6599375150204277, 0.6705118961788031, 0.68084595049267, 0.6878154289834174, 0.700312424897861, 0.7116077865897621, 0.7128094208123047, 0.7274693583273252, 0.7233838019706801, 0.7219418409036289, 0.7284306657053593, 0.7411679884643114, 0.740927661619803, 0.7457341985099736, 0.7471761595770248, 0.7618360970920451, 0.7601538091804855, 0.756308579668349, 0.7623167507810622, 0.7551069454458063, 0.7594328286469598, 0.7688055755827926, 0.7752944003845229, 0.77577505407354, 0.7740927661619803, 0.776255707762557, 0.7700072098053352, 0.7719298245614035, 0.7726508050949291, 0.7827445325642874, 0.772170151405912, 0.786589762076424, 0.78394616678683, 0.7851478010093728, 0.7803412641192021, 0.7825042057197789, 0.7810622446527277, 0.7918769526556116, 0.7801009372746935, 0.7889930305215093, 0.7877913962989666, 0.7858687815428983, 0.7863494352319154, 0.7858687815428983], "eval_auc": [0.5817929661444334, 0.633597539357021, 0.6411080428060907, 0.6850356648085805, 0.7024183009859305, 0.7078789619925143, 0.7227956162169834, 0.7266489224748617, 0.7463319399612728, 0.751287016308601, 0.7620863046303004, 0.768000085053785, 0.7793549964707301, 0.785087344227922, 0.7792128549550994, 0.7857407329509919, 0.7945685300071139, 0.8114745876393737, 0.8092569488711191, 0.8180228045838444, 0.8188833963455532, 0.8303521365372108, 0.8286219391615823, 0.8275370411544758, 0.8338811752399188, 0.8271425117769448, 0.8363142219635682, 0.8406873270322655, 0.8452136675885451, 0.8454928658826618, 0.8465897823593828, 0.8465218317811788, 0.8490399322897912, 0.851392778841207, 0.8455631277050223, 0.8558114154197889, 0.848135426889107, 0.8604244276319408, 0.8553628029289935, 0.856142847831845, 0.8577718127134145, 0.8550489359725277, 0.8553008615855968, 0.8612652582561108, 0.8567218144930725, 0.860321808391388, 0.8608079785997281, 0.8563164222680053, 0.8607241959990515, 0.858839145264931], "eval_aupr": [0.5853207008240815, 0.629721397086042, 0.6409144919444023, 0.6739852704929191, 0.6860625694312719, 0.68752526922746, 0.7031469560552849, 0.7111464098787112, 0.725933095576625, 0.7314304970262859, 0.741562539307522, 0.7427205736562104, 0.755943092002028, 0.7483172745635533, 0.7377017241726325, 0.7529349136878553, 0.7739437591070744, 0.784712687877921, 0.7841858062916811, 0.790068999507634, 0.7871109338383533, 0.801176248081588, 0.7977566581468801, 0.7975912281243946, 0.803908310590271, 0.7989855368919189, 0.8118559711747675, 0.817641041592545, 0.8240146434835296, 0.8219234498422388, 0.8231785281480289, 0.8194914145740932, 0.8272195164007161, 0.8276861771867955, 0.8222042677407817, 0.8341704920716164, 0.827740182850547, 0.8390050319475238, 0.8350449095808776, 0.8316230666650879, 0.8339664542059417, 0.8268768080872461, 0.831186001271711, 0.8382183024239346, 0.8324777994292242, 0.8365862045489476, 0.8367601626624446, 0.832734648867669, 0.8371372480656202, 0.8328434154065574],