{"train_acc": [0.6845334170253468, 0.7868543758967002, 0.7995800454328073, 0.8071945241511239, 0.8121039574366332, 0.8140766977522716, 0.8166173481587757, 0.8187619560019129, 0.8198604136776662, 0.8199276661884266, 0.820480631276901, 0.8225953491152559, 0.8229988641798183, 0.8241571018651362, 0.8239179818268771, 0.8253377570540411, 0.8264661047345767, 0.8271386298421808, 0.8284089550454328, 0.8279232424677188, 0.8300603778096605, 0.8308001554280249, 0.8320779531324725, 0.832481468197035, 0.833340805834529, 0.8324216881874701, 0.8334005858440937, 0.8336994858919178, 0.8336471783835485, 0.834947393591583, 0.8355377211860354, 0.835545193687231, 0.8359860712577714, 0.8356722262075562, 0.8362625538020086, 0.836292443806791, 0.8373535389765663, 0.8366585963653754, 0.8366361788617886, 0.8363596963175514, 0.8376599115255858, 0.8380559540889526, 0.8374058464849354, 0.8368005738880918, 0.8380559540889526, 0.8392739717838354, 0.8380185915829746, 0.8377495815399331, 0.8374357364897178, 0.8387210066953611], "train_auc": [0.7635585619436256, 0.8618256008035694, 0.8752020773739153, 0.884214002375312, 0.8907449855067784, 0.8945515265524805, 0.8970277631544039, 0.8988760219771084, 0.9000601749871806, 0.9004197725790897, 0.9022072930957691, 0.9029085658687437, 0.9036711084164364, 0.9047896575966298, 0.9044919661124109, 0.9055683042376078, 0.9062891058885725, 0.9070954677452328, 0.9083885046080997, 0.909181377612881, 0.9101809036031121, 0.9104744363643513, 0.9119871482565751, 0.9121811798935728, 0.9130303884681418, 0.9131655692444559, 0.9136733819410066, 0.9136899080599676, 0.9148244196159068, 0.914716107547039, 0.9153665789932504, 0.916040287537236, 0.9158665867275214, 0.9160476502603847, 0.9165416110445983, 0.9168250524895858, 0.9169902074747998, 0.9172414656370869, 0.9171801322067361, 0.9174864345112068, 0.9168165849503453, 0.9178584879469235, 0.9170593950051114, 0.9178919371949747, 0.9183982030596558, 0.9181315445896905, 0.9183534319314677, 0.9182598396133935, 0.9181634615238232, 0.9186086251286086], "train_aupr": [0.7799504542011082, 0.8805138721162821, 0.8924875163880213, 0.8998948117494254, 0.9049133855863413, 0.9082530542005749, 0.91026085542956, 0.9115593854335908, 0.9128774702121837, 0.9132855890960921, 0.9142536716356409, 0.9154274033238741, 0.9160018040267992, 0.9170924527088049, 0.9167569358259918, 0.9178255694786036, 0.9183487741656269, 0.918849415052587, 0.9201475658087895, 0.9208640090315988, 0.9211425182165267, 0.9221083546059748, 0.9228596478746682, 0.9233046502998169, 0.9240054420270111, 0.9241827068920925, 0.9240918018235948, 0.924230959265277, 0.9253050192068034, 0.9252461420204565, 0.9253019032386904, 0.9260882253677113, 0.9262510518217626, 0.9264954542728705, 0.9266379611728119, 0.9266598051908606, 0.9271576136121902, 0.9273711463467148, 0.927407445294957, 0.9277428903844018, 0.9266670292989082, 0.9279506791291785, 0.9270276841429257, 0.9282341733358868, 0.9283187058151045, 0.9283449401268543, 0.9283903595074549, 0.9282253069050008, 0.9284537535124067, 0.9286435109478626], "train_loss": [94.43340254103477, 71.33207174195387, 66.50827613888917, 62.57502520836562, 60.15339569471078, 58.696655441196654, 57.66216759836696, 56.94890265528604, 56.13443352387466, 55.940167992338395, 55.2343038263558, 54.802275105142684, 54.56510213228302, 53.98214139810712, 54.03357096611884, 53.62897282485524, 53.45152814620767, 53.0765532426123, 52.6817466196093, 52.3731182255207, 52.16335422632571, 51.98145592873684, 51.51846299982891, 51.400593567988615, 51.08160650935273, 51.0148773448645, 50.85575520422445, 50.69769942464154, 50.47982487578237, 50.46117224793589, 50.29126579219023, 50.118649650486205, 49.97771012942604, 49.935718237328025, 49.77467583242384, 49.766801332652456, 49.61440062477301, 49.54584798940509, 49.50284719740684, 49.37237540257821, 49.69701281377964, 49.26758376681326, 49.50006557924114, 49.161169416817835, 49.21940610787153, 49.142192040073255, 49.09403390319124, 49.1995119866176, 49.12411964555088, 49.04615219692427], "eval_acc": [0.7901721664275466, 0.804071018651363, 0.8100564921090387, 0.8120740674318508, 0.8196511836441894, 0.8238880918220947, 0.8229241391678622, 0.8146520803443329, 0.8200546987087518, 0.8252555595408895, 0.8228793041606887, 0.8283267575322812, 0.8273179698708751, 0.8274973098995696, 0.8304564203730272, 0.8300304878048781, 0.8284836800573888, 0.8307254304160688, 0.8334155308464849, 0.8346933285509326, 0.835096843615495, 0.8325636657101865, 0.835433106169297, 0.8356796987087518, 0.8393561692969871, 0.8372713414634146, 0.8377645265423243, 0.8401856169296987, 0.8372265064562411, 0.841171987087518, 0.8398493543758967, 0.8413064921090387, 0.8421583572453372, 0.8397148493543759, 0.8398941893830703, 0.839019906743185, 0.8421807747489239, 0.8405442969870875, 0.8408133070301291, 0.8365988163558106, 0.841396162123386, 0.8403873744619799, 0.8398941893830703, 0.8418669296987088, 0.8407460545193687, 0.8412168220946915, 0.8399614418938307, 0.8436154949784792, 0.8419117647058824, 0.8400286944045912], "eval_auc": [0.8697917577947301, 0.881844877766069, 0.8901888376366792, 0.8918666647572657, 0.9018578357344398, 0.9058789221706088, 0.9018442770847185, 0.9017894273714053, 0.9018968743937305, 0.9082178535732406, 0.9095369061580786, 0.9100198523960161, 0.9124676208589692, 0.9091674294353593, 0.911675091147897, 0.9121447491050366, 0.9111419025243201, 0.9130819452867536, 0.9158473721073379, 0.9141505045819833, 0.9158380891059423, 0.9147249480859504, 0.9168383727098767, 0.9189674324972622, 0.9199514346655526, 0.9190728120516499, 0.9202034154867833, 0.920964262784474, 0.918893679071276, 0.9209339935261338, 0.9214036977173643, 0.922289872569518, 0.9212165863410311, 0.9186027982930277, 0.921225589927703, 0.9196475781891648, 0.9221940303040264, 0.9217024081384092, 0.9216976862305969, 0.9196446865483014, 0.9217971709383856, 0.922291642531131, 0.9209197916194944, 0.9221482273962093, 0.9222481523329513, 0.9221224971194956, 0.9197201898341221, 0.9232761633253115, 0.9214791276316927, 0.9216911933560823], "eval_aupr": [0.8889588415013348, 0.8992626243051259, 0.9051211441971829, 0.9056667727145906, 0.9143201746415781, 0.9184252910399284, 0.9153983898122462, 0.9152260052361253, 0.9153910472213814, 0.9209506766692976, 0.9220135104292037, 0.922286598735457, 0.924186625651311, 0.921705453526035, 0.9239303180951495, 0.9237767407166534, 0.92270436398308, 0.9244455713516295, 0.9269384178337554, 0.9254410033692104, 0.9265743293527655, 0.9254407846427455, 0.9277996719939161, 0.9290345368816562, 0.9303162376019438, 0.9292630623123503, 0.930404472022236, 0.9313298911095462, 0.9293269538006269, 0.9308809474746363, 0.9313539911380596, 0.9312507196642437, 0.9312763482918973, 0.9281442601305735, 0.9309437018202085, 0.930189269814979, 0.931804953659604, 0.9317115276177346, 0.9321277646961501, 0.9301513089582223, 0.9313734681625124, 0.932374471019804, 0.9310895808219273, 0.93229456919257, 0.9324421987078763, 0.9317841248549905, 0.9296765851475867, 0.9330157454690231, 0.9313747173853126, 0.9322399425176485],