{"train_acc": [0.6794595887135342, 0.7835814203730272, 0.7987655428024868, 0.805229256336681, 0.8096230870396939, 0.8134564801530368, 0.8160643830703013, 0.8188590985174558, 0.8189711860353898, 0.820368543758967, 0.8203535987565758, 0.8224757890961263, 0.8228195241511239, 0.8224982065997131, 0.8236414992826399, 0.8258309421329507, 0.8256889646102343, 0.8264661047345767, 0.8270713773314203, 0.8276691774270684, 0.8291935676709709, 0.8289395026303205, 0.8315025705404113, 0.8304863103778096, 0.8330419057867049, 0.8312410329985653, 0.8320704806312769, 0.8327205882352942, 0.8338788259206121, 0.8330643232902917, 0.8331016857962698, 0.8338564084170254, 0.8345961860353898, 0.834611131037781, 0.834424318507891, 0.8356124461979914, 0.8356647537063606, 0.8358291487326638, 0.8359262912482066], "train_auc": [0.7582781718861034, 0.8583564930169244, 0.874880627932501, 0.8832399970449134, 0.8882852008705882, 0.8932129068962731, 0.896340938199828, 0.8989967749251264, 0.899590454491174, 0.900665813771426, 0.9013334912234241, 0.9023669320412361, 0.9036953465827892, 0.9043714759393109, 0.904479229737114, 0.9060981801997343, 0.9072903101539704, 0.9075169589370585, 0.9077167757542844, 0.90922980659473, 0.9102785630693968, 0.9102641464087552, 0.9114108547189099, 0.9113735866912918, 0.9127607279092067, 0.9123575810422236, 0.9127360801132751, 0.9132677474789117, 0.9139468359289322, 0.9140806942315622, 0.9141638837674917, 0.9151330468027588, 0.9147088621959424, 0.9154042453711161, 0.915545691313463, 0.9153836883988229, 0.9160188523405675, 0.91584517621137, 0.9159057865360709], "train_aupr": [0.7750936385375413, 0.8765788006906237, 0.8922914058533695, 0.8986461157891127, 0.9029026111174394, 0.9069529439599332, 0.9091628948448949, 0.9117603315382433, 0.9121135642824122, 0.9132723370253422, 0.9139667214473444, 0.9150004453660205, 0.9157963143355112, 0.9162788818585548, 0.9165830820550567, 0.9179454809475271, 0.9188055997886132, 0.9191196655735192, 0.9193854311942987, 0.9200042355539156, 0.9210129669025001, 0.9212162031540571, 0.9220939309661973, 0.9217823626642947, 0.9233012638990487, 0.9225953633597282, 0.923431676243976, 0.9234293569240049, 0.9243444556818842, 0.9241221271265004, 0.9246524168413404, 0.9251234039311766, 0.9249166547174739, 0.9253033762883813, 0.9257103068541368, 0.9254630467934559, 0.9262158788544288, 0.9259842939082567, 0.9260778351087291], "train_loss": [93.6095845202415, 71.85604917843528, 66.40541794012883, 62.66212804732314, 60.62488981688228, 59.054296996807736, 57.85236796092805, 56.89535826250882, 56.40599283798247, 55.889800487467255, 55.559760737373544, 55.02124171503188, 54.74567833822042, 54.34769486378073, 54.126487186716346, 53.67643306724884, 53.22952329041169, 53.021763055775864, 53.04862930487492, 52.56824327472519, 52.21849234199889, 52.12221224950787, 51.720094361679045, 51.69334289448667, 51.13020500307101, 51.32082937142133, 51.023953587329636, 50.845220961488685, 50.59036622676521, 50.575468367873825, 50.469283534281566, 50.1266138029372, 50.27544358583527, 50.043151707767755, 49.98488435872882, 49.95440149763118, 49.77115328042959, 49.76783156531719, 49.76911959821362], "eval_acc": [0.7938710545193687, 0.8053488163558106, 0.8116257173601148, 0.8145399928263989, 0.8230810616929699, 0.8239553443328551, 0.8239777618364419, 0.8299408177905309, 0.829021700143472, 0.8275421449067432, 0.8305460903873745, 0.8309496054519369, 0.828909612625538, 0.8311513629842181, 0.8313979555236729, 0.8323619081779053, 0.8355003586800573, 0.8343570659971306, 0.8385043041606887, 0.8346036585365854, 0.8395130918220947, 0.8344691535150646, 0.8387733142037302, 0.8398941893830703, 0.8354779411764706, 0.8390647417503587, 0.8431223098995696, 0.8429429698708751, 0.8413289096126255, 0.8443328550932568, 0.8444001076040172, 0.84262912482066, 0.8427636298421808, 0.8425394548063128, 0.8435706599713056, 0.844198350071736, 0.8408357245337159, 0.8420238522238164, 0.8430998923959828], "eval_auc": [0.8725918772700536, 0.8826182323904559, 0.8902091866672396, 0.8952143084396336, 0.904901743551092, 0.9040578618361976, 0.9059233259946295, 0.9107987400349855, 0.9105713366534611, 0.9092680770310451, 0.9124684731743855, 0.9135270599772107, 0.9125308841717501, 0.9136542077477336, 0.9149756745561913, 0.915234751305297, 0.9176083442049112, 0.9168574794505145, 0.9189692436675216, 0.9173469627868798, 0.9197347083437754, 0.9185799857894899, 0.9200347545280142, 0.9203771973736721, 0.9173218606907498, 0.9199477902130776, 0.9227417927171482, 0.9238579339276083, 0.9222165674131964, 0.9229375629346486, 0.9236710999558211, 0.9232734656666123, 0.9236979760339197, 0.9229300710017336, 0.923130181193252, 0.9231317330505662, 0.9227721765556267, 0.9220583071147175, 0.9223704957783692], "eval_aupr": [0.8913814921178919, 0.9006567896596832, 0.9079354580800302, 0.9111607861544593, 0.9190418831669865, 0.9184440172184047, 0.9165219207871247, 0.922588739795177, 0.92332870614965, 0.9218395332435714, 0.9245076425908816, 0.9258287668703762, 0.9248864738335139, 0.9251400609348259, 0.9271199622803352, 0.9268624503318514, 0.9287379718135405, 0.9281701361119499, 0.9300503829752531, 0.9284632972102752, 0.9305585764919031, 0.9293059842458626, 0.9312699329510337, 0.9303904230382758, 0.9279305198352463, 0.928710511682524, 0.932672667036627, 0.9335849869930961, 0.9321853235543585, 0.9334838775108638, 0.9336527762832323, 0.9330867356610956, 0.9337734894996004, 0.9328100628126947, 0.9323130907093933, 0.933150697502934, 0.9327289092688398, 0.9321582646671924, 0.9330056327483658], "eval_loss": [0.5303727396933557, 0.4970054592686028, 0.4648169753712253, 0.44708542566388376, 0.4222209828570378, 0.4301488733445555, 0.42201788781192073, 0.4098480041947221, 0.3999739118679353, 0.40359910176679425, 0.4011428202241873, 0.3959064457132621, 0.40199202782283383, 0.3951108846893612, 0.39913472413503626, 0.39253221787886433, 0.38794863861123663, 0.3854895958428403, 0.38218135689218213, 0.3887030314253256, 0.3817545630497433, 0.394060104272971, 0.3777654379221425, 0.3778283268512578, 0.3884909905097748, 0.3782666287514537, 0.3730031414387729, 0.3649623757882987, 0.37391244261986556, 0.3655978657166277, 0.36819415822774815, 0.3659897942197545, 0.3710447939772859, 0.36935290027212037, 0.36762384862947667, 0.3694485596553496, 0.36861663650577003, 0.36821083256298703, 0.3689828751504507]}