{"train_acc": [0.5307969563476171, 0.5667601121345615, 0.5934321185422508, 0.6056067280736884, 0.6246696035242291, 0.6357228674409291, 0.6581497797356828, 0.6692831397677212, 0.6861033239887866, 0.688746495794954, 0.7081297557068482, 0.7165398478173809, 0.7307168602322788, 0.7358430116139367, 0.7437725270324389, 0.7484981978374049, 0.7581097316780137, 0.7630756908289948, 0.7661193432118543, 0.7730076091309571, 0.7779735682819383, 0.7818181818181819, 0.7917501001201441, 0.7863035642771325, 0.797436924309171, 0.7959951942330797, 0.801762114537445, 0.7941529835802964, 0.803764517420905, 0.8086503804565479, 0.8061674008810573, 0.8104925911093313, 0.8135362434921907, 0.8151381657989587, 0.8189026832198638, 0.8223468161794153, 0.820504605526632, 0.8206647977573087, 0.8234681617941529, 0.8253103724469363, 0.8295554665598719, 0.8290748898678414], "train_auc": [0.5448363072507448, 0.5950705922975518, 0.6295553949613055, 0.6459139517181802, 0.6718325116070707, 0.6880039560953006, 0.7083467834583359, 0.7288763251699825, 0.7447788527323629, 0.7557577873592358, 0.7745304351063024, 0.7860530183518152, 0.8019465734592472, 0.8043354157815086, 0.8163310874384349, 0.8249511135984678, 0.8306393804770162, 0.8365383267590953, 0.8401900902508308, 0.8485736363858079, 0.850661676835021, 0.8576764165632289, 0.8666969043105008, 0.8656805908727414, 0.8725561612782732, 0.8711696153396891, 0.8772170756471654, 0.8738590284846564, 0.8796093452161668, 0.8835745156607205, 0.883390304357481, 0.8873109847750662, 0.8908070845169315, 0.8933080119273321, 0.895103016362215, 0.8974367660140349, 0.8985070682150462, 0.8966864428644594, 0.9014493787954831, 0.901739141596635, 0.9073439607933242, 0.9069618163637553], "train_aupr": [0.5500180402229811, 0.5951425879389776, 0.6251537297092047, 0.6392851752595232, 0.6605779514539467, 0.6769957519637966, 0.6901924120878478, 0.7098129903042755, 0.721376454704976, 0.7324874450615013, 0.7533800793835372, 0.7632784590768366, 0.7820217584974501, 0.78470277110906, 0.7956474616318552, 0.8045486854527649, 0.8098667629040478, 0.8162355756989691, 0.8181091825583711, 0.8301715916128508, 0.8295109410242196, 0.8373104046469144, 0.8484212174347526, 0.8492198594465228, 0.8534468684226946, 0.8513954233414833, 0.8620450817973476, 0.8560944769459407, 0.8636621310554895, 0.8675899161891785, 0.8688668677754681, 0.8745167774436021, 0.8761296533907688, 0.8792995376661852, 0.8813274868188594, 0.88396976843537, 0.8848941120017721, 0.8855722637599637, 0.888701590418342, 0.8883977360568056, 0.8981103435643436, 0.896752839056715], "train_loss": [305.1519746074871, 268.76420615157303, 256.94747803770764, 249.57282825635403, 243.2443808913231, 237.7196653862389, 232.33486241588787, 227.4753076178687, 222.19184763820803, 217.7859795361149, 212.85665758045351, 209.3270105926358, 205.15573665438865, 203.90885827614338, 200.59790333193175, 197.99816766442086, 195.838511605652, 193.92197608582828, 192.4796287660696, 189.59886228186744, 188.5930677992957, 186.67501845408458, 183.81034852777208, 183.11295199880794, 180.971955684983, 180.7552478544566, 179.00238462005342, 178.0406094156966, 176.4498497880235, 174.76193896483403, 174.18842955754727, 173.16712460225943, 171.45539163570015, 170.39416802659326, 169.13146708936108, 168.14209097015615, 167.3727148479345, 167.68397137705162, 165.81652705036865, 165.74927749195876, 163.87728267299886, 163.65851739474707], "eval_acc": [0.5657293919730834, 0.5878394616678683, 0.6118721461187214, 0.6212448930545542, 0.6320596010574381, 0.6476808459504927, 0.6697909156452776, 0.6743571256909396, 0.684931506849315, 0.6909396779620284, 0.7000720980533526, 0.71521268925739, 0.718336938236001, 0.7291516462388848, 0.7291516462388848, 0.7344388368180725, 0.7435712569093967, 0.7327565489065129, 0.7510213890891613, 0.7447728911319395, 0.7551069454458063, 0.7647200192261475, 0.7553472722903148, 0.7575102138908916, 0.7661619802931987, 0.7589521749579428, 0.7541456380677721, 0.7724104782504205, 0.7642393655371305, 0.7700072098053352, 0.7740927661619803, 0.776255707762557, 0.7784186493631339, 0.7709685171833693, 0.7772170151405912, 0.7726508050949291, 0.7755347272290315, 0.771689497716895, 0.7767363614515741, 0.7808219178082192, 0.7788993030521509, 0.7791396298966594], "eval_auc": [0.5931900577672365, 0.6293263601556298, 0.6585366727421572, 0.6744262451943456, 0.6856509180030665, 0.7107330018392881, 0.7275217638306006, 0.7407056783108689, 0.7457154155825007, 0.7587209020138794, 0.7684488131067884, 0.7798893561197353, 0.7873797517446426, 0.7937390244793113, 0.799423298358046, 0.8059024091022342, 0.8099623405877123, 0.8079004796756123, 0.818719182448227, 0.8114863749845724, 0.8266806096322487, 0.8235651680713637, 0.8273589597922099, 0.8281016781019324, 0.8351817123268358, 0.8305444320510396, 0.8306972052897906, 0.8390798567213523, 0.8357777821948221, 0.8390780077260269, 0.8466919393511044, 0.838368224645536, 0.8466645511078488, 0.8337156901583063, 0.8432477233089436, 0.8389440711271521, 0.8444689847212893, 0.8415807384609979, 0.8410380583330291, 0.8432844720910333, 0.8455211786235801, 0.8464722555940196], "eval_aupr": [0.5926179737056217, 0.6221165335606804, 0.6513741860407738, 0.6630965256351187, 0.6745910948699183, 0.6954341828355969, 0.7117849418907368, 0.7206985013551875, 0.7215504591171877, 0.7351893498521072, 0.7444314146846698, 0.753653668909064, 0.7628182617049847, 0.7665326142728921, 0.7626475129672973, 0.7757438317864116, 0.7788119124653852, 0.7875077301296229, 0.7918034918965401, 0.7808282679599834, 0.8010941958151615, 0.7961921996062675, 0.8026334085295252, 0.7987404296024475, 0.8083677792302315, 0.7990586355979474, 0.8069410889531328, 0.8113064354703132, 0.8128909215178396, 0.8110157919549346, 0.8230377440736829, 0.8065749433827335, 0.8209417735223669, 0.7991668504118801, 0.8158869808726208, 0.810879247239004, 0.8185310023044418, 0.8139169088125437, 0.8066027864987553, 0.8098754176552234, 0.816048087499317, 0.8179304267360683], "eval_loss": [2.0692291411606343, 1.9332992295696312, 1.8593907249400718, 1.812373408042763, 1.7768757246457967, 1.7239075985931198, 1.68600844629279, 1.6486002077021527, 1.6139332878277355, 1.5904991620150188, 1.5608938044580352, 1.5370943207948204, 1.535815401164364, 1.4953984975872117, 1.4896000033816132, 1.4768150944286915, 1.4692076876369184, 1.4715583892832351, 1.4470066363867073, 1.450565687081929, 1.4308662508520131, 1.431906880853383, 1.4296288711180682, 1.4220867915899529, 1.3950083319942013, 1.400676010320233, 1.4002818271707556, 1.381141836355008, 1.3825097850697798, 1.3691427372476568, 1.3566266407733982, 1.3706850674083044, 1.3508246890113664, 1.3620969102921838, 1.3634227172482103, 1.3476348588799547, 1.3435444851329594, 1.3423948573309823, 1.3515782745318239, 1.3317752379518495, 1.3474756426835284, 1.3295445494341238]}