{"train_acc": [0.5398910605575136, 0.5736943287407882, 0.5915571932073054, 0.6030118551746235, 0.6174303107978212, 0.6445850688881769, 0.656199935917975, 0.6694168535725729, 0.6918455623197693, 0.7021787888497276, 0.7142742710669657, 0.7204421659724447, 0.7326177507209228, 0.7363024671579622, 0.7462351810317206, 0.7575296379365588, 0.7581704581864787, 0.7661006087792375, 0.7716276834347965, 0.7789170137776353, 0.7885293175264338, 0.7926145466196732, 0.793735982057033, 0.7976610060877923, 0.8011855174623518, 0.8051105414931112, 0.8100768984299904, 0.8107177186799103, 0.8022268503684716, 0.8130406920858699, 0.8133611022108299, 0.819368792053829, 0.8208106376161487, 0.8212111502723486, 0.8224927907721884, 0.8268183274591477, 0.8272989426465877, 0.8281800704902275, 0.8321050945209869, 0.8294617109900673, 0.8352290932393464, 0.8382729894264659, 0.8360301185517462, 0.8403556552387056, 0.8385132970201858, 0.8429189362383851, 0.8417975008010253, 0.8461230374879847, 0.8462832425504646, 0.8486863184876642], "train_auc": [0.5544447906464354, 0.6036845734404188, 0.62274110582907, 0.6481649347366454, 0.6660352481555757, 0.6953378146164084, 0.7125572468956403, 0.7303324296562702, 0.7537081763709567, 0.7637000921907229, 0.7795960015339015, 0.7908113926216868, 0.8011845885252398, 0.8102164678230497, 0.8223988408695174, 0.8318093170787004, 0.8355261656169557, 0.8435868392062073, 0.84906686581198, 0.8568282565528782, 0.858887084273567, 0.8666019752513934, 0.8696021471541618, 0.8766293500290849, 0.875175699650045, 0.8817728246500609, 0.8850129800070275, 0.889853127763812, 0.8847410295704857, 0.8933800359391046, 0.8929878049171894, 0.8976909311468431, 0.8967263242450819, 0.89564916532155, 0.9007966711202193, 0.9048575947965456, 0.9042656920973641, 0.9058263740956007, 0.9061280576771661, 0.9099168768592041, 0.9130190093136894, 0.9140699399059247, 0.913660351711267, 0.9168714286686317, 0.9158539029310386, 0.9196822636012769, 0.9201592905743492, 0.9219618175578843, 0.9208309438334985, 0.9255162635553165], "train_aupr": [0.5586359045934348, 0.6008390773205559, 0.616344670531749, 0.6402327026104179, 0.6578087376689914, 0.678285602937591, 0.697329417874876, 0.708883285439449, 0.7303942073333671, 0.7363620802272872, 0.7490402012101376, 0.7644799934496687, 0.7744082656006878, 0.7876569335113476, 0.7995015611758269, 0.8126851512260873, 0.8103428377471953, 0.8224690281520888, 0.8282816936332129, 0.8412237720360605, 0.8365679994499906, 0.8471823425065909, 0.8480119925542742, 0.8582480314995331, 0.855884269783993, 0.8677610180801946, 0.8695602019939839, 0.8770881433506579, 0.8709645317865716, 0.8824148015959349, 0.8790939346770714, 0.8835711396880507, 0.8834218248341721, 0.8827054951121116, 0.8892623603910592, 0.8931296438256218, 0.8914174399099746, 0.8943615689722385, 0.894740646901516, 0.9011287714303732, 0.9048840352366897, 0.9048660162269118, 0.9042237971924098, 0.907207849350286, 0.9067237202541865, 0.9120717042761917, 0.9104493348033516, 0.9145419780929566, 0.9122156365353205, 0.9174423118904691], "train_loss": [306.9288049717339, 272.34431906135717, 260.1915201167671, 253.5152179756943, 247.61292853647348, 240.12287147191105, 231.70239041289506, 225.02399434362138, 218.9436085370122, 214.62270251585514, 210.3194767601636, 206.81168072564262, 204.05658189617859, 201.077230054505, 198.24523712664234, 195.7489968805897, 194.21712051605692, 192.09295674732752, 190.49157460368409, 187.81743458825716, 186.77930593004032, 184.3284477798306, 182.9893908306044, 181.95249393034953, 180.04937486259306, 178.10386838718335, 176.71548222522347, 175.3746161606847, 175.42301122996273, 172.5643643894974, 171.6197397027697, 170.23546282612548, 170.03870390385998, 169.33570693950264, 167.40899751624283, 165.96447493592086, 165.81039945446716, 164.9803265746759, 164.45095269534053, 162.86047248451078, 162.33370698228174, 160.83334404595044, 160.71188373954928, 159.62197269225607, 159.52686422211784, 158.239284203977, 157.88835597524837, 157.20269207565153, 157.24663003610104, 155.42425863353574], "eval_acc": [0.5641518500720807, 0.5824123017779913, 0.5987506006727534, 0.6057184046131667, 0.626381547333013, 0.6419990389235944, 0.652090341182124, 0.6689091782796732, 0.6917347429120615, 0.6912542047092743, 0.701345506967804, 0.7131186929360884, 0.719365689572321, 0.7184046131667468, 0.7359442575684767, 0.7333012974531475, 0.7342623738587217, 0.7393080249879865, 0.7506006727534839, 0.7530033637674195, 0.7621335896203748, 0.764776549735704, 0.7578087457952907, 0.7633349351273426, 0.770783277270543, 0.7683805862566074, 0.7743873137914464, 0.7664584334454589, 0.7662181643440653, 0.7753483901970206, 0.7674195098510331, 0.7695819317635753, 0.7751081210956271, 0.7763094666025949, 0.7789524267179241, 0.7842383469485824, 0.7835175396444017, 0.7734262373858721, 0.7779913503123498, 0.7782316194137434, 0.7784718885151369, 0.7820759250360404, 0.7914464199903892, 0.7813551177318597, 0.7799135031234983, 0.7907256126862086, 0.7859202306583374, 0.7876021143680922, 0.7851994233541566, 0.7851994233541566], "eval_auc": [0.5904482672905935, 0.6217228126980958, 0.6413020778467129, 0.6494437606382685, 0.6767292441724004, 0.6944424808118442, 0.7153946716713886, 0.7348562343717947, 0.7460172910556304, 0.7529433697598732, 0.7598304068277122, 0.7774809227317503, 0.7884673316219698, 0.7849726431326455, 0.8008137293495154, 0.8035743657697718, 0.8083211588112122, 0.8119352823657475, 0.8181015507615197, 0.8228613961843616, 0.8294691353917748, 0.8372070029144929, 0.8322533354032331, 0.8314563315831591, 0.835419635217127, 0.8392568043334832, 0.8397798236519316, 0.8329082646292939, 0.8367227942168478, 0.846056748520114, 0.8399842724579505, 0.8429512058090259, 0.8514397585240138, 0.8464890942155543, 0.8492838054368136, 0.8572351313739515, 0.8541094903056614, 0.8485849832467486, 0.8517796979794451, 0.8537026718340237, 0.8515135680082205, 0.8523706358843, 0.8557632154784148, 0.8515921133122277, 0.8535888966510131, 0.8593489241141475, 0.8567423750991057, 0.8583107400076513, 0.8580300560536254, 0.8561313388370491], "eval_aupr": [0.5975200570489418, 0.6260623889477944, 0.6389979788674629, 0.6431021216601467, 0.6694985563719171, 0.6745489730557952, 0.6963306713754204, 0.7120394185449119, 0.7184525952535505, 0.7229916466325458, 0.732692741691203, 0.747902758409869, 0.7641887169832475, 0.7576976264626972, 0.7762001661070455, 0.7765132404180217, 0.7831821134492036, 0.7872972553223215, 0.7859809812163128, 0.7953897686723391, 0.8012180851799517, 0.8088922972043926, 0.8118180888541896, 0.8081057046631004, 0.8060111576652668, 0.811246616445608, 0.8072397687209025, 0.8039378501893609, 0.8074336665378412, 0.8206081443003294, 0.8166523638975114, 0.8180995860559603, 0.8274806680941601, 0.8184176210899817, 0.8239139373425605, 0.8321853528205041, 0.830336637035088, 0.8234599173393161, 0.8243812889157126, 0.8280496866998411, 0.8251636346645479, 0.827111846474254, 0.8285523536613889, 0.8206813083319378, 0.8265939517778423, 0.8342446486293061, 0.8286931161107937, 0.8325554322976687, 0.8280635197073775, 0.8289571953795085],