{"train_acc": [0.6979166666666666, 0.7917787541846006, 0.8010596006695361, 0.8085246293639407, 0.8137404351984696, 0.8167667981826877, 0.8186423959827833, 0.8194120636059302, 0.8203834887613582, 0.822311394069823, 0.8218032639885222, 0.8231931492109039, 0.8244036944045912, 0.8247773194643712, 0.8251584170253468, 0.8255694045911047, 0.828050274988044, 0.8294551052128168, 0.8299333452893353, 0.8307478479196556, 0.8315399330463893, 0.8327355332376853, 0.8326309182209469, 0.832593555714969, 0.8333034433285509, 0.8326981707317073, 0.8341926709708274, 0.8343944285031085, 0.834536406025825, 0.8358590387374462, 0.835844093735055, 0.8348128885700622, 0.8352761836441894, 0.8363895863223338, 0.835844093735055, 0.8356722262075562, 0.836292443806791, 0.8371144189383071, 0.8365689263510282, 0.8366212338593975, 0.8374805714968915, 0.8373909014825442, 0.8368827714012435, 0.8372040889526542, 0.8371293639406983, 0.8373087039693926, 0.8381680416068866, 0.8383174916307986, 0.8385043041606887, 0.8377196915351507], "train_auc": [0.7801096005214083, 0.8663635906306686, 0.8776817542835836, 0.8884534524231316, 0.8936182168263187, 0.8963486120538399, 0.8988747097776667, 0.8995399125890325, 0.9006408664589919, 0.9019358929512421, 0.9028238261506479, 0.903530647461245, 0.9050423534827988, 0.9059204582525474, 0.9063438109807558, 0.9072221431239565, 0.9089984799043895, 0.9096016807895868, 0.9103488754059024, 0.9110192672680819, 0.9114403479369164, 0.9120655341374588, 0.9128893193224688, 0.9126039066747282, 0.9136106299951401, 0.9137714467931614, 0.9144918764495438, 0.9145409378556855, 0.9147026411421464, 0.9153155622424256, 0.9156443517366493, 0.9150727890409205, 0.9155698126661461, 0.9166179233153344, 0.9164361898348582, 0.9161482427995322, 0.9167668696780138, 0.9169333763961677, 0.9166179311326927, 0.9168131208554957, 0.9174598734726509, 0.9171978461174641, 0.9175979012192091, 0.9175629281446571, 0.9177994141798498, 0.9181913375537348, 0.918224420949414, 0.9185111889037437, 0.9188457154456035, 0.9179802919946134], "train_aupr": [0.7973644658464071, 0.8850598569701356, 0.8944927074161971, 0.9035541017178026, 0.9076577170544372, 0.909512596794958, 0.9120284574717764, 0.9126499197316313, 0.9136869803336344, 0.9147181047154155, 0.9155817018048987, 0.9159113828795572, 0.9173848661246052, 0.9180052457176648, 0.9183536270853452, 0.9188563074849133, 0.9203398774350356, 0.9211052845818094, 0.921511214640993, 0.9219636978688146, 0.9227069221047036, 0.9229128916742921, 0.923673553897252, 0.923528687317503, 0.9239857148536406, 0.9241623283699854, 0.9250087546018537, 0.9249274887729863, 0.9250746985960145, 0.9254583152021684, 0.9258493307551072, 0.925496380995231, 0.9260567996103555, 0.9268102618444225, 0.926417074978463, 0.9265263938846553, 0.9268672023652091, 0.9271289837043123, 0.9269163001361733, 0.9269972142616261, 0.9274209571975385, 0.9272915442862679, 0.92788131662055, 0.9275873458715547, 0.9278574615111278, 0.9282318606269008, 0.9279945173239121, 0.9285297273231995, 0.9287880148629233, 0.9281383443355884], "train_loss": [90.86547253829343, 69.68666902326945, 65.64136114904575, 61.19929401550876, 59.038487036870954, 57.9869200084679, 56.92726299183774, 56.54068808984118, 55.93002508976719, 55.41143615934179, 54.87988068451161, 54.71445176250392, 54.199119256057884, 53.77792950843534, 53.66537050352954, 53.30824826096485, 52.722338125764985, 52.42882767051857, 52.18329352311377, 51.99275941101133, 51.66087041530281, 51.563285785696934, 51.317607958047844, 51.22098386811937, 50.956076078615496, 51.02830579039244, 50.660691835684254, 50.65027973984669, 50.5019281690025, 50.35552303102686, 50.24193790355558, 50.300931976128716, 50.195215086636075, 49.85867958907643, 49.90198448465613, 49.88162947521611, 49.72281791694306, 49.64575204976886, 49.59405551129956, 49.63233849468924, 49.36941558772246, 49.39689919232866, 49.18560549770669, 49.286822098391006, 49.15453187639809, 49.012808157882546, 49.035787365404644, 48.93077210121811, 48.83984479849471, 49.00743197118347], "eval_acc": [0.7935347919655668, 0.8037795911047346, 0.8154366929698709, 0.8238880918220947, 0.8201892037302726, 0.8197856886657102, 0.8214445839311334, 0.8256366571018652, 0.8208617288378766, 0.8285509325681492, 0.8257039096126255, 0.8328999282639885, 0.8229913916786227, 0.8348950860832137, 0.8289992826398852, 0.8353434361549498, 0.833863880918221, 0.8392216642754663, 0.8366436513629842, 0.8374955164992827, 0.8397372668579627, 0.8366212338593975, 0.8389974892395983, 0.8404097919655668, 0.8395355093256814, 0.8417772596843616, 0.8434585724533716, 0.8398269368723099, 0.841284074605452, 0.8397372668579627, 0.8423825322812052, 0.8386163916786227, 0.8430774748923959, 0.8433689024390244, 0.8410374820659972, 0.8337742109038737, 0.843974175035868, 0.8428308823529411, 0.8438172525107605, 0.8418669296987088, 0.8439965925394548, 0.8435930774748924, 0.8445570301291249, 0.8406339670014347, 0.8432119799139168, 0.8443328550932568, 0.8440190100430416, 0.8440190100430416, 0.8398045193687231, 0.8451174677187948], "eval_auc": [0.8704285148024352, 0.8855003329497806, 0.8942683508976779, 0.9027293855375133, 0.9043066997443311, 0.9001065617399919, 0.9081078797573352, 0.9055485976822295, 0.9073692549759782, 0.9093948629695519, 0.9098527654065176, 0.9131036401313968, 0.906568182008966, 0.9143151723224173, 0.9120789449274302, 0.9158481560767067, 0.9149880863994388, 0.9189319810003778, 0.916304708679234, 0.9179144450448892, 0.9191067116912202, 0.9176234818493482, 0.9184478758948991, 0.9208464110815028, 0.9201979447877149, 0.9218797369841465, 0.9220619415163032, 0.9216918808369132, 0.9216713217427658, 0.9211058888610931, 0.9222814961583412, 0.917724202816526, 0.923211398409663, 0.9213640670606915, 0.9225752987301208, 0.9222753490344199, 0.924352309031816, 0.923738009731255, 0.9242078526247585, 0.9219728092245357, 0.9238340339178437, 0.923939753192291, 0.9244639352139292, 0.9222149743472358, 0.9236665770556176, 0.9242260015156419, 0.9234645270424564, 0.924427883678951, 0.9216703397708771, 0.925299104817943], "eval_aupr": [0.889391355091836, 0.9027191442395461, 0.9088843424174562, 0.9156120299335959, 0.9173897069444406, 0.9151242743674628, 0.920816863889671, 0.9191529790743607, 0.9192870336955519, 0.9219365685959542, 0.9207237956683803, 0.9250510423811162, 0.9190735040378357, 0.9259020728729779, 0.9229640624272614, 0.9269517440790119, 0.9259394931939474, 0.9293910106310755, 0.927467701493238, 0.928752320048027, 0.9303326769574876, 0.9287576073757484, 0.9297443092513005, 0.9310665587078362, 0.9293442593929973, 0.9318425334027832, 0.9322360654490179, 0.9313465726702995, 0.9309826332699006, 0.9307435554697007, 0.9324905253432468, 0.9283885212466338, 0.933125306923431, 0.931373049691103, 0.9327547718351652, 0.9323644578685067, 0.9339008897163359, 0.9334196562528095, 0.93350150538206, 0.9322471978783046, 0.9336755182892186, 0.9339026102142239, 0.9346483794011056, 0.931943527225476, 0.9336776959996318, 0.9341874575704815, 0.9333436755628319, 0.9336587017852515, 0.9317057680802168, 0.9349559807081536],