{"train_acc": [0.587107697889581, 0.728124811029812, 0.7797665840237045, 0.8074015843260567, 0.8141742758662394, 0.8214912015480438, 0.8308036524157949, 0.8404184555844469, 0.8367297575134547, 0.8403579851242668, 0.850577492894721, 0.8539033682046321, 0.8572292435145431, 0.858680534558868, 0.8642438168954466, 0.8713188607365302, 0.8742214428251799, 0.8734957973030175, 0.8777287295156316, 0.8788776682590554, 0.8773659067545504, 0.8846828324363548, 0.8845014210558142, 0.8888552941887887, 0.8870411803833828, 0.8906694079941948, 0.8931486968615832, 0.8938743423837455, 0.8921811694986999, 0.8956884561891516, 0.8984700973574409, 0.899377154260144, 0.8977444518352785, 0.9009493862248291, 0.9000423293221261, 0.9032472637116769, 0.9049404365967225, 0.9017355022071718, 0.9098990143314991, 0.9070569027030295, 0.907782548225192, 0.9067545504021286, 0.9089314869686158, 0.9109270121545625, 0.9116526576767249, 0.9107456007740219, 0.9142528874644736, 0.9128015964201488, 0.9151599443671766, 0.9161274717300598], "train_auc": [0.630284373935907, 0.7991142211394557, 0.854411020464521, 0.8782901830795892, 0.8864486760488227, 0.8941581290567178, 0.9009681857381399, 0.9058819627522083, 0.9091953072252432, 0.9129260540883991, 0.9182695053013042, 0.9206313969911105, 0.9267092552547915, 0.9276494820389866, 0.9305466161986704, 0.9366886564607344, 0.9377062146545583, 0.9377443537978543, 0.9421796180322747, 0.9434494284467254, 0.9430819104470973, 0.9470976514186153, 0.9476738779266582, 0.9488421351016438, 0.9502033551329802, 0.9520292071972768, 0.9527865708675745, 0.9540624367394844, 0.9525428387048458, 0.9554303265500509, 0.9581140862812004, 0.9580179156705878, 0.9573328957022048, 0.9583556536910207, 0.9591422780923495, 0.9610225122601074, 0.9628248080098198, 0.9616261272804502, 0.9642691150607126, 0.9639028842114625, 0.9651983425598614, 0.9653661767304275, 0.9656623675844049, 0.9666752086646283, 0.9676965259226237, 0.9675513850908201, 0.9699369501088813, 0.9690508787141602, 0.9696064961894497, 0.970248499007139], "train_aupr": [0.6298753818956361, 0.7783642639840246, 0.8280441045244591, 0.8524072775351591, 0.8599950627223734, 0.8677522629464661, 0.8736858039831286, 0.879354755778401, 0.8852058170279978, 0.8888931241277005, 0.8938566253995762, 0.897740688888795, 0.9058241966313444, 0.9069184275482417, 0.9101144212285027, 0.917911301921789, 0.9190814304661248, 0.9175166376257714, 0.9256941418589832, 0.92627637557721, 0.9276878438868893, 0.9312521846993728, 0.9322325700873183, 0.9335328539960283, 0.9362521047891434, 0.9386705210861502, 0.939852756708854, 0.9410334916659612, 0.9396223920440671, 0.9423358513063432, 0.9468658396760583, 0.9479334022560914, 0.9462979171928596, 0.947785539693202, 0.9491420329710953, 0.950106235740784, 0.953520580554243, 0.951887202777453, 0.9551131052594987, 0.955080327124115, 0.9560230779962805, 0.9569981406612059, 0.9582992560951751, 0.9588301416031544, 0.9599820819933832, 0.9599324908401881, 0.9633468522119883, 0.962002582748783, 0.9630092374586277, 0.9629805071614094], "train_loss": [121.06065982855283, 94.56798671621543, 82.98138810762993, 75.03889157496965, 71.18859137113277, 67.84831367914494, 65.52669312541302, 62.7654244528367, 61.94677163362503, 60.24666500848073, 58.490907006080334, 57.44567270118456, 55.02962238513506, 54.28528472322684, 53.243425466922616, 51.15335600605378, 50.693661749821445, 50.606938577615296, 48.98595404258141, 48.2442724188933, 48.22459463958557, 46.29944573617899, 46.27977287081572, 45.62512391117903, 45.309125878719186, 43.85471155505914, 43.49413712391487, 44.47916387778062, 43.37815027168164, 41.92201121197297, 39.91572906925128, 40.796979335065075, 40.44709382653237, 39.81940688995215, 39.83379468757373, 38.67358737645241, 37.98807938236457, 38.26627034797118, 37.116786305950235, 36.921486769960474, 36.64682236818167, 36.23431749045849, 36.63235208965265, 35.44590895886605, 35.1173962816596, 35.282281415279094, 33.9412257873095, 35.08632339995641, 34.48619705920036, 34.257081745450314], "eval_acc": [0.6894049346879536, 0.760522496371553, 0.8104136429608128, 0.8187590711175616, 0.815856313497823, 0.8305515239477503, 0.8167634252539913, 0.8388969521044993, 0.8403483309143687, 0.8358127721335269, 0.841799709724238, 0.8385341074020319, 0.8329100145137881, 0.816400580551524, 0.8488751814223512, 0.8494194484760522, 0.8535921625544267, 0.8436139332365747, 0.8610304789550073, 0.8662917271407837, 0.8630261248185777, 0.8615747460087083, 0.852322206095791, 0.8530478955007257, 0.8701015965166908, 0.8630261248185777, 0.8686502177068215, 0.863388969521045, 0.8606676342525399, 0.8691944847605225, 0.863933236574746, 0.8673802612481858, 0.8708272859216255, 0.8697387518142236, 0.8710087082728593, 0.8735486211901307, 0.8675616835994194, 0.8690130624092888, 0.8702830188679245, 0.8733671988388969, 0.8798984034833092, 0.8759071117561683, 0.8739114658925979, 0.8677431059506531, 0.872278664731495, 0.8762699564586357, 0.8769956458635704, 0.8748185776487664, 0.8775399129172714, 0.8764513788098693], "eval_auc": [0.7581199052284949, 0.8648830654653289, 0.8833705130858511, 0.8897962644354601, 0.892167724393762, 0.9009565755236104, 0.898974950010085, 0.904602337268805, 0.9084133935582129, 0.9070782665388021, 0.913504544513801, 0.915639220531228, 0.9152400384857835, 0.9123582785247958, 0.9205537544967225, 0.92228101994699, 0.9227349710329705, 0.909934221855691, 0.9247615571891475, 0.9300415033469677, 0.9301688150349442, 0.9290452597658727, 0.9283694677344523, 0.9246921742940455, 0.9320052894254149, 0.9315831991755152, 0.9330265477125236, 0.9315580528131537, 0.9312013957679329, 0.9323882777401241, 0.9319090486354347, 0.9344869457465257, 0.9320357020416739, 0.935329678026503, 0.9346212352209166, 0.9369983564021587, 0.9327625109077283, 0.9397777535530099, 0.9368017934754274, 0.9382906951086507, 0.9404636831231834, 0.9377915858954975, 0.940266264430194, 0.935897051055805, 0.938236584349852, 0.9403268921781911, 0.9407335786354398, 0.9426724158360469, 0.941167583784783, 0.9407537220565984], "eval_aupr": [0.7432119983177035, 0.8445550962883368, 0.8593683331022168, 0.8582854610625573, 0.8609840192253589, 0.873144735782985, 0.8679078917319794, 0.8766042361665697, 0.8804976714407078, 0.8724455833636738, 0.8844370062298387, 0.8885598079005411, 0.8918042769120464, 0.889038369247949, 0.8977711631887753, 0.8965605053532476, 0.8959568729775884, 0.8785099482866715, 0.9020144064202937, 0.9089337568860135, 0.9071019565651085, 0.9076717794574471, 0.9081351493803058, 0.9065304477956484, 0.9111925947983638, 0.9133987423897943, 0.9129682487175179, 0.9115400889372959, 0.9108984670172988, 0.9140251500350135, 0.9102249536037826, 0.9157130059953359, 0.9117200236032481, 0.9156010598424176, 0.915993974378646, 0.9206146913697452, 0.9145025813991037, 0.9252196494001823, 0.9209047126487473, 0.9215128701219254, 0.9232974917604047, 0.9220675840611672, 0.9251632209457799, 0.9196559061882545, 0.9209362916540046, 0.9265114710074519, 0.9254812691018326, 0.927917149037609, 0.9259655855122214, 0.9257029993413315],