{"train_acc": [0.5259110933119744, 0.5562675210252302, 0.6027232679215058, 0.6293151782138566, 0.657989587505006, 0.6680816980376452, 0.6853023628354025, 0.6941129355226272, 0.7033239887865439, 0.7196635963155787, 0.72110532639167, 0.7393672406888266, 0.7408890668802564, 0.7529034841810173, 0.7593912695234281, 0.7689227072486985, 0.7698037645174209, 0.7774128954745695, 0.7818181818181819, 0.7858229875851022, 0.7902282739287144, 0.7932719263115738, 0.7963956748097717, 0.7971966359631558, 0.8055266319583501, 0.8047256708049659, 0.812815378454145, 0.8080096115338407, 0.8178614337204646, 0.8127352823388065, 0.8193832599118943, 0.8167400881057268, 0.8221866239487385, 0.8244293151782138, 0.8279535442531037, 0.8305166199439327, 0.8275530636764117, 0.8248297957549059, 0.8301962354825791, 0.832358830596716, 0.836283540248298, 0.8410092110532639, 0.8409291149379255, 0.8418902683219864, 0.8430917100520625, 0.8461353624349219], "train_auc": [0.5405744938392993, 0.5796975551022975, 0.6398450037288957, 0.6688245698933702, 0.7052536226768209, 0.7209872781114459, 0.7384069592363016, 0.7489280804465946, 0.7644977543190369, 0.7781986673529718, 0.7862371269660138, 0.8041186263800444, 0.8083039364560216, 0.8220268249447084, 0.8289827751970026, 0.8403533401535973, 0.8409271023334801, 0.8500359540004443, 0.8534419697811825, 0.8595827744268347, 0.8631941426171073, 0.8634434459361454, 0.8701426094055461, 0.8703588981979358, 0.8763733183065037, 0.8774900231178702, 0.8879477723537997, 0.8830229471498016, 0.8922518551417045, 0.889869289687068, 0.8916463492120541, 0.8940216237447869, 0.8956988951942813, 0.89581091610177, 0.901513456757003, 0.9012401498746553, 0.9002614462981242, 0.8983934427912936, 0.9036756386937441, 0.9040714792741424, 0.9076142383489656, 0.9118304963346431, 0.9121482932439596, 0.9116476199889352, 0.913963039646955, 0.9172222229353405], "train_aupr": [0.5482689406986228, 0.5762857667492755, 0.6243399971278881, 0.6440902579408221, 0.6731806681742206, 0.6834245869659679, 0.6977926875466856, 0.7078289834140634, 0.732102626082306, 0.7404758066786323, 0.7529148571286404, 0.766191424489016, 0.7774350586878537, 0.788117683439372, 0.7981423115788914, 0.8096903633565118, 0.8133550491245971, 0.823056727339528, 0.8261957528677746, 0.8335485064821665, 0.8377241648813769, 0.8338470655857291, 0.8434262625624956, 0.8465206876027358, 0.8518262320995427, 0.8510802392551884, 0.8649497996728175, 0.8603359081659798, 0.8713622945795987, 0.8699019313831005, 0.8703933658506258, 0.8738363246665853, 0.8731275702031107, 0.8758715111521221, 0.8808382453796286, 0.8811387637234329, 0.8810560589368064, 0.876526634054124, 0.8861651328096076, 0.8848429765170196, 0.8893633234835305, 0.8933752613994486, 0.8953274839068828, 0.8930792031521069, 0.895968388457397, 0.9002606738749739], "train_loss": [127.07535077722706, 109.40722182271432, 102.54214702333722, 99.04319059787964, 94.47839393299454, 92.24814126929458, 88.52539983695867, 86.31943645039384, 84.36563511527315, 82.04646853099064, 80.60495525476884, 78.06800662863012, 79.25421176820385, 75.72654248196251, 74.02295977485423, 72.27713093769793, 71.50569519096491, 70.31344665982286, 68.78347086237402, 68.46088800685746, 68.67850860162658, 66.88158918278558, 66.1255598795049, 65.1419877750533, 63.46706507035664, 63.782137699273164, 61.34799080174796, 62.264823519453714, 60.289380128286325, 60.938268086131735, 59.896115735781436, 60.64727946507688, 59.154193846546875, 59.230224669587855, 57.8696811126203, 57.815378968508874, 58.06068018595783, 61.8161293052289, 57.75085056557947, 57.58483710885048, 56.23891866511228, 55.05002269179237, 55.46999526936181, 55.32449226902456, 53.86467625170338, 53.514485785243465], "eval_acc": [0.5640471040615237, 0.5940879596250901, 0.6207642393655372, 0.6536890170632059, 0.6820475847152127, 0.68084595049267, 0.6945445806296563, 0.6962268685412161, 0.7055996154770487, 0.7031963470319634, 0.7238644556596971, 0.738284066330209, 0.7221821677481375, 0.7221821677481375, 0.7284306657053593, 0.7519826964671954, 0.7495794280221101, 0.760394136024994, 0.7712088440278779, 0.7606344628695025, 0.768084595049267, 0.7627974044700793, 0.764479692381639, 0.763999038692622, 0.7673636145157414, 0.7748137466955058, 0.7788993030521509, 0.776255707762557, 0.7796202835856765, 0.7825042057197789, 0.776255707762557, 0.7774573419850997, 0.783465513097813, 0.779379956741168, 0.7906753184330689, 0.779379956741168, 0.7825042057197789, 0.7937995674116799, 0.7873107426099495, 0.7885123768324922, 0.791155972122086, 0.7851478010093728, 0.7892333573660177, 0.7921172795001201, 0.7945205479452054, 0.7904349915885605], "eval_auc": [0.5955761862345071, 0.6374285421087884, 0.6709718596778959, 0.7112148962459386, 0.7352815349619592, 0.7389850725984902, 0.7526187551916322, 0.7437922293197962, 0.764979173378905, 0.7751053118399953, 0.7819757162198955, 0.8096759774367099, 0.7976306973901892, 0.7910698841650653, 0.8148108685794215, 0.8249097343594641, 0.8303988236691742, 0.8384477314445229, 0.8395950330438577, 0.8386601347825142, 0.844037244312837, 0.8369037047857084, 0.8432107434024381, 0.84122492242309, 0.8446523819451153, 0.8483370829417701, 0.8468276093830968, 0.8532873056763695, 0.8503591904543768, 0.8557878407293917, 0.8510472478397957, 0.8540171965810228, 0.8524573378997354, 0.8576966972783253, 0.8661995334060297, 0.8558070240558914, 0.856583602092508, 0.8614095954536904, 0.8552285196434952, 0.8610641800144869, 0.8600037811954403, 0.8564086409098537, 0.8626265810643465, 0.860763949398545, 0.8620611351814351, 0.8620406806706491], "eval_aupr": [0.5975650718538756, 0.6365266605771566, 0.652284564978469, 0.681349468694472, 0.6965565752047299, 0.7077209814054248, 0.719708818611406, 0.701330073597312, 0.7325442434396908, 0.7450732183721991, 0.7422368383739247, 0.7810632618387214, 0.7729049107025192, 0.75900673390901, 0.7853548376705695, 0.7965668756573688, 0.8042343733992146, 0.8111591991262298, 0.8077856422733287, 0.8123525583737432, 0.8175178312903254, 0.8099846224615921, 0.8161905864967183, 0.8152516229829783, 0.8208142067341593, 0.8188406927973384, 0.8202329879078223, 0.8280492927102352, 0.820741388858764, 0.829790774000309, 0.8220802539598117, 0.8298951606935987, 0.8254514694359423, 0.838711222302276, 0.8427658091745801, 0.8303377608838564, 0.8284870692553608, 0.8335106753666197, 0.8260089126142387, 0.8347311959846905, 0.8282286720539098, 0.8277204277802, 0.8361848872142424, 0.8341092154840791, 0.8329248952549133, 0.8369859175749866], "eval_loss": [0.8593448524691686, 0.8138556405919815, 0.7507261766089008, 0.7215268440012804, 0.7059448933091423, 0.6838509357196154, 0.6572108015478932, 0.654308811929529, 0.6507655682543154, 0.628838225787318, 0.6189865077868358, 0.584012433574968, 0.6075742249017838, 0.6350079185829172, 0.5918050966879348, 0.5776625204991618, 0.5824744654257576, 0.5576897863512629, 0.5410111939583339, 0.5684598127800351, 0.5402224984085351, 0.5612076568763951, 0.5510613084612944, 0.5424817480223879, 0.5456284029470616, 0.5453680775338026, 0.5502427936860845, 0.53481078739494, 0.5346315117645539, 0.535849418964732, 0.5404634058289275, 0.5293509663798666, 0.5306685038897545, 0.5279931310592033, 0.5155477192332555, 0.5210227035209841, 0.5303410488491704, 0.5335606810666139, 0.5413248782489083, 0.5206556927266817, 0.516138225399912, 0.5186892282974259, 0.5134171492003157, 0.5185799657567938, 0.5193639293624587, 0.5255939394228448]}