{"train_acc": [0.5195034040849019, 0.5515418502202644, 0.5937525030036043, 0.6282739287144573, 0.657589106928314, 0.67889467360833, 0.689547456948338, 0.705326391670004, 0.7175010012014418, 0.7374449339207049, 0.7436123348017621, 0.7500200240288346, 0.7581097316780137, 0.7717260712855426, 0.7802162595114137, 0.7840608730476571, 0.7915098117741289, 0.7932719263115738, 0.7960752903484181, 0.8030436523828595, 0.8058470164197037, 0.8145774929915899, 0.8092110532639167, 0.8167400881057268, 0.823067681217461, 0.8233079695634762, 0.8232278734481377, 0.8304365238285943, 0.8293151782138566, 0.8322787344813777, 0.836283540248298, 0.8352422907488987, 0.8373247897476972, 0.8411694032839407, 0.8376451742090508, 0.8434120945134161, 0.842611133360032, 0.8507008410092111, 0.8449339207048459, 0.8511814177012414, 0.8495794953944734, 0.8483780536643972, 0.8530236283540248, 0.855026031237485, 0.857188626351622, 0.8530236283540248, 0.8574289146976372, 0.8573488185822987, 0.8551862234681618, 0.8559070885062074], "train_auc": [0.5254253189812133, 0.5766859327976934, 0.6295956792685945, 0.6772473657135573, 0.7106113442253235, 0.7357742781464938, 0.7535646552678001, 0.7744192036546037, 0.7890671599469855, 0.8072320207893275, 0.8150184043075871, 0.8281214323346399, 0.834937552073313, 0.8467394372203085, 0.8504029185033365, 0.8610321641133639, 0.8649777725542943, 0.870331038782979, 0.8731343653341701, 0.8763708114341097, 0.8814166759985945, 0.8895775175654608, 0.8865939448906398, 0.8918763167067901, 0.896169863577226, 0.8985479648515695, 0.8984945020182893, 0.9046999901982667, 0.9039314732015525, 0.9085237059465613, 0.9089359024657188, 0.9087784149503492, 0.9113054676574376, 0.9160613236283337, 0.9113168148710319, 0.9167691124943758, 0.916308305231009, 0.9234627105659041, 0.9184194389167427, 0.9216691833348761, 0.921932107515927, 0.9214228178704956, 0.9266078783447259, 0.9272050575506541, 0.9277506223381863, 0.9281964112306197, 0.9318728314178364, 0.9306138426661085, 0.9299089547845371, 0.9328664956164072], "train_aupr": [0.5338160748712157, 0.5816218726737489, 0.6258137111071711, 0.6616011508485145, 0.692999931051085, 0.7124352702744003, 0.728249238323488, 0.7472664644667708, 0.7648478330032408, 0.782488025695586, 0.7851112736560915, 0.8047207594402688, 0.811138253745072, 0.822459343455524, 0.8226207947699481, 0.8374848357239493, 0.8418682277682163, 0.8466505672648106, 0.852661093143894, 0.8546655989010098, 0.8644862025498125, 0.8695916980731915, 0.8660676731969672, 0.8746432221022185, 0.876832076809805, 0.8802695708695775, 0.8826736528644392, 0.8890558304156964, 0.8886215217768867, 0.8947944990935212, 0.8924127416015137, 0.8938628230387803, 0.8970890301098512, 0.9027506851730298, 0.895658898510476, 0.9032531716146304, 0.9034598580341697, 0.9127024900538274, 0.9085004252862801, 0.9113096861932801, 0.9103591703882888, 0.9096000544099951, 0.9172796991145806, 0.9166884297574242, 0.919134716741203, 0.9205635211463575, 0.9216192988144046, 0.9221172600074382, 0.9212226144248177, 0.9267486315485638], "train_loss": [120.75025973332171, 110.07671387463199, 105.50683442670471, 100.40348562902334, 97.1487148604831, 93.80781642879758, 91.53871900512247, 87.7737225975309, 85.22597125598362, 81.82469951315802, 80.85098116130246, 78.1375368273988, 76.09465851710767, 73.44600431651486, 72.46823195839414, 70.64243329361993, 69.72268779788699, 68.92792032202895, 68.01834406901379, 66.61110900859444, 65.16221031120845, 63.35397275491636, 64.86505716826234, 62.46207854820757, 62.212559961542794, 61.18308228315139, 61.08692910050859, 59.31579326823049, 59.24443221092224, 57.51709502083914, 58.766819478601825, 58.12099542483992, 57.01143916346589, 55.73865505657634, 56.62239588492987, 54.79796278659178, 54.51092600183828, 52.63032950065574, 54.257554181984496, 53.11007840779363, 52.764409071936896, 53.3510978547286, 51.229905922802125, 50.87151636426546, 51.547053480026676, 50.606847545930314, 49.664168091148746, 49.83899714569656, 49.75836577920281, 49.392735355970814], "eval_acc": [0.5430081691494474, 0.5795290725612686, 0.6218164344065353, 0.6314271984622778, 0.6585776069197501, 0.6643440653531956, 0.6869293608841903, 0.6874098990869774, 0.7099951946179721, 0.7039884670831331, 0.7304180682364247, 0.7280153772224892, 0.733061028351754, 0.7383469485824123, 0.7419509851033157, 0.7474771744353677, 0.7650168188370976, 0.7563671311869293, 0.7630946660259491, 0.7580490148966843, 0.7599711677078328, 0.7676597789524268, 0.7695819317635753, 0.7719846227775108, 0.7710235463719366, 0.7748678519942336, 0.77462758289284, 0.7698222008649688, 0.7772705430081691, 0.7782316194137434, 0.7772705430081691, 0.7851994233541566, 0.7830370014416146, 0.7823161941374339, 0.7734262373858721, 0.7842383469485824, 0.7900048053820279, 0.7830370014416146, 0.7868813070639116, 0.7796732340221048, 0.7741470446900529, 0.7791926958193176, 0.7856799615569438, 0.7815953868332532, 0.7796732340221048, 0.7868813070639116, 0.786641037962518, 0.7912061508889957, 0.7854396924555502, 0.7885631907736665], "eval_auc": [0.5718948012577167, 0.6152802961192221, 0.6695316273782299, 0.6987816707505573, 0.7120310793044811, 0.7394217146241785, 0.7518866096053938, 0.7495223268728008, 0.7807476303462602, 0.7747711431143572, 0.8023164403412774, 0.8041384246015695, 0.8004339311822661, 0.8124314907813881, 0.8175590123537786, 0.8213495573943523, 0.8349968825056938, 0.832427808465031, 0.8317429761663575, 0.8350199836120752, 0.8317150238276362, 0.8391474582892199, 0.8356296218094774, 0.8427047976608744, 0.8409158479827074, 0.8409634362618529, 0.8452890029262172, 0.8383540507905545, 0.8473339128630888, 0.8517271657691502, 0.8472346936111812, 0.8573781584121408, 0.8548228295297747, 0.8548760775799835, 0.8451138965398469, 0.8538896603375024, 0.8591151306009499, 0.8519752716516852, 0.855169230619962, 0.855494032175683, 0.8448495043773131, 0.8558858269399096, 0.8568609246402638, 0.8548659130931757, 0.8543417489893843, 0.8576387388921218, 0.8591844339200937, 0.8598176352460049, 0.8594163690281619, 0.8613984439556763], "eval_aupr": [0.5758590600796122, 0.6133683550029322, 0.6562619127831337, 0.6750712684318023, 0.6882384940455759, 0.7131133336750716, 0.7193756299631882, 0.7198868718221341, 0.7537215458967436, 0.7476547769291599, 0.7734544421536907, 0.7853390186658298, 0.7661870725915287, 0.7850704866054207, 0.7894389501297672, 0.7912928599337921, 0.8106909310857356, 0.8029513012266745, 0.8048797958405448, 0.8063382130065203, 0.7984751401680195, 0.8074031320440304, 0.7978934592270992, 0.8076800632119479, 0.8093043028433499, 0.810168648219453, 0.8194087631412531, 0.8040830335393525, 0.815116889899378, 0.82124391082897, 0.8209834379536062, 0.8340257387802642, 0.8280907384878529, 0.8216683701658837, 0.8150937515605314, 0.8217261566412972, 0.8298192594183513, 0.8181365295435952, 0.8216818415211458, 0.8238135100666067, 0.8122114296434575, 0.8316528524281867, 0.8259970926728978, 0.8229562415884366, 0.821502812255775, 0.8279595513267962, 0.8298530795007185, 0.8266035994905725, 0.8334379444964803, 0.830697609529905],