{"train_acc": [0.5183019623548258, 0.5638766519823789, 0.6059271125350421, 0.63668402082499, 0.660152182619143, 0.6867440929114937, 0.6971565879054866, 0.7162995594713656, 0.7260712855426512, 0.7301561874249098, 0.7440128153784541, 0.7533039647577092, 0.7597917501001201, 0.7678814577492992, 0.7806167400881058, 0.7813376051261514, 0.7950340408490189, 0.7859831798157789, 0.796635963155787, 0.8035242290748899, 0.805126151381658, 0.8108129755706848, 0.8107328794553464, 0.8156187424909892, 0.8172206647977573, 0.8185822987585102, 0.8209851822186623, 0.8255506607929516, 0.8312374849819784, 0.8290748898678414, 0.8377252703243893, 0.8387665198237886, 0.8380456547857429, 0.841810172206648, 0.8399679615538647, 0.8423708450140168, 0.8463756507809371, 0.8462955546655987, 0.8510212254705647, 0.8464557468962756, 0.8557468962755307, 0.8543051661994393, 0.8540648778534241, 0.8563876651982378, 0.863516219463356, 0.8527833400080096, 0.8575090108129756, 0.8622346816179415, 0.8611133360032038, 0.8665598718462154], "train_auc": [0.5267351391422543, 0.5925295311233787, 0.6454352085142918, 0.6871003540895435, 0.7127080500059894, 0.7459897098743401, 0.7605971294014161, 0.7801240537977044, 0.7962344014963535, 0.7996441621641076, 0.8146548313688534, 0.827061327889957, 0.8354153544846422, 0.8441271648853339, 0.854180475224386, 0.8586885794197384, 0.8719521884898487, 0.8674051135473563, 0.8741574758087418, 0.8792865318792266, 0.88203158201671, 0.883582645992557, 0.8881254849842734, 0.890855041810888, 0.8941991324053983, 0.8940999854848087, 0.8990236107788672, 0.9011281851590052, 0.9051566642005732, 0.9051175907637172, 0.9122710333825268, 0.9115033379035391, 0.9144541910676686, 0.9149377184306526, 0.9166326635345277, 0.915410591735624, 0.9181608020313259, 0.920445224612445, 0.9242369781867019, 0.9192926480786986, 0.9290106508232867, 0.9273144477703932, 0.9274218483768889, 0.9294750522267058, 0.9344223218278236, 0.9294129634572998, 0.932155882783181, 0.9331230658712937, 0.9345545861817535, 0.9375517138990583], "train_aupr": [0.5405112405658012, 0.5927301317277193, 0.6339792209159395, 0.6676804182507653, 0.6869204030877285, 0.7157450802687615, 0.730899355118383, 0.7451617357507543, 0.7699239189379237, 0.7728262038552713, 0.786559725601334, 0.8040122184245906, 0.8115938088895454, 0.8191460123134333, 0.8307957751349218, 0.8404015233157105, 0.8515302575017043, 0.8473113467090378, 0.8559284577084031, 0.8589635638032715, 0.8605964165502848, 0.863114098184888, 0.8674329668932692, 0.8715539622656558, 0.8748018487111764, 0.875916619535285, 0.8823838985931302, 0.8875997164447358, 0.8905774337164301, 0.8898382174076437, 0.8992477365384197, 0.8963172940099688, 0.9015610702289909, 0.9036471217168289, 0.9045241797395734, 0.9010608745733419, 0.9040530919714376, 0.9089276601685718, 0.9118903940560038, 0.906482956639157, 0.9189607443877396, 0.9176841438885901, 0.9181441577298572, 0.9198057960162371, 0.926366580232588, 0.9221152776663183, 0.9238832289824073, 0.924072596572606, 0.9281156418513017, 0.9296580139071551], "train_loss": [123.52264913186735, 109.26972359783795, 101.84534284229181, 97.98414938668816, 93.25667695974818, 89.75994503923825, 86.48953836548085, 83.46713497626538, 80.84390311338464, 83.2373470870816, 78.84401547787141, 76.33990351825344, 73.60983569828831, 71.29661306373927, 70.23561502841054, 70.18324507742511, 66.24633508008354, 67.18855772699628, 65.56888975142216, 64.29939976060876, 63.32868892380169, 63.17408946460607, 61.986617963533014, 61.972414634361556, 60.33528274328125, 60.087129429590945, 59.08868935856284, 58.5091911469187, 57.656224245319564, 57.37546516133814, 55.307672098583105, 55.208851441436884, 54.78235853873954, 54.55647385759013, 53.854997636712326, 54.038021103764066, 54.12161261786004, 53.409780381285415, 51.650137088128496, 53.19546698885305, 50.66555744470382, 50.60410123181586, 50.7453320269682, 49.85019882692366, 48.76176238029587, 50.15398840758265, 49.42349390533506, 49.04457908990432, 48.12069288534777, 48.037693081461654], "eval_acc": [0.567275348390197, 0.5975492551657857, 0.6261412782316195, 0.6347909658817876, 0.6734742912061509, 0.6768380586256607, 0.695338779432965, 0.7020663142719846, 0.7087938491110043, 0.7148005766458434, 0.7184046131667468, 0.7167227294569918, 0.7354637193656895, 0.7481979817395483, 0.7457952907256127, 0.7506006727534839, 0.7506006727534839, 0.7558865929841423, 0.7513214800576646, 0.7599711677078328, 0.7614127823161941, 0.7642960115329168, 0.7657376261412783, 0.7662181643440653, 0.7739067755886593, 0.7683805862566074, 0.7794329649207112, 0.7748678519942336, 0.7765497357039884, 0.7796732340221048, 0.7827967323402211, 0.7782316194137434, 0.7842383469485824, 0.7794329649207112, 0.7767900048053821, 0.7839980778471889, 0.7741470446900529, 0.7799135031234983, 0.7847188851513696, 0.7837578087457953, 0.7868813070639116, 0.7856799615569438, 0.7835175396444017, 0.7808745795290726, 0.7861604997597309, 0.7859202306583374, 0.7830370014416146, 0.7842383469485824, 0.7854396924555502, 0.786641037962518], "eval_auc": [0.597896598061771, 0.639140620361731, 0.6761425864968951, 0.6914938492149205, 0.7252964276218081, 0.7346276575224018, 0.7436005892630215, 0.759636915290784, 0.7721503225954, 0.7742809376369464, 0.7884832668290982, 0.7815508558151376, 0.7972695416301573, 0.8176689736201537, 0.8192296843672734, 0.8187215755324169, 0.8187809453758169, 0.8272949736381726, 0.8211935094207468, 0.8322968251918489, 0.8359477240443477, 0.833516563608781, 0.8377394458552804, 0.8401849289768034, 0.8403942250006179, 0.838373455719915, 0.8428052874736329, 0.8495716015327122, 0.8444870480181907, 0.8459019907840446, 0.8436879807484621, 0.8517664376499984, 0.8522178332686887, 0.8511796695479137, 0.8461325398257299, 0.8482093292894075, 0.847719816845188, 0.853080428580966, 0.8547136768021231, 0.853518656569019, 0.8552355307952764, 0.8551112468429449, 0.8521134162678454, 0.8574287498351159, 0.856619749089643, 0.853220998813296, 0.8478553048341144, 0.8527821932975836, 0.8519380788704113, 0.8552463883152754], "eval_aupr": [0.5928535333626554, 0.6339608009437607, 0.6663806567602801, 0.6694416186320833, 0.6878711494455815, 0.7011627985640577, 0.7033106876602295, 0.7288336524680639, 0.7405566291528338, 0.7404106865098604, 0.7575256054740258, 0.75674295901731, 0.7716086869109824, 0.7953219644282498, 0.7962595451493928, 0.7873814205401954, 0.788970612930805, 0.7995945388277311, 0.7911551689060227, 0.8023950533684538, 0.8027724153275644, 0.8046192159902804, 0.8056051118710121, 0.8106037047013299, 0.815199365359264, 0.8100281185061551, 0.8138023692889833, 0.8262949014881822, 0.8183293800849293, 0.8156928705925447, 0.8134397355908851, 0.8216553589180784, 0.8276345386142651, 0.8229432034727611, 0.8146335964299574, 0.8196555852841321, 0.8208104820341331, 0.829779816828287, 0.829646693524427, 0.8258070264907915, 0.8283243169937424, 0.827905662366083, 0.8255722064234756, 0.8332630118003954, 0.8306845522233041, 0.8243469342593244, 0.8172048612213091, 0.8240957293947133, 0.824905370292851, 0.8285882786994583],