{"train_acc": [0.7039245576279293, 0.7868469033955046, 0.7982275227164036, 0.8016499282639885, 0.8073663916786227, 0.8105870396939263, 0.8146670253467241, 0.8165500956480153, 0.818238880918221, 0.8200845887135342, 0.820704806312769, 0.8216089789574367, 0.8222964490674318, 0.8233276542324247, 0.8245755619320899, 0.8243663318986131, 0.8253527020564323, 0.8270489598278336, 0.8273553323768532, 0.8296792802486849, 0.8290441176470589, 0.8292384026781444, 0.8304937828790052, 0.8305311453849833, 0.8322423481587757, 0.8310990554758488, 0.8325711382113821, 0.8330419057867049, 0.8328476207556194, 0.8323170731707317, 0.8333856408417025, 0.8334977283596365, 0.8338937709230033, 0.834237505978001, 0.835806731229077, 0.8361355212816834, 0.8358515662362506, 0.8359785987565758, 0.8361579387852702, 0.8360757412721186, 0.8356647537063606, 0.837151781444285, 0.8362849713055954, 0.8363821138211383, 0.836479256336681, 0.836255081300813, 0.8362849713055954, 0.8371741989478718, 0.8379214490674318, 0.8368603538976567], "train_auc": [0.7840948300748225, 0.8613771311262503, 0.8721011979895333, 0.8784134261947238, 0.8839793644753162, 0.8893931613271839, 0.8941255360242029, 0.8964128100993294, 0.8976528393535461, 0.8998976449592329, 0.9007459266184517, 0.9017433243887029, 0.9023191993626654, 0.9037987895541537, 0.9047320375231844, 0.9056126111263849, 0.9064692588108615, 0.9074636439945478, 0.9085406097419457, 0.9090363401527428, 0.9095682243942365, 0.9100270567618196, 0.9110434860027151, 0.9110572792848644, 0.9118169663748954, 0.9123065186156908, 0.9131059078353854, 0.9133848166643095, 0.9140694806776771, 0.9136701453312855, 0.9135482719324592, 0.9144727076167452, 0.9149768098599806, 0.914910077538582, 0.9155428700288248, 0.9157490510691817, 0.9159794782049262, 0.9162333029176447, 0.9164886044410372, 0.9164229953623607, 0.9166750041027283, 0.9170170056026676, 0.9168273070157416, 0.9171647329041466, 0.9168892713069134, 0.9169804849145102, 0.9166282232433782, 0.9175892395861278, 0.9175396843462901, 0.9176483112313472], "train_aupr": [0.8000772193175076, 0.8799231105295424, 0.8902818287294016, 0.8959945865594307, 0.9008688990726461, 0.904842729563418, 0.908195795568946, 0.9101194071356393, 0.9114626303587274, 0.9131232447417046, 0.91376681051322, 0.9149694797690507, 0.9149100560349471, 0.9159888960187751, 0.9168210482366428, 0.9178427432461648, 0.9181648338104742, 0.919326297735062, 0.9197941379636457, 0.920743350019555, 0.9211920084950299, 0.9214931181700681, 0.9222332266889008, 0.9222630879971913, 0.9232227111621427, 0.9232909394517264, 0.9238741758377788, 0.9242082942714555, 0.9245108405169067, 0.9243734901122151, 0.924278161516714, 0.9249038463362461, 0.9256568104954401, 0.9255862180767739, 0.9257606744865466, 0.9263354850438615, 0.9265484600499858, 0.9266799828904579, 0.9266465618732577, 0.9267535044719106, 0.9267365893454577, 0.9270272012102393, 0.9270331289515765, 0.927287528626104, 0.9270259808105108, 0.9272567820258575, 0.9269265618735445, 0.9279004430174901, 0.9277430271541884, 0.9276934598423849], "train_loss": [85.95049929208555, 68.11670034565388, 64.35331655688313, 62.08070094179697, 60.47961725559563, 59.027472326450095, 57.66758161657855, 57.00696191733016, 56.25823991567637, 55.70046267317996, 55.15117132139479, 54.86743004144264, 54.627079285353595, 54.121241080829336, 53.93408757277246, 53.51975573909898, 53.326782098919665, 52.89210045816338, 52.66999282982792, 52.47048796112177, 52.22754526958867, 52.09511721521673, 51.65950209324036, 51.61422405461736, 51.37894017746526, 51.221774684767425, 51.07152753760664, 50.895327881690875, 50.77763119801509, 50.71900322514784, 50.660267042156384, 50.58072843423993, 50.12496870197712, 50.18062725760057, 50.054127642119134, 49.983879485048256, 49.8439794908746, 49.72645036029998, 49.64542999778149, 49.65331975451847, 49.51725106211967, 49.46394127869469, 49.380867969009664, 49.28856861522959, 49.3679006168081, 49.346852308021674, 49.40199456114614, 49.208125756302024, 49.160591867640186, 49.06099305599643], "eval_acc": [0.7878183285509326, 0.8002376255380201, 0.8007308106169297, 0.8106841822094691, 0.8121861549497847, 0.8205478837876614, 0.8223188665710186, 0.819583931133429, 0.8193373385939742, 0.8230362266857962, 0.8269144548063128, 0.8269368723098995, 0.824538199426112, 0.8277439024390244, 0.8262867647058824, 0.8279680774748924, 0.8324291606886657, 0.8270713773314203, 0.8336397058823529, 0.8320256456241033, 0.8332810258249641, 0.8334603658536586, 0.8330568507890961, 0.8330344332855093, 0.8350071736011477, 0.836329806312769, 0.8320928981348638, 0.8337966284074605, 0.8337966284074605, 0.8340656384505022, 0.8394458393113343, 0.8348950860832137, 0.8369126614060258, 0.8374058464849354, 0.8358590387374462, 0.8376524390243902, 0.8366436513629842, 0.8381232065997131, 0.8380783715925395, 0.8372937589670014, 0.8386388091822095, 0.8387060616929699, 0.839019906743185, 0.8384594691535151, 0.8399838593974175, 0.8356796987087518, 0.8359487087517934, 0.8385715566714491, 0.8396251793400287, 0.8386163916786227], "eval_auc": [0.8682742323082477, 0.8756646321442043, 0.8831334801765587, 0.8886205069147546, 0.8924913898453406, 0.8988378460191531, 0.9024622087766874, 0.8999212404270505, 0.9037746388305383, 0.906311612956751, 0.9066544618583383, 0.9075791165403353, 0.9056242678128132, 0.9084671327154165, 0.9080909108408604, 0.9089763630340704, 0.9124180337913151, 0.9099188489988478, 0.9144315937838353, 0.9126545945381184, 0.9125743170798606, 0.9154198303918052, 0.9145464432861603, 0.9149674458930876, 0.915128642056343, 0.9161180325064094, 0.9155545545227137, 0.917100658707949, 0.9154430308596717, 0.9161003680683921, 0.9187092372111518, 0.9185376464181396, 0.9179232355527069, 0.9190374098041232, 0.9178480619360566, 0.9172701920839131, 0.9180729998344256, 0.9180162113045586, 0.9181833626197488, 0.9184862913990504, 0.9187377013297665, 0.9197916747743842, 0.9190541334788981, 0.9183999381781858, 0.9193441669671749, 0.9195844374972341, 0.9181309653234347, 0.9193233807229282, 0.9207482671623517, 0.9193047956234472], "eval_aupr": [0.8868456214698326, 0.8941411451339547, 0.9008858897118261, 0.9046909354775721, 0.9075087373314018, 0.9131325887126323, 0.9157870527133788, 0.9139268331206905, 0.9163324276121464, 0.9197142806488505, 0.919538521347197, 0.9199966512801963, 0.9174634581122607, 0.9209583328746962, 0.9203178974016122, 0.9208644030777782, 0.9235097313921602, 0.9214671687170923, 0.9255035665127114, 0.923935097060758, 0.9242332682172731, 0.9264053405610028, 0.9255204979418504, 0.9265549712307763, 0.9256767624294572, 0.9271310371437611, 0.9262141437838155, 0.927539315418392, 0.9264741474184837, 0.926459303399374, 0.9292870588614606, 0.9284900659016546, 0.9281105930660642, 0.9287057724007388, 0.9275851065723868, 0.9272717975072978, 0.9282067706038952, 0.9286129417303013, 0.9282004401760977, 0.9288479123609457, 0.9282972507014223, 0.9292776369096075, 0.929154395563715, 0.9287612389343433, 0.9299388104899369, 0.9296658289265017, 0.9283877303107535, 0.928983918541116, 0.9309542677279792, 0.9287728052021842],