{"train_acc": [0.5813630041724618, 0.730845981737921, 0.7803712886255064, 0.805708411441011, 0.8181653262381327, 0.8262683679022798, 0.8311060047166959, 0.8347947027876882, 0.8426558626111145, 0.8470702062042692, 0.8474330289653504, 0.8547499546471549, 0.8555965410896776, 0.8627925258511218, 0.8672673399044567, 0.8693838060107637, 0.8708955675152688, 0.8716212130374312, 0.872467799479954, 0.8803894297635605, 0.8800870774626595, 0.8803289593033803, 0.878756727338695, 0.885045655197436, 0.887101650843563, 0.8881901191268066, 0.8904879966136542, 0.8925439922597811, 0.8941162242244663, 0.8918183467376187, 0.8954465743484308, 0.9000423293221261, 0.9010703271451895, 0.8973816290741973, 0.9009493862248291, 0.9019773840478926, 0.9016750317469916, 0.9011912680655499, 0.9047590252161819, 0.9006470339239282, 0.9061498458003265, 0.9045776138356413, 0.9092338392695168, 0.9090524278889762, 0.9101408961722198, 0.9143133579246538, 0.9105037189333011, 0.9122573622785269, 0.9102618370925802, 0.9155227671282579], "train_auc": [0.629472497045112, 0.8036145878152012, 0.8563655122525613, 0.8813356401216055, 0.8905908594292378, 0.8957144937479002, 0.9025845938729997, 0.9052793093243876, 0.9107219887669202, 0.9150395231271112, 0.9161616843605008, 0.9234149092283894, 0.9240980204912023, 0.9292955343248526, 0.9338854911690357, 0.9358438102510775, 0.9369797644725159, 0.937940388314592, 0.9398164321497907, 0.9428377547344029, 0.9423734224946404, 0.9444146238320134, 0.9446445337817923, 0.9487704728604895, 0.9510521519460136, 0.9505273236314167, 0.9531295324519318, 0.9530395416152733, 0.9539062473489086, 0.9536400192768344, 0.9555676807735635, 0.9576330161833436, 0.9582007812067599, 0.957891799259748, 0.9606674881807403, 0.9606735363255526, 0.9600369526289991, 0.9607242544443845, 0.9632074091543783, 0.9600481859427014, 0.9639994382173013, 0.9647190796897124, 0.9663556330797216, 0.9655234756364053, 0.9662476733291527, 0.9680846784738935, 0.9671096034417938, 0.9680735621738755, 0.9688212284237004, 0.9697687247930583], "train_aupr": [0.6303305743662739, 0.7849849855522364, 0.8273077413492625, 0.8522200991004765, 0.8593405514175799, 0.8646830925802285, 0.8762307335209364, 0.8800529003854496, 0.8856028539727492, 0.8918135606590867, 0.8907487349154914, 0.9030910485849933, 0.9022100823154175, 0.908081344276969, 0.9151477032774284, 0.9167546723954487, 0.9183341996133985, 0.9199434726307875, 0.9229962624014565, 0.925868647079321, 0.9260405746189256, 0.9303353949662857, 0.9301009853886559, 0.9343929482408297, 0.9401824846164117, 0.9385983753994608, 0.940535587630109, 0.9407339192898286, 0.9418614658139989, 0.9418620964648422, 0.9451361806640814, 0.9472949829708871, 0.948215616702616, 0.9474523847536938, 0.9514473585483302, 0.9523075638269108, 0.9494887721864494, 0.9527043486282033, 0.955082274233739, 0.9511576472946869, 0.957401371168748, 0.9575827241707692, 0.9587650836398041, 0.9582810576204578, 0.9583108610495678, 0.9620331145433809, 0.9604523606106103, 0.9620366779724898, 0.963657598951777, 0.9648342699363898], "train_loss": [116.34196375837693, 93.8717611005673, 81.77077062634321, 73.34276267633989, 69.17117456197738, 66.76802026423124, 64.6735666848146, 62.509343802470426, 60.70012438755769, 59.43446201544542, 60.596033893640225, 56.97296279600033, 55.643484472769956, 54.558520137575954, 52.03804869903968, 51.258843762370255, 50.96214514305959, 50.445017603727486, 49.497524202328464, 48.2237553688196, 47.96457651601388, 47.92043116264618, 47.42819246833141, 45.23454083341819, 45.07178977785202, 43.96593292355537, 43.12623176677869, 42.64028192231288, 42.694901962463675, 42.19499585468036, 41.386753143026276, 40.73277108589044, 39.92087212342482, 39.8296290911161, 38.90975860357285, 38.77711012661457, 38.485433758451386, 39.116238731604355, 37.39024299658262, 38.86496613552937, 37.177062977965065, 37.04599048632842, 35.889844292860765, 36.17774814527768, 36.47614474502893, 35.09705225699223, 35.761395994172645, 34.89618145227432, 34.67251244233205, 34.17457548460135], "eval_acc": [0.6572931785195936, 0.7886429608127722, 0.7910014513788098, 0.819121915820029, 0.8359941944847605, 0.8403483309143687, 0.8323657474600871, 0.8501451378809869, 0.8454281567489115, 0.8557692307692307, 0.8541364296081277, 0.8566763425253991, 0.8690130624092888, 0.863933236574746, 0.8646589259796807, 0.8657474600870827, 0.8740928882438317, 0.8773584905660378, 0.8802612481857764, 0.8695573294629898, 0.8786284470246735, 0.8782656023222061, 0.8782656023222061, 0.8800798258345428, 0.874455732946299, 0.8829825834542816, 0.888243831640058, 0.885522496371553, 0.8748185776487664, 0.8817126269956459, 0.886066763425254, 0.8797169811320755, 0.8884252539912917, 0.8840711175616836, 0.8867924528301887, 0.8907837445573294, 0.8902394775036284, 0.8907837445573294, 0.8918722786647315, 0.8896952104499274, 0.8915094339622641, 0.8909651669085631, 0.8953193033381712, 0.8949564586357039, 0.8922351233671988, 0.887699564586357, 0.8887880986937591, 0.8938679245283019, 0.89822206095791, 0.8887880986937591], "eval_auc": [0.7987883671130472, 0.8748186269959917, 0.8959409047552279, 0.904971012575151, 0.9075277778326346, 0.91557112171822, 0.9168020422524548, 0.9199977355117184, 0.9179570629323675, 0.9257861361971211, 0.9248885035747976, 0.929344147581441, 0.9334331288052783, 0.9322750800305707, 0.9313469031477046, 0.9341947604744104, 0.9372418137761197, 0.9395470496811614, 0.9430260014600683, 0.9394163808079353, 0.9386631093135637, 0.9413144037911746, 0.9407752054331922, 0.9418732189371782, 0.9407606574125457, 0.9443324927078869, 0.9462035919787085, 0.9463482164192515, 0.9438303555970712, 0.9456647885896121, 0.946572953715571, 0.9462827832404168, 0.9485264698273392, 0.9464713808836377, 0.9471101114009743, 0.950042228756763, 0.9475081742102432, 0.9480035310218439, 0.9492275396005679, 0.9495188949823811, 0.9513531304904791, 0.9500559868396368, 0.950568853938531, 0.9513323287957991, 0.9504818291272439, 0.9497677253807664, 0.9504535888518715, 0.9523974282259249, 0.9527349291392904, 0.9502240461007685], "eval_aupr": [0.7932149270244278, 0.8561495475769161, 0.8733816341962144, 0.8807432026966727, 0.8835054671012464, 0.8939616795000072, 0.8962316804320587, 0.8981911331820326, 0.8950823629287625, 0.904899109899403, 0.9037621239869297, 0.9089397657271375, 0.9119702579612846, 0.9135250546068857, 0.9069608122833775, 0.9110846039109829, 0.9185164791762304, 0.919575530750628, 0.9272709363003377, 0.9218282201536997, 0.9187477132439515, 0.9232376532070297, 0.9217252273444367, 0.9244039182152107, 0.9224639968531367, 0.9245773491993727, 0.9263845536102271, 0.9266333438610131, 0.9247381921234972, 0.9300435835958046, 0.9313217908668173, 0.9309128651965289, 0.9311414171572474, 0.9290078275263973, 0.9289729788875619, 0.932894323803288, 0.9312862177478457, 0.9312416344504992, 0.9310870529053874, 0.9292701095824334, 0.9365376606769411, 0.9346727906085824, 0.932720857388281, 0.9341589531388239, 0.9341505570716533, 0.9341953095012492, 0.9344332106275122, 0.9363833202602164, 0.9332959331091178, 0.9352997776742081],