{"train_acc": [0.5278756808715155, 0.5584748478051906, 0.599887856456264, 0.6330503043896187, 0.656280038449215, 0.6769464915091317, 0.6870394104453701, 0.7091477090676065, 0.7196411406600448, 0.7299743671900032, 0.7408683114386415, 0.7529637936558795, 0.7645786606856777, 0.7668215315603973, 0.7720281960909965, 0.7870874719641141, 0.7886895225889138, 0.7929349567446331, 0.8014258250560717, 0.8035084908683114, 0.8057513617430311, 0.8114386414610701, 0.8134412047420698, 0.818727971803909, 0.8229734059596283, 0.8233739186158283, 0.8276994553027875, 0.8286606856776674, 0.8331464274271067, 0.8310637616148671, 0.837471964114066, 0.8365107337391862, 0.8442005767382249, 0.843960269144505, 0.843639859019545, 0.8455623197693047, 0.850048061518744, 0.8447612944569048, 0.8483659083627043, 0.8510893944248639, 0.8524511374559436, 0.8475648830503044, 0.8532521627683435, 0.8545338032681833, 0.8571771867991028, 0.8577379045177828, 0.862463953860942, 0.8582185197052227, 0.855655238705543, 0.8588593399551426], "train_auc": [0.5346352239941858, 0.5844611965125948, 0.6325696690852449, 0.6780732177412387, 0.7127785636862527, 0.72787935532482, 0.7469768285595332, 0.774328857057135, 0.7877490327420213, 0.7967159381853565, 0.8153606485420296, 0.8250775584466205, 0.8371598838250536, 0.838724237532909, 0.8525180931194345, 0.8617048389666474, 0.863209752060747, 0.8694064424638609, 0.8725118743217448, 0.8797720253471211, 0.8802510037183122, 0.888383339835854, 0.8885422118866592, 0.8931816609145357, 0.8969814310347018, 0.8983266375985378, 0.9027691623122887, 0.9021705709392913, 0.902664236148957, 0.9050483182863849, 0.9087741406883583, 0.9118188737942252, 0.9162355168066089, 0.9147367275079221, 0.916286586949486, 0.9199936399827096, 0.9208335114626024, 0.9189099721193993, 0.9231117559283668, 0.925168028858097, 0.9251747303700584, 0.9243008506426837, 0.9293329543512777, 0.9275460899052763, 0.9315762533849377, 0.9323247429450219, 0.932356299106709, 0.9321301680115266, 0.9311941131454007, 0.9331404915494833], "train_aupr": [0.5386103579223018, 0.5825284591276672, 0.6230839838061828, 0.6611361322932807, 0.694856669622089, 0.6963859541957667, 0.715836662195824, 0.7458843033287104, 0.762736038417805, 0.7704276843324755, 0.788782932701042, 0.79581562739902, 0.8105536345881208, 0.8115278364404837, 0.8285062257735087, 0.8346623983475123, 0.839290148906962, 0.8464429391855461, 0.8511455454734113, 0.8593399010997641, 0.8572064637411643, 0.8708767171216614, 0.8690381898728234, 0.8742531308567352, 0.8784672060690497, 0.8792726357638327, 0.8862131329610596, 0.8881289462096742, 0.8825703578118167, 0.8861487123509957, 0.8909264934394998, 0.8958805851898568, 0.900417199828832, 0.9013382745598417, 0.9030053654350616, 0.9078111264786387, 0.9098342447484136, 0.9080411994721161, 0.9104620121260242, 0.9153273042873598, 0.9140234751686337, 0.9147290514391124, 0.9212301440156364, 0.9162830607557924, 0.9232177996768012, 0.9253620607636255, 0.9234789382635151, 0.923899826655201, 0.9225416321404558, 0.9244898260573885], "train_loss": [122.90863886171458, 108.59491792260384, 102.04746223955738, 98.3513436731027, 93.40541169351461, 91.68966118413574, 89.2521495770435, 84.80172197672786, 81.98559598046906, 79.9001536442309, 77.55612927553605, 75.32638581553284, 72.72114000028493, 71.72502628881104, 69.7123608856785, 67.66613090768152, 67.75302697444448, 66.86894168172564, 65.03733591157562, 63.385545093186046, 64.17762869231555, 61.359301371233805, 61.415302440828206, 60.074273161742155, 59.33090532920799, 59.108480631088725, 58.368103637987254, 58.06883945513745, 57.83673073807541, 57.110958388873506, 56.089794877840546, 55.342250431070525, 53.58772298389552, 54.493199513883006, 53.47889579680501, 52.988917163440156, 52.09689926857851, 54.64303004741669, 52.19311978379074, 51.333646347328106, 51.85510925735746, 51.35778116206733, 49.73323747941426, 50.27814849785396, 49.056380910532816, 49.30005082062313, 48.939871936428304, 49.35677689557173, 49.01811623451661, 48.53180301797633], "eval_acc": [0.5564632388274868, 0.5850552618933205, 0.6076405574243152, 0.6492071119654013, 0.6662662181643441, 0.6792407496395964, 0.6948582412301778, 0.7032676597789524, 0.7172032676597789, 0.7265737626141279, 0.737385872176838, 0.7462758289283998, 0.7405093704949544, 0.754925516578568, 0.7633349351273426, 0.7664584334454589, 0.7602114368092263, 0.7693416626621816, 0.7751081210956271, 0.7662181643440653, 0.7779913503123498, 0.7794329649207112, 0.7741470446900529, 0.7820759250360404, 0.7830370014416146, 0.7770302739067756, 0.7839980778471889, 0.7791926958193176, 0.7789524267179241, 0.7938491110043249, 0.7835175396444017, 0.7919269581931764, 0.7900048053820279, 0.794329649207112, 0.7796732340221048, 0.7912061508889957, 0.7890437289764536, 0.7876021143680922, 0.7827967323402211, 0.7921672272945699, 0.7900048053820279, 0.7907256126862086, 0.7900048053820279, 0.7849591542527631, 0.7945699183085055, 0.792647765497357, 0.7897645362806343, 0.7912061508889957, 0.796492071119654, 0.7914464199903892], "eval_auc": [0.5797383840735997, 0.6252749085640255, 0.65495694793278, 0.7059084780877084, 0.7223287204138321, 0.7331397884636355, 0.7662879858951116, 0.7659130475762768, 0.7924851549375426, 0.8005042839532869, 0.807424818283129, 0.8188821524739923, 0.81853493602716, 0.8341857808974125, 0.8359681817593778, 0.8404340598311923, 0.836432985146621, 0.8436731295590929, 0.8452703714176409, 0.8424868644529828, 0.8501813010428968, 0.8514749884030168, 0.8436994653374954, 0.8518055717266476, 0.8516403955726322, 0.8500675258598863, 0.8570500878783343, 0.8513959810678096, 0.8550090650521449, 0.859007829580716, 0.8524711276703093, 0.8613090914803294, 0.8619016464943844, 0.8633639752425202, 0.8548170910885269, 0.8584213964800615, 0.855678086229807, 0.8547647660551221, 0.8555748222565973, 0.8616237347275587, 0.8607119161542742, 0.8551144081657548, 0.8601373803570207, 0.8653915991639083, 0.8665672375524174, 0.8578332307624069, 0.8586524120800829, 0.8597708741075869, 0.856326547019067, 0.858274239542848], "eval_aupr": [0.5795993318113856, 0.6194605273584785, 0.6339637503800277, 0.6760309209811193, 0.6908871231862417, 0.7013327536145377, 0.7333584166565971, 0.7355608564729075, 0.7682513234148156, 0.7774629668016517, 0.7883751913249203, 0.7957112586122074, 0.8004225534157485, 0.8151060169914779, 0.81362946410346, 0.8169102721846975, 0.807836485753607, 0.8194919774920215, 0.8174443467945162, 0.8198354271199615, 0.8229982993500319, 0.8272139774429182, 0.807327538342201, 0.824333056819514, 0.8286291854891853, 0.8286647747370975, 0.8351070383778333, 0.8244846005463817, 0.8280629411672202, 0.8303319745155492, 0.8263584360343178, 0.8368463838917087, 0.8366920434469969, 0.8393117376398723, 0.8250436414199347, 0.831631509452845, 0.8228535115798571, 0.8210636538695695, 0.8255381978364433, 0.8324698437183059, 0.8335656356553351, 0.8210311749308155, 0.8306244675782491, 0.837591235094239, 0.8452371689284028, 0.8256459121704426, 0.8241307339097282, 0.828882169553238, 0.8192055131315773, 0.829230095876108],