{"train_acc": [0.5208266581223967, 0.56272028196091, 0.6014098045498237, 0.6199935917975008, 0.6469881448253765, 0.6643703941044538, 0.6839955142582506, 0.7053027875680872, 0.7105094520986863, 0.7176385773790451, 0.7264498558154437, 0.737744312720282, 0.7412688240948414, 0.7494392822813201, 0.7588913809676385, 0.7630567125921179, 0.7693848125600768, 0.7757129125280359, 0.7805190644024351, 0.7850048061518744, 0.7914130086510733, 0.8016661326497917, 0.7971803909003524, 0.8007049022749119, 0.8045498237744313, 0.8060717718679911, 0.8088753604613905, 0.8161646908042294, 0.81223966677347, 0.8159243832105094, 0.818727971803909, 0.8219320730535085, 0.8218519705222685, 0.8291413008651073, 0.8290611983338674, 0.8236943287407882, 0.8330663248958667, 0.8328260173021468, 0.8339474527395065, 0.8313841717398269, 0.8347484780519064, 0.8345882729894265, 0.8429189362383851, 0.8360301185517462, 0.8425184235821852, 0.8454021147068247, 0.8405959628324255, 0.8419577058635053, 0.843960269144505, 0.8402755527074656], "train_auc": [0.5278757249106331, 0.5873826778390077, 0.6346838765701797, 0.6653095245798175, 0.6929480888754688, 0.7180976542500446, 0.7418752750590687, 0.7654735072862089, 0.7755379474957493, 0.7824793471400789, 0.7964465577882093, 0.8050423302105624, 0.8142059246888911, 0.8255504647695872, 0.8309671064017061, 0.8371215996023229, 0.8478525621768298, 0.8532072079983198, 0.852676231661231, 0.8603729043515949, 0.8649721359065253, 0.873541859561066, 0.8708148398636272, 0.8769829159111369, 0.8801929996728817, 0.8803954072003981, 0.8867055510964104, 0.8924040047059815, 0.8884419473232035, 0.8928029013371785, 0.892950964638894, 0.8972560980306669, 0.898078656237916, 0.9005385252160802, 0.8996622903709685, 0.8969576477076828, 0.9060891209356092, 0.9052921749963667, 0.907581462418137, 0.9086363027131288, 0.9078291760578316, 0.9104107642906183, 0.9146483685948148, 0.9122975347004507, 0.9145801590810703, 0.9168472492039011, 0.9145965791766999, 0.9173527544935087, 0.918105357187791, 0.9171035131044944], "train_aupr": [0.5292258513897667, 0.5852355428345561, 0.6173946808438616, 0.6444525207691565, 0.6653079597105246, 0.688813715014591, 0.7090694034495526, 0.7336682978040153, 0.7434955029104784, 0.7500609148836699, 0.762717793768801, 0.7782981050342619, 0.7872617478603674, 0.7996629324765401, 0.8044180009472066, 0.8144858820773386, 0.8265679624884141, 0.829492266422823, 0.8291679538923689, 0.8355173842044404, 0.8399071364428525, 0.8486553705738343, 0.8491754445432425, 0.856211433747635, 0.8575364670567944, 0.859984449193407, 0.866242067526753, 0.8749749204285842, 0.8713304273878157, 0.8746416788389516, 0.87548445141634, 0.8753435477130163, 0.8811213212090716, 0.8820424094242886, 0.8787814840021595, 0.8789950448393995, 0.8899913335170266, 0.8882337646982239, 0.8918446809901366, 0.89410097070338, 0.8919150254712276, 0.8961136158634917, 0.9002704469300878, 0.900575708933036, 0.8999226598612083, 0.9018764927019962, 0.9016801524581987, 0.9040497842173677, 0.9084508149532902, 0.9050125846042492], "train_loss": [135.84038478257705, 110.63946567749491, 105.6821127327121, 101.71520299327616, 97.62956251173603, 93.72503646539182, 90.90101158618927, 86.83334845426131, 84.68562812221293, 83.85554369128481, 81.5585695432157, 79.89765620718197, 78.11191027505058, 76.41635110183638, 74.80851990106154, 74.16957215873562, 72.56635796050637, 71.06033285783262, 70.87619589056287, 69.15212533425311, 67.85253198536076, 65.9039939155384, 66.72061282761243, 65.36449002489752, 63.93241683560975, 64.20841599240595, 62.67964513934388, 61.51504062389841, 62.27513060034538, 61.10229655796168, 61.445636352714224, 59.78753549833687, 59.40426867105523, 58.96050584316254, 59.02348027423937, 60.19301272411736, 57.161525691042144, 57.67381867218991, 57.23566929296572, 56.72414522389976, 56.66152192135247, 56.36400850938291, 54.43779552226164, 55.69723177686029, 54.645903935237804, 53.88166286385789, 54.59806384602371, 54.50227399383272, 53.69988785227951, 54.31522173540933], "eval_acc": [0.5540605478135512, 0.586977414704469, 0.6153291686689092, 0.6331090821720327, 0.6463238827486785, 0.6547333012974531, 0.682123978856319, 0.6924555502162422, 0.6941374339259971, 0.6931763575204228, 0.713358962037482, 0.72537241710716, 0.7263334935127342, 0.72537241710716, 0.7371456030754445, 0.7436328688130707, 0.7537241710716002, 0.7486785199423354, 0.75708793849111, 0.7618933205189813, 0.762614127823162, 0.7674195098510331, 0.7691013935607881, 0.7799135031234983, 0.762614127823162, 0.7734262373858721, 0.7734262373858721, 0.7676597789524268, 0.7868813070639116, 0.7789524267179241, 0.7755886592984143, 0.7811148486304661, 0.7801537722248919, 0.7849591542527631, 0.7705430081691494, 0.7803940413262854, 0.7844786160499759, 0.7854396924555502, 0.7842383469485824, 0.786641037962518, 0.7851994233541566, 0.7859202306583374, 0.7919269581931764, 0.7928880345987506, 0.7962518020182604, 0.7892839980778472, 0.7885631907736665, 0.7849591542527631, 0.7962518020182604, 0.7948101874098991], "eval_auc": [0.5863759242934157, 0.6250730009296068, 0.6619478265128287, 0.6697343228193514, 0.6905185653376801, 0.7105964776589434, 0.7406205356235296, 0.7537650922491494, 0.7590248554304375, 0.758350174370575, 0.7781602241036131, 0.7912987743236325, 0.7928888546985802, 0.7949845127141746, 0.8050713468579106, 0.805420873460743, 0.8125858222954081, 0.8164412416441658, 0.8244861288993123, 0.8259954693220524, 0.8332878232601292, 0.8324922055336551, 0.8356594294099493, 0.8414937283884905, 0.8311779577851334, 0.8384443224682077, 0.8438706478971112, 0.8396065619519156, 0.8512365803037948, 0.8455202147890643, 0.8472219912066222, 0.8428959930806207, 0.8471667784782171, 0.8520400525606694, 0.8425612514761898, 0.8541841083444683, 0.8526503957759259, 0.8573880637011656, 0.8547690398437225, 0.85484920225693, 0.855755938487014, 0.8532612010223827, 0.8611351367335134, 0.8621504502956076, 0.8614315297483409, 0.8581661242420379, 0.8599880287716068, 0.8555519517121953, 0.8621742449024099, 0.8645199773050275], "eval_aupr": [0.5872026571035248, 0.619622541811075, 0.6476594040535273, 0.6459759555126088, 0.6698989270795617, 0.6868889164123664, 0.704514038888899, 0.7190150139785694, 0.7199398052490382, 0.7178298270804966, 0.7423408659506379, 0.7576971522198183, 0.7584673021613285, 0.7593243066665197, 0.7652272129795508, 0.7648071857176895, 0.7727652282807786, 0.7812753251543364, 0.7909624183234177, 0.7881657199906802, 0.797341716999874, 0.7941129103585589, 0.7976302605299841, 0.8053290786094305, 0.7937658063078877, 0.7996308235927871, 0.8126796424135317, 0.8014201154786722, 0.8152913232949771, 0.8091974221884279, 0.812830155077287, 0.8083678319181464, 0.8165615344214529, 0.8191445096257213, 0.8089921310151477, 0.820321273404691, 0.8203396283153375, 0.8331464252705437, 0.8280934604881223, 0.8241928245604716, 0.8248824427759893, 0.8177650168092283, 0.8291522169486337, 0.8328869487051269, 0.8277567991808585, 0.8285681090529459, 0.8301773097727493, 0.8240964759361851, 0.8329066393199325, 0.8419343128634448],