{"train_acc": [0.703834887613582, 0.7857783357245337, 0.7971290650406504, 0.8014930057388809, 0.8065892515542803, 0.8118200023912003, 0.8156758130081301, 0.8155263629842181, 0.8164977881396461, 0.8193298660927786, 0.8194643711142994, 0.819770743663319, 0.8214371114299378, 0.8215566714490674, 0.821937769010043, 0.8240076518412243, 0.8240898493543759, 0.8250164395026304, 0.8251808345289335, 0.8249192969870875, 0.8266155547584888, 0.8266753347680535, 0.8271984098517455, 0.8293504901960784, 0.8286929100908657, 0.8292384026781444, 0.8311588354854137, 0.8313232305117169, 0.8323096006695361, 0.8316819105691057, 0.8327430057388809, 0.8325561932089909, 0.8333557508369202, 0.8321377331420373, 0.8342225609756098, 0.8337816834050693, 0.834349593495935, 0.8344093735054997, 0.835433106169297, 0.8351117886178862, 0.8347082735533238, 0.8358590387374462, 0.8354181611669058, 0.8357021162123386, 0.8350520086083214, 0.8370695839311334, 0.8358366212338594, 0.8357843137254902, 0.8366585963653754, 0.8375403515064562], "train_auc": [0.7835351904140895, 0.8615227920765571, 0.8719264817049657, 0.8790859778813465, 0.8848982981911, 0.8914252138393266, 0.8947272181083441, 0.8956783818993022, 0.8970731390111005, 0.899133054151969, 0.8992898062586641, 0.9003218846225876, 0.9017621509328813, 0.902452947998925, 0.9028723601084523, 0.9037664367464531, 0.9044204028868884, 0.9050952794558922, 0.9058212411217681, 0.9066707871828658, 0.9071420453532649, 0.9076251860200731, 0.9083847837688654, 0.9090040914275852, 0.9099609565296838, 0.9098613705312655, 0.910916926097542, 0.9117757563884776, 0.9125584937414175, 0.9124135832575148, 0.9127131694460511, 0.912946048217059, 0.9139312107046857, 0.9142379609437914, 0.9140636779642308, 0.914652848477967, 0.9149521922167171, 0.9153040765327927, 0.9152065458295681, 0.9152826813163284, 0.9153101704986768, 0.9158141804970835, 0.9157471044352694, 0.9162840561118155, 0.915922653826887, 0.916502563451184, 0.9165174336302878, 0.9167118423989891, 0.9166203463614016, 0.9170381857300999], "train_aupr": [0.7993313342135153, 0.8797519584239827, 0.8887951910330537, 0.8958861234135946, 0.9002488190388304, 0.9059470085290848, 0.908679504089754, 0.9092564902695781, 0.9103240133492064, 0.9120770425933581, 0.9125610937563023, 0.9130876454199365, 0.9143126012320881, 0.9153425694094546, 0.9153224439613, 0.9158999727578906, 0.9165155351218555, 0.9174972826625594, 0.9179829472003662, 0.9186996779030423, 0.9190473171087998, 0.9196570245328511, 0.9201426140706965, 0.9204390437076273, 0.9211349675278289, 0.9210195956760792, 0.9221974982722189, 0.923019926024383, 0.9231435012161553, 0.9230527604868484, 0.923342559453044, 0.9235522975994315, 0.9244390212072751, 0.9246741050407942, 0.924677978357149, 0.9246978999345328, 0.925240996542781, 0.9254842761446813, 0.9256159792800032, 0.9255522320907399, 0.9255146950013828, 0.9258708704284766, 0.9259969722660524, 0.9260506720680153, 0.9260160769083783, 0.9267769547109448, 0.926598475753376, 0.9267645521880306, 0.9267169368696555, 0.9272250048452662], "train_loss": [86.75377528115851, 68.14140716064044, 64.88654294934828, 62.594492651536406, 61.00663668703623, 59.2206714331078, 58.07213436257999, 57.46673107147217, 56.919917000867216, 56.24989960708764, 55.967761059792046, 55.64827579111716, 55.125439503452746, 54.72909436854988, 54.62171644280107, 54.32929966053133, 53.9824548870838, 53.77593342979825, 53.53027902643266, 53.29235164795505, 53.007020740618444, 52.96766323250065, 52.683591753301386, 52.5383512157783, 52.217735874037444, 52.168384046901025, 51.84116199413175, 51.5021817734319, 51.35768003080817, 51.40524208841998, 51.275417140063546, 51.22414418342692, 50.9285046995028, 50.81043095707209, 50.78207815582392, 50.63082169848236, 50.46984809488913, 50.40735463931957, 50.469943544376875, 50.359412891686986, 50.26382569920265, 50.16104259819191, 50.08719412546541, 49.98807506853034, 49.98197440207574, 49.886639520269505, 49.88114361553301, 49.78022745690428, 49.75266127285492, 49.72378233878608], "eval_acc": [0.7854420731707317, 0.7995875179340028, 0.8118947274031564, 0.8116705523672884, 0.8157505380200861, 0.819808106169297, 0.8189338235294118, 0.8227223816355811, 0.8239105093256814, 0.823394906743185, 0.8265109397417504, 0.8248968794835008, 0.8262195121951219, 0.8272955523672884, 0.822049856527977, 0.8275645624103299, 0.8316669655667145, 0.8310616929698709, 0.8288199426111909, 0.8299632352941176, 0.832855093256815, 0.8294924677187948, 0.8299408177905309, 0.8340208034433285, 0.8304564203730272, 0.8342449784791965, 0.832855093256815, 0.8339535509325682, 0.8358366212338594, 0.8354779411764706, 0.8381232065997131, 0.8391319942611191, 0.8384818866571019, 0.8368229913916786, 0.8353882711621234, 0.8357245337159254, 0.8364194763271162, 0.837562769010043, 0.8395130918220947, 0.8377421090387375, 0.8364643113342898, 0.8387060616929699, 0.840275286944046, 0.8396924318507891, 0.8381680416068866, 0.8410823170731707, 0.8385939741750359, 0.8406788020086083, 0.8384146341463414, 0.8398045193687231], "eval_auc": [0.8632517456143387, 0.8790787172305629, 0.8867840636942065, 0.8912902975130786, 0.8962147468272639, 0.8993734498714387, 0.9007365675653267, 0.9031918922868863, 0.9045514328692578, 0.9051657231240184, 0.9069637317437254, 0.9052901249915732, 0.9082782001179348, 0.9069110389512649, 0.9002213449064471, 0.9090695860377999, 0.911824348864793, 0.9107634644286642, 0.9097161225608341, 0.911049594151521, 0.9128037175730972, 0.9118589661378623, 0.909413156593242, 0.915420870658852, 0.9120803289348927, 0.9151417675127339, 0.9167459618180062, 0.9158045784357896, 0.9163553078714449, 0.9171500095797036, 0.9174670287007727, 0.9191793062496655, 0.9176929666626313, 0.9177073906939249, 0.9169708735840628, 0.9183946976444832, 0.9195841399909095, 0.9176366193668063, 0.9191652138977201, 0.9173521118574892, 0.9182929082677683, 0.9197083679780788, 0.9196846619504786, 0.9203359575696158, 0.9185915292358984, 0.9213178671427453, 0.9186307518264638, 0.9200106906887532, 0.919394562126332, 0.9196979029920969], "eval_aupr": [0.8832785300656212, 0.8967101507220736, 0.9046943445009827, 0.9064700290966321, 0.9107109705184149, 0.9127020465739232, 0.914318410755392, 0.91613320159276, 0.9170345212349963, 0.9178014007542836, 0.9194480474208127, 0.9178536221164211, 0.921002825327937, 0.9197146566495206, 0.9114061694307096, 0.9213191625302959, 0.9238730574013065, 0.9222135058297537, 0.9211860325096481, 0.9223169447498296, 0.9241352691692365, 0.9235146097288268, 0.9219428428991665, 0.9260770479790528, 0.9232139489396736, 0.926100806670189, 0.9272277344681022, 0.9263884679322711, 0.9273006642600741, 0.9276505031899223, 0.9282803123296548, 0.9294431650951983, 0.9284502611471354, 0.9280697259170516, 0.926981306431359, 0.9280452281660616, 0.9296423053611264, 0.9275806988237425, 0.929477547044403, 0.9278658170884124, 0.9286100108122172, 0.9285971004850785, 0.9296630992621089, 0.9299195477908901, 0.9290611014297774, 0.9312626242394759, 0.9279458428942178, 0.9300896216343262, 0.9291822235235494, 0.9293876075738037],