{"train_acc": [0.5673076923076923, 0.7204886308659894, 0.7791485244315433, 0.8089622641509434, 0.8130745041122399, 0.8271649733913885, 0.8243226898887276, 0.8316400580551524, 0.8381712626995645, 0.8400459603289792, 0.8440977261731979, 0.8497218190614417, 0.8482099661344944, 0.8537131107885825, 0.8522617319787131, 0.855648282535075, 0.8605466860183841, 0.8613328495403967, 0.8605466860183841, 0.8642960812772134, 0.8665336236090954, 0.8651427189163038, 0.8726415094339622, 0.8736695694242864, 0.875, 0.8768142235123367, 0.8805031446540881, 0.8850387034349299, 0.8840711175616836, 0.8857643928398645, 0.8906023222060958, 0.8944726656990808, 0.8892718916303822, 0.8925979680696662, 0.8938679245283019, 0.8948355104015482, 0.9005200774068699, 0.9008829221093372, 0.8995524915336236, 0.9019109820996614, 0.9046927914852443, 0.9057813255926463, 0.9080793420416062, 0.9078374455732946, 0.909893565553943, 0.9097726173197871, 0.9100145137880987, 0.9121915820029027, 0.9145500725689405, 0.9130986937590712], "train_auc": [0.6072224705487763, 0.793037737905876, 0.8527987527407918, 0.8802583749211232, 0.8862465719622852, 0.896439337570989, 0.8958875074663756, 0.9038542574607582, 0.907487057307124, 0.9083480017966112, 0.9124724428716945, 0.916278816932897, 0.9183531644793385, 0.9214479288765702, 0.9225085740439763, 0.9245156379023183, 0.9312036247966058, 0.9292655269014215, 0.93145508103241, 0.9347286639541176, 0.9367003927219925, 0.9367774409196702, 0.941154610908211, 0.9430390881144664, 0.9462784769670506, 0.9462366029465735, 0.9471666523697666, 0.9514078579623864, 0.951264184358154, 0.9539348618416248, 0.9549037425617111, 0.9558004244248316, 0.9548745587465665, 0.9578269441599367, 0.9596794288831239, 0.9604243914786889, 0.9628094186572321, 0.9628113423021902, 0.9633375579404787, 0.964167299884751, 0.964399292929553, 0.9656463195449583, 0.9659128577423741, 0.9659587838514702, 0.9659452305658904, 0.9682055280202074, 0.969826180611859, 0.9695348178859718, 0.9703757652449814, 0.9694412321930453], "train_aupr": [0.6064888979124222, 0.7780127672794318, 0.8287291768855537, 0.8505111459307289, 0.856789771020684, 0.8672709523800647, 0.8649710841716776, 0.8760124450621452, 0.880535219971434, 0.8807976550746811, 0.8862045602765695, 0.8897514445558597, 0.8949349435585436, 0.9008895476133252, 0.9006130219150499, 0.9026495010304347, 0.9140048684996258, 0.91068342242995, 0.9131216525551296, 0.9194090027931583, 0.9226089542181591, 0.9213687148839637, 0.9261179869923534, 0.9317927077408812, 0.93567570136935, 0.9338487570971243, 0.9344852517991082, 0.9412613217568394, 0.9413370044983732, 0.9461865052781605, 0.9457388581425951, 0.9471613225747153, 0.946385985391905, 0.9493746157040568, 0.9529129728764232, 0.9535599901393292, 0.9570043891194099, 0.9565964807982162, 0.9567333082711333, 0.9579302495465813, 0.9584804054552846, 0.9599885077387795, 0.9590682967411406, 0.9602681573699388, 0.9597672548898766, 0.9629595932046711, 0.9648874089473414, 0.9643322249705876, 0.9656833103869659, 0.9642027782981053], "train_loss": [113.74593873023987, 90.56187546436604, 78.98149378116314, 70.2141151538262, 69.0978350676023, 63.77656227258535, 62.47628465432387, 59.56918195944566, 57.86150815670307, 57.51786614197951, 56.87891472486349, 54.24610596620119, 54.59413591348208, 53.25576359308683, 53.63123205258296, 51.97373938010289, 50.051577219596275, 50.10899888368753, 50.50888128647438, 49.04319322842818, 47.89808302292457, 47.90773655084463, 46.05938925926502, 46.21537585441883, 44.868853801030376, 44.42255593263186, 43.94208181821383, 42.775044298172, 42.780886657421405, 42.05151895559751, 41.08464215902182, 41.016964516272914, 42.87957575504596, 40.07318705595457, 39.01268636446733, 39.28181659258329, 37.71384603610406, 37.82156923367427, 37.667996492752664, 36.97831423374323, 36.3116799556292, 36.04850952533575, 35.72925378175882, 37.111034952677215, 36.15390852506344, 35.36359131336212, 34.29046148703649, 34.79313816474034, 33.915016852892364, 34.627347128207866], "eval_acc": [0.6810595065312046, 0.7432873730043541, 0.7935413642960812, 0.8134978229317852, 0.8174891146589259, 0.8258345428156749, 0.8232946298984035, 0.8200290275761973, 0.831821480406386, 0.8327285921625545, 0.8365384615384616, 0.8134978229317852, 0.8365384615384616, 0.831821480406386, 0.8403483309143687, 0.840711175616836, 0.8378084179970973, 0.8434325108853411, 0.8447024673439768, 0.840166908563135, 0.8481494920174165, 0.8486937590711175, 0.8501451378809869, 0.8534107402031931, 0.8534107402031931, 0.8574020319303338, 0.8557692307692307, 0.8564949201741655, 0.8583091436865021, 0.863933236574746, 0.8610304789550073, 0.8604862119013063, 0.863388969521045, 0.8519593613933236, 0.862300435413643, 0.8691944847605225, 0.863933236574746, 0.8706458635703919, 0.8641146589259797, 0.8708272859216255, 0.8681059506531205, 0.8693759071117562, 0.8679245283018868, 0.877721335268505, 0.8706458635703919, 0.865021770682148, 0.8766328011611031, 0.8697387518142236, 0.8704644412191582, 0.8730043541364296], "eval_auc": [0.7451092648509947, 0.8501188527207103, 0.8814505495662912, 0.8901922642710488, 0.8935061190554716, 0.8976776487765511, 0.8963003922699322, 0.8994493475443139, 0.9039051232072527, 0.9030791116096497, 0.9068051164269536, 0.9025867170646966, 0.9069203156854652, 0.9041535586367517, 0.9099004217609423, 0.9106401326568833, 0.9122918925394985, 0.9147400413532424, 0.9120630738980203, 0.9127004220242549, 0.9170848399750644, 0.9203805920188637, 0.9210188617391665, 0.9233231102219923, 0.92110628151934, 0.9254656189458675, 0.9243047395608079, 0.927627876114059, 0.9242766967698787, 0.925857164768512, 0.9287320774639312, 0.9288657086038047, 0.9264517904268758, 0.9246437545215709, 0.926203091684786, 0.9318229723120227, 0.9289495736640012, 0.9330096563309893, 0.9284292021562667, 0.9313598054646578, 0.9309749741130808, 0.9317287722326341, 0.9321496115810144, 0.9361381390514296, 0.9344125199870712, 0.9307423374390349, 0.937422709526057, 0.9365873503314776, 0.931151920174155, 0.9360684928711407], "eval_aupr": [0.7323189495336877, 0.8224011167531003, 0.8535528483407444, 0.8632085303293185, 0.8649230237591137, 0.8714052811018601, 0.8682272733867527, 0.8728272512807983, 0.8758641479355385, 0.8752680805317012, 0.8801434699919076, 0.8765846252863052, 0.8808353453406969, 0.8746521489679132, 0.8852666356559546, 0.8841127182928025, 0.8902325232341706, 0.8906783378149004, 0.888625007878441, 0.8890866846290285, 0.8946464279608817, 0.8979630641303572, 0.8961574221274463, 0.9040510777926225, 0.900771417026714, 0.9052927489442677, 0.9041085994579271, 0.9099768184585318, 0.903971184851837, 0.9028284684015622, 0.9049623863250396, 0.9096517955257019, 0.9030408060298769, 0.9024962644803771, 0.9059074086396733, 0.9147403487112643, 0.9080764894164826, 0.9112238256651786, 0.9055585485667039, 0.9098517440802831, 0.9109195890353999, 0.9113219238068546, 0.9098458860958893, 0.9140593447528251, 0.9148975772943685, 0.9110307850225088, 0.913310290641514, 0.9197589261976828, 0.9046457035700801, 0.9167411287696903],