{"train_acc": [0.5590494043659672, 0.7104069661970127, 0.7740823607667654, 0.8022615952107396, 0.8122996916006531, 0.8207655560258813, 0.8257846042208381, 0.8323758843804802, 0.8315897683981375, 0.8370321098143557, 0.8441071536554393, 0.8468887948237286, 0.8489447904698555, 0.8530567817621092, 0.8560198343109391, 0.8581363004172462, 0.8634577009131039, 0.8669649876035557, 0.8679929854266191, 0.8746447360464413, 0.8744633246659007, 0.8767612021527483, 0.8807522525246417, 0.8833524823123904, 0.8823849549495072, 0.8822035435689666, 0.8852875370381569, 0.8854689484186975, 0.8870411803833828, 0.8890367055693293, 0.8948418697466288, 0.8947813992864486, 0.8987724496583419, 0.8947209288262684, 0.8974420995343775, 0.8990143314990627, 0.8977444518352785, 0.900888915764649, 0.903005381870956, 0.9038519683134789, 0.9032472637116769, 0.9066336094817682, 0.9031867932514966, 0.9092338392695168, 0.9117735985970853, 0.9050009070569027, 0.9098385438713189, 0.9116526576767249, 0.9142528874644736, 0.9116526576767249], "train_auc": [0.6002987037575083, 0.7772293549538738, 0.8460803896883329, 0.872473060231975, 0.880080924323857, 0.889540113110108, 0.8942314696251782, 0.9003386405279938, 0.9005167938624918, 0.9064176330729349, 0.9102065215470754, 0.9139233954118233, 0.916808974809177, 0.9196061942480988, 0.9220872646518392, 0.9256797164032944, 0.9287612864086615, 0.932571449433297, 0.933125406841954, 0.9363658887440909, 0.937147759556537, 0.940333427860888, 0.9418738106290316, 0.9434854766710403, 0.9432729432533946, 0.9446463255538347, 0.9469962967509162, 0.9489599545823085, 0.9500896046915001, 0.9516232737995011, 0.9517542486791202, 0.9536001907440068, 0.9558452079795376, 0.9549449705119666, 0.9569440469229554, 0.9578302573751092, 0.957098622000047, 0.9595063979572219, 0.9597737449726532, 0.9631773146974218, 0.9621492617197102, 0.9644603258667293, 0.9637730313646989, 0.9652911303393199, 0.9671955719330508, 0.964829928215615, 0.9669045003931074, 0.9667075736756187, 0.9674790595235743, 0.9684814718776916], "train_aupr": [0.6007670385707605, 0.7571023283563841, 0.8152513999339486, 0.8407007856083277, 0.8480633273873931, 0.8583456415031993, 0.8638176949674609, 0.8700916818560154, 0.8721141986261599, 0.8786330686357999, 0.883983108938875, 0.8856176936295017, 0.8917692481759414, 0.8952542100391034, 0.8982302144826114, 0.9048738785332812, 0.907153973612663, 0.90999454638288, 0.9128031030495275, 0.9166084424240172, 0.9186022577469237, 0.9231997149752607, 0.922656391393711, 0.9243691534779405, 0.9260490098676337, 0.9280122299222403, 0.9329597549233622, 0.9350277294867062, 0.9382812723245272, 0.9390634607318632, 0.9392725208446043, 0.9412973437966171, 0.9440985127266281, 0.9421344246801048, 0.9470438292053509, 0.9466535636275232, 0.9467609389803157, 0.9504500421603345, 0.9506299438009788, 0.9537702344450668, 0.9538640806552392, 0.956900096158513, 0.9565388311847135, 0.9578290654586077, 0.960454740583137, 0.95734129824169, 0.9601078273210079, 0.9594486382582287, 0.9596223311274344, 0.9613130190089348], "train_loss": [121.53174139215396, 95.18969666591057, 80.92660546348645, 72.98364649850589, 69.52384965969966, 65.19431016995357, 63.41780491058643, 60.701115909677284, 60.93550722942903, 59.4662289667588, 57.627000630818884, 55.74342358249884, 54.847841544563956, 54.14163014476116, 53.24125730028519, 52.59389337438803, 51.182941503135055, 49.52586422264576, 50.37122020446337, 48.162955990662944, 48.03512766911433, 46.71856296979464, 45.9902557020004, 45.38165667034112, 45.30203124513993, 45.10775624100979, 44.48896827308031, 43.20758665387447, 42.99471974281164, 41.98452003506514, 42.107422919227524, 41.012104531664114, 40.296216243734726, 40.470769263001586, 40.65372050656722, 39.809489277578315, 39.643720473005224, 39.29371564250726, 38.47597074554517, 37.7430891294892, 37.784915093962965, 36.79843756441887, 37.057186314463614, 36.103720618669804, 35.931203039448995, 37.273630004204236, 35.40067016436503, 36.365753191251024, 35.296353308283365, 34.9084317775873], "eval_acc": [0.6738026124818578, 0.7759433962264151, 0.7926342525399129, 0.8303701015965167, 0.8267416545718432, 0.8303701015965167, 0.8153120464441219, 0.8398040638606676, 0.8437953555878084, 0.8470609579100146, 0.8448838896952104, 0.8557692307692307, 0.8466981132075472, 0.839078374455733, 0.8555878084179971, 0.8599419448476052, 0.8621190130624092, 0.8626632801161103, 0.8632075471698113, 0.8604862119013063, 0.8695573294629898, 0.8733671988388969, 0.8708272859216255, 0.8681059506531205, 0.8691944847605225, 0.8720972423802612, 0.8751814223512336, 0.8797169811320755, 0.8704644412191582, 0.8769956458635704, 0.8768142235123367, 0.8762699564586357, 0.8786284470246735, 0.8769956458635704, 0.8779027576197388, 0.8791727140783745, 0.8846153846153846, 0.8804426705370102, 0.8842525399129173, 0.8775399129172714, 0.8837082728592163, 0.8844339622641509, 0.8824383164005806, 0.8857039187227866, 0.8842525399129173, 0.8911465892597968, 0.8916908563134979, 0.897133526850508, 0.8809869375907112, 0.8878809869375908], "eval_auc": [0.7711267211592073, 0.845880704914137, 0.882014235995226, 0.8972980836767916, 0.9009535207197386, 0.9019764901353229, 0.9031585661839487, 0.9103816255207829, 0.9134740344162722, 0.9094965660746742, 0.916602912105599, 0.917532734692158, 0.9184881644281805, 0.9161063703873393, 0.9234613493322064, 0.922834797022198, 0.9285380819125975, 0.9277676292716707, 0.929589291603554, 0.9262051981855131, 0.930458486466062, 0.9331837717817113, 0.9316707776344919, 0.932168570087558, 0.9338665413298735, 0.9294705376250652, 0.9371527482922533, 0.9408832294236023, 0.9381133126237979, 0.939040107115562, 0.9384188210573712, 0.9405798933189037, 0.9401323277425487, 0.9409280583922002, 0.9407463068763424, 0.9436420212664414, 0.9432369806735141, 0.9428780197839916, 0.9445787558085113, 0.944291876740743, 0.9428894738816949, 0.9458086889205303, 0.9430616144879853, 0.9460931981749804, 0.9471106380261561, 0.9477007873704749, 0.9497305983054518, 0.9516030141392278, 0.9486159302800922, 0.9474229267589445], "eval_aupr": [0.7639683403672046, 0.82349601643988, 0.8592325575753258, 0.8656833357560363, 0.866126867200807, 0.8709003675338134, 0.8759870558366222, 0.8808371271548908, 0.8900616367335287, 0.8789997932093957, 0.8915763192665227, 0.8896610078365783, 0.894255795033742, 0.8881824435966035, 0.9007117965608102, 0.8965626419077714, 0.9083249525377676, 0.9024768087827618, 0.9046538730485036, 0.901374265084959, 0.9074853595433056, 0.9058536884824469, 0.9020396202580335, 0.907423404919908, 0.9083749577969469, 0.903916555768979, 0.9162923788402348, 0.9214757746414934, 0.9171671832596792, 0.9214671254486617, 0.9190841068434691, 0.922795996106306, 0.921388974632243, 0.9223918396016895, 0.9213076630479402, 0.9282081741521435, 0.9265735722973796, 0.928182951608076, 0.9289156974229309, 0.9261965600970685, 0.9239524586610443, 0.9303941165204861, 0.9258327521314726, 0.9307030003393114, 0.9314443563936139, 0.9330026674712484, 0.9368554352719164, 0.9380811006644504, 0.9354965196837295, 0.9341797158862694],