{"train_acc": [0.7020564323290291, 0.7831330703012912, 0.7926231468197035, 0.7991989478718317, 0.8045642037302726, 0.8091149569583931, 0.8124551649928264, 0.8144876853180296, 0.8165874581539933, 0.819172943567671, 0.8184481109516978, 0.8198604136776662, 0.8199874461979914, 0.8214221664275466, 0.8214894189383071, 0.8232678742228599, 0.8236340267814443, 0.8253452295552367, 0.8246652319464371, 0.8254124820659972, 0.8254722620755619, 0.8276841224294595, 0.8261522596843616, 0.828423900047824, 0.8295373027259685, 0.8294027977044476, 0.8295373027259685, 0.8304190578670493, 0.8299408177905309, 0.8307627929220469, 0.8308748804399809, 0.8307179579148732, 0.8334379483500718, 0.8319733381157342, 0.8334005858440937, 0.8316296030607365, 0.8326832257293161, 0.8321003706360593, 0.8331166307986609, 0.8337742109038737, 0.8336397058823529, 0.834611131037781, 0.8345289335246293, 0.834461681013869, 0.8345662960306074, 0.8337592659014825, 0.8353807986609277, 0.8342972859875658, 0.8357245337159254, 0.8360607962697274], "train_auc": [0.7804684574744495, 0.8567188864285384, 0.8689255211151157, 0.8761789561419, 0.8818856831483526, 0.8876761603070071, 0.8920532946959994, 0.8950411074941489, 0.8971029823350858, 0.8987437349635121, 0.9001865573266419, 0.9008105361920213, 0.901004469218627, 0.90287358184989, 0.9031522562697394, 0.9039658730816793, 0.9048710918005741, 0.9059654463682687, 0.9057975063932947, 0.9062166858805721, 0.9071221769785681, 0.9077651251107546, 0.9082910248293812, 0.9088097953405213, 0.909632018282298, 0.9104870025445886, 0.9097200451995908, 0.9111360589372572, 0.9107986036779201, 0.9115967063837789, 0.9116283057098086, 0.9122765791381975, 0.9129278185840312, 0.9121095746776682, 0.9135047733585384, 0.9131776392457893, 0.9131751212746562, 0.913194019626855, 0.9139136174046296, 0.9143908732757284, 0.9141399089344397, 0.9148301310896132, 0.9146077053551968, 0.9147706054792253, 0.9148527849007759, 0.9154009916748832, 0.9152779113876001, 0.9158956563563804, 0.9158334218079619, 0.9158630528348289], "train_aupr": [0.7954330722143983, 0.8756731678880906, 0.8864558280168733, 0.8933411306042929, 0.8978665282070873, 0.9024342580586816, 0.9058686168047252, 0.9081918956706575, 0.9101107386603754, 0.9113403959723816, 0.9123085775339947, 0.9132130224160987, 0.913612751710132, 0.9146069017055355, 0.9153256478888266, 0.9154735997630943, 0.9166935041033096, 0.9176057623372321, 0.9175213271020468, 0.9177703791584959, 0.9184671785240001, 0.9188124997684126, 0.9191713399173673, 0.9198291657733231, 0.9204442697397043, 0.9211817151158475, 0.9203851504612617, 0.9219388071208658, 0.9214899114800899, 0.9220947243078673, 0.9221347600830084, 0.9226655867858469, 0.9237654321390576, 0.9225426790777608, 0.9239544523111389, 0.9235659111857701, 0.9233330706268452, 0.9235246762940048, 0.9242202321775184, 0.9249017817377375, 0.9244453725604278, 0.9250393709729972, 0.9250986799436635, 0.9248920308288354, 0.9250393391930449, 0.9252512462594327, 0.925177889364859, 0.9259162519657862, 0.9261938468558266, 0.9263149515931294], "train_loss": [87.97804175644941, 69.1479870447921, 65.45575844124672, 63.15375948043444, 61.591678004875696, 59.78532332352881, 58.551392870696965, 57.64269057104282, 56.75700478161726, 56.39825018049426, 55.77742353953549, 55.50779857781376, 55.49712305087204, 54.75655773264956, 54.537213950950374, 54.44436078044242, 53.99291856886096, 53.72421867122614, 53.69322243612081, 53.39861418321073, 53.01461911611758, 53.115231021640405, 52.81625895016964, 52.560641875914364, 52.32958101998324, 52.103243382893375, 52.34385688810914, 51.83600709087306, 51.8443888669716, 51.567806150899564, 51.51053706546587, 51.3066142722252, 50.96714681877005, 51.269058883987924, 50.80790671609328, 50.79190698590835, 50.93673889495675, 50.856225416719575, 50.57637870562464, 50.47540229228441, 50.31816681849113, 50.313290209432864, 50.32159268103867, 50.17017876896758, 50.18443741989865, 50.04301810401348, 50.078546990855926, 49.878337043193284, 49.732120318804824, 49.86789268836465], "eval_acc": [0.7934675394548063, 0.8064472740315638, 0.8086890243902439, 0.8118723098995696, 0.8197856886657102, 0.8219601865136298, 0.8235069942611191, 0.8267126972740315, 0.8224085365853658, 0.8307254304160688, 0.8282146700143472, 0.8279232424677188, 0.831599713055954, 0.8323619081779053, 0.829021700143472, 0.8292907101865137, 0.8333931133428981, 0.8334827833572453, 0.8341553084648493, 0.8322722381635581, 0.8327430057388809, 0.8361953012912482, 0.8387508967001435, 0.838795731707317, 0.838795731707317, 0.8376300215208035, 0.836105631276901, 0.8376972740315638, 0.8391544117647058, 0.8420014347202296, 0.8399614418938307, 0.8430774748923959, 0.8394234218077475, 0.8390647417503587, 0.8411271520803444, 0.842292862266858, 0.8417100071736011, 0.8432343974175036, 0.8394682568149211, 0.8398269368723099, 0.8450502152080345, 0.8409926470588235, 0.8399166068866571, 0.8440414275466284, 0.841396162123386, 0.8420014347202296, 0.8438845050215208, 0.8433689024390244, 0.8435034074605452, 0.8456779053084649], "eval_auc": [0.870707804895095, 0.8816513700037591, 0.8856807514389015, 0.8909177592894661, 0.8987702829359121, 0.9024575793370568, 0.9049653948282016, 0.9089370077717658, 0.9048192016274659, 0.9114096391196823, 0.908556431851947, 0.9091649539013146, 0.912295466211065, 0.9130995665059467, 0.9110581404227278, 0.9092613831387437, 0.916083799177313, 0.9155539363930192, 0.915508819960944, 0.9141500784242753, 0.9130828599176837, 0.9171230621402907, 0.91881605906816, 0.9208999722708024, 0.9187148355565151, 0.9181148708343325, 0.919027371980938, 0.9182312400311259, 0.9210506371122062, 0.9227611155519067, 0.9216801142607615, 0.9210382403452926, 0.9186718147348676, 0.9211811338390576, 0.9213635936638036, 0.923347611077283, 0.9220554657283007, 0.9222516691391318, 0.9202604743855738, 0.9212446494291611, 0.923071250818866, 0.9212759780512378, 0.922810318675588, 0.9244951864441582, 0.9237257667429484, 0.922937878532574, 0.9242973758961212, 0.9235863186940496, 0.9243160745706518, 0.9241706683545512], "eval_aupr": [0.8893508567860836, 0.8996834439761082, 0.9031556079376999, 0.9054366255928861, 0.9138735149326312, 0.9159607721029507, 0.9175094363864618, 0.9216749096538132, 0.9179902432980483, 0.9236470496180926, 0.9212257117082322, 0.9213980060786358, 0.9242376870092992, 0.9248543301336362, 0.9228399856865637, 0.9212220817464093, 0.927825000202953, 0.9264595843678529, 0.9268499740255134, 0.925295753629797, 0.9247901463823591, 0.9281016533995836, 0.929487291210831, 0.9312220572803189, 0.929519528792401, 0.9291769062044286, 0.9287231583847583, 0.9294168618355179, 0.9310677397603782, 0.9328346874818656, 0.9316571435470065, 0.9316863356208344, 0.9293675585675276, 0.9313346975398615, 0.9312806584967379, 0.9331133083031173, 0.9321396089342904, 0.9323303034959997, 0.9309337918087882, 0.9311909105667915, 0.9333974925980555, 0.9319360914556836, 0.9325088657731057, 0.9344294725312492, 0.9335063653998167, 0.9327027283794112, 0.9340950572226593, 0.9332594331001665, 0.9342880309420512, 0.9341393348131011],