{"train_acc": [0.55687246779948, 0.7126443732236802, 0.7769849428554151, 0.8029267702727217, 0.8168349761141682, 0.8187700308399347, 0.8294733022918305, 0.8349156437080486, 0.8378182257966983, 0.8418092761685917, 0.8456793856201246, 0.8462840902219266, 0.8542661909657132, 0.8543266614258934, 0.8551732478684163, 0.8621273507891395, 0.8676301626655378, 0.8702303924532866, 0.8696861583116647, 0.8765797907722078, 0.8825663663300478, 0.8837153050734716, 0.8846223619761746, 0.8884320009675274, 0.8913950535163573, 0.8903065852331137, 0.8928463445606821, 0.8916369353570781, 0.8945395174457278, 0.8935719900828445, 0.9012517385257302, 0.8988329201185221, 0.902098324968253, 0.9021587954284332, 0.9037914978532987, 0.9062103162605067, 0.906875491322489, 0.907782548225192, 0.9094757211102377, 0.9124992441192478, 0.9112293644554635, 0.9106851303138417, 0.9124387736590676, 0.917336880933664, 0.914373828384834, 0.9172159400133035, 0.9178206446151055, 0.9164298240309608, 0.9168531172522223, 0.9145552397653746], "train_auc": [0.5919783106385319, 0.7816451771060413, 0.8497125705446167, 0.8747873422801985, 0.8879264563228922, 0.8931582838072971, 0.8997202715068202, 0.9048117703466295, 0.9064870331300806, 0.9118573755471853, 0.91273074364528, 0.9170909655500052, 0.9206223796251115, 0.9224784431565141, 0.9249592573025306, 0.9302885718013435, 0.932460484483402, 0.9361438920034026, 0.9394667365238281, 0.9422250924700533, 0.944359078096094, 0.9475938990827298, 0.9465709216932816, 0.9504132557181656, 0.9524595981048467, 0.9522335715731668, 0.9526884037112056, 0.9533235466024496, 0.9562937777395533, 0.9556286208417729, 0.9580937185891427, 0.9599159066628753, 0.9612190659734775, 0.9619190636917111, 0.9617308179489611, 0.9630714289475438, 0.9651211135371945, 0.9637774016763379, 0.9657527094515451, 0.9663406519533676, 0.9665240489421378, 0.9668337329350187, 0.9675864965053868, 0.9705179522373599, 0.9689982737558228, 0.9717575438713505, 0.9713461530585619, 0.9702492888494163, 0.9709384774298181, 0.9715057450786975], "train_aupr": [0.5922264662199626, 0.7636100026881963, 0.8265362182238407, 0.8495384733777945, 0.860451888975398, 0.8680644316397189, 0.8737803573711553, 0.8772563423152343, 0.8802509295785137, 0.8869193227501329, 0.8863751110060657, 0.8925372718615778, 0.8974560565384847, 0.8975256110575094, 0.9036313713243455, 0.9108714480522266, 0.9136688685592832, 0.9189236876837991, 0.9241694551289075, 0.9272139479681127, 0.9294909014259458, 0.9319102640108242, 0.9312845686664325, 0.93782560220629, 0.941475440539196, 0.9404020044193608, 0.9388319886710702, 0.9396795888658579, 0.945440008300613, 0.9437825797706575, 0.9459034438692441, 0.9505841386809749, 0.9532627731031129, 0.9532850118041012, 0.9530552796239442, 0.9538290269214776, 0.9562553884839978, 0.954703195777479, 0.9575413602420528, 0.9584946314217614, 0.9586614372634205, 0.9591737223359809, 0.9591433525350438, 0.9651139901246312, 0.9610719168942056, 0.966444023079756, 0.9650176337032452, 0.963762001099016, 0.9647096825122377, 0.9663883858961466], "train_loss": [120.07696766990881, 93.75439584622016, 80.19768663277993, 72.30176640748978, 66.55352252194514, 65.13229401340851, 61.81398007227824, 60.29337590428499, 59.36088318824768, 57.91916703421336, 56.756952617718625, 55.924013000268204, 53.80099826340492, 53.134075682896835, 52.60355662657664, 50.64010951060515, 50.54236403268117, 49.10872298295681, 47.758894677345566, 46.46573687700125, 45.80462294129225, 44.74090784558883, 44.49580376423322, 43.42253723488404, 42.5416545104522, 42.54092211127281, 42.027625732926225, 42.35107730283187, 40.292754349800255, 40.33095996769575, 39.4608475125753, 39.5936311397415, 38.39535399239797, 38.00529583279903, 38.427012774577506, 37.32285164021528, 36.68018918358363, 37.07726682355771, 36.25116619742834, 35.65858322794621, 35.27927789917359, 35.60495229019568, 35.27566288274068, 33.93376725121186, 34.166287931112144, 33.16685798076483, 32.866501126610316, 34.99947708203242, 34.56469582857994, 34.149380905811604], "eval_acc": [0.6732583454281568, 0.7799346879535559, 0.8040638606676342, 0.8154934687953556, 0.8254716981132075, 0.8309143686502177, 0.8252902757619739, 0.8111393323657474, 0.8320029027576198, 0.8223875181422351, 0.82855587808418, 0.8339985486211902, 0.8506894049346879, 0.8356313497822931, 0.8508708272859217, 0.8515965166908563, 0.8472423802612482, 0.8583091436865021, 0.8588534107402032, 0.8550435413642961, 0.8579462989840348, 0.8706458635703919, 0.8702830188679245, 0.8695573294629898, 0.8695573294629898, 0.8606676342525399, 0.8702830188679245, 0.8697387518142236, 0.8646589259796807, 0.8708272859216255, 0.8757256894049347, 0.8715529753265603, 0.877721335268505, 0.8746371552975326, 0.8784470246734397, 0.8751814223512336, 0.8831640058055152, 0.8751814223512336, 0.8760885341074021, 0.8775399129172714, 0.8713715529753265, 0.875544267053701, 0.8793541364296081, 0.8715529753265603, 0.8840711175616836, 0.8779027576197388, 0.8813497822931785, 0.8706458635703919, 0.8846153846153846, 0.8775399129172714], "eval_auc": [0.7375836215290779, 0.8596482774346813, 0.8819018865301337, 0.8900954534850226, 0.8924008219569083, 0.900435808841303, 0.9010084481245026, 0.899045254499619, 0.9042924182269261, 0.903532695274011, 0.9053605461737243, 0.9055339375833057, 0.9116782076620835, 0.9111665910959232, 0.9190626147055927, 0.9217428087986463, 0.9158335453000528, 0.9279659410295422, 0.9285334457151917, 0.9275954600678399, 0.9272856726823084, 0.933542113969107, 0.9331385214360232, 0.9363896432797598, 0.9339754608367129, 0.9332628708561823, 0.9345007038348334, 0.9372195390658613, 0.9337288026697802, 0.9403704704291944, 0.9402605373790802, 0.9366736918493663, 0.9381951126004077, 0.9422301821649886, 0.9406886179927885, 0.9417518088265575, 0.9411582361841146, 0.9398194227869752, 0.943130250784277, 0.9437002569405277, 0.940257772595784, 0.9415197645141906, 0.9445700445999043, 0.9396801961995551, 0.940174697440548, 0.9443522850012349, 0.9428421866960734, 0.9387887510710244, 0.9456697700700885, 0.943511132597427], "eval_aupr": [0.7239388035728016, 0.836755082224753, 0.8575375113035213, 0.8593431847756456, 0.8600869577843637, 0.8710943785085585, 0.8716939681169835, 0.8691551098594714, 0.8772355115615811, 0.8759296513542316, 0.8785718295090587, 0.8768818654567803, 0.8810140671193228, 0.887131579253739, 0.8963868170914179, 0.8984458067407253, 0.887032331961817, 0.9052742454942554, 0.9097714173155884, 0.9053471895436913, 0.9075119454776269, 0.9137498940322935, 0.9114595769753356, 0.9207279690909452, 0.9143067046963479, 0.9182947339506714, 0.9161675414899316, 0.9200970260260841, 0.9152118144527689, 0.92618425738539, 0.924600127467283, 0.9186267156480558, 0.9209224548779631, 0.9281235381048822, 0.9248554258241607, 0.9259260174075418, 0.9250082168237681, 0.9245844050467255, 0.930480275380209, 0.9298253402713849, 0.9265276631083963, 0.9285555570949513, 0.9326549596901551, 0.9247291461007, 0.924336797282058, 0.9321807354958394, 0.9289152390871401, 0.9259285395386744, 0.9316122495485216, 0.9309486439784849],