{"model_name": "tiger", "dataset": "drugbank", "folds": 5, "layer": 2, "lr": 0.001, "weight_decay": 0.0001, "batch_size": 128, "model_episodes": 50, "extractor": "khop-subtree", "graph_fixed_num": 1, "khop": 2, "fixed_num": 32, "d_dim": 64, "num_heads": 4, "max_smiles_degree": 300, "max_graph_degree": 600, "dropout": 0.2, "sub_coeff": 0.1, "mi_coeff": 0.1, "s_type": "random", "device": 0, "acc": [0.7852746395357176, 0.006077398075297214], "auc": [0.8571611629609667, 0.004549374676879659], "aupr": [0.8283471706936145, 0.004178675393325304], "f1": [0.8022970655150041, 0.006922041788770795]}