{"model_name": "tiger", "dataset": "drugbank", "folds": 5, "layer": 2, "lr": 0.001, "weight_decay": 0.0001, "batch_size": 128, "model_episodes": 50, "extractor": "probability", "graph_fixed_num": 1, "khop": 2, "fixed_num": 32, "d_dim": 64, "num_heads": 4, "max_smiles_degree": 300, "max_graph_degree": 600, "dropout": 0.2, "sub_coeff": 0.1, "mi_coeff": 0.1, "s_type": "random", "device": 0, "acc": [0.7910412942957539, 0.00881053447566951], "auc": [0.8636330573830782, 0.00912944127884814], "aupr": [0.839689337474228, 0.010360105390075825], "f1": [0.8027091443853825, 0.008594046483107017]}