{"model_name": "tiger", "dataset": "kegg", "folds": 5, "layer": 2, "lr": 0.001, "weight_decay": 0.0001, "batch_size": 128, "model_episodes": 50, "extractor": "khop-subtree", "graph_fixed_num": 1, "khop": 2, "fixed_num": 32, "d_dim": 64, "num_heads": 4, "max_smiles_degree": 300, "max_graph_degree": 600, "dropout": 0.2, "sub_coeff": 0.1, "mi_coeff": 0.1, "s_type": "random", "device": 0, "acc": [0.8869053078657994, 0.0029327712912362814], "auc": [0.9480895885130384, 0.0033529911379134194], "aupr": [0.9328491255634033, 0.0056030025713102736], "f1": [0.8907244139367456, 0.003257686810619938]}