{"model_name": "tiger", "dataset": "ogbl-biokg", "folds": 5, "layer": 2, "lr": 0.001, "weight_decay": 0.0001, "batch_size": 128, "model_episodes": 50, "extractor": "khop-subtree", "graph_fixed_num": 1, "khop": 2, "fixed_num": 32, "d_dim": 64, "num_heads": 4, "max_smiles_degree": 300, "max_graph_degree": 600, "dropout": 0.2, "sub_coeff": 0.1, "mi_coeff": 0.1, "s_type": "random", "device": 0, "acc": [0.8418400286944046, 0.0014379670936442556], "auc": [0.922525820614107, 0.0011237943303255764], "aupr": [0.9324051826644277, 0.001129958411207766], "f1": [0.8345934562417824, 0.0015812104711929386]}